ID,SKU,NOMBRE,DESCRIPCION,UNIDAD,CATEGORIA
6140,"ACER-0011","Angulo 1.5x1.5 pulgada cal 14 6m","Estructural","TRAMO","Acero estructural"
6139,"ACER-0010","Angulo 1x1 pulgada cal 14 6m","Estructural","TRAMO","Acero estructural"
6142,"ACER-0013","Angulo 2x2 pulgada 3/16 6m","Estructural","TRAMO","Acero estructural"
6141,"ACER-0012","Angulo 2x2 pulgada cal 14 6m","Estructural","TRAMO","Acero estructural"
6143,"ACER-0014","Angulo 3x3 pulgada 1/4 6m","Estructural","TRAMO","Acero estructural"
6155,"ACER-0026","Canal CPS 4 pulgadas 6m","Monten","TRAMO","Acero estructural"
6156,"ACER-0027","Canal CPS 6 pulgadas 6m","Monten","TRAMO","Acero estructural"
6151,"ACER-0022","Cuadrado 1/2 pulgada 6m","Macizo","TRAMO","Acero estructural"
6150,"ACER-0021","Cuadrado 3/8 pulgada 6m","Macizo","TRAMO","Acero estructural"
6163,"ACER-0034","Lamina galvanizada acanalada cal 24 1x2m","Techo","PIEZA","Acero estructural"
6162,"ACER-0033","Lamina galvanizada acanalada cal 26 1x2m","Techo","PIEZA","Acero estructural"
6161,"ACER-0032","Lamina galvanizada cal 22 1x2m","Lisa","PIEZA","Acero estructural"
6160,"ACER-0031","Lamina galvanizada cal 24 1x2m","Lisa","PIEZA","Acero estructural"
6159,"ACER-0030","Lamina negra cal 10 1.22x2.44","Lisa","PIEZA","Acero estructural"
6158,"ACER-0029","Lamina negra cal 12 1.22x2.44","Lisa","PIEZA","Acero estructural"
6157,"ACER-0028","Lamina negra cal 14 1.22x2.44","Lisa","PIEZA","Acero estructural"
6164,"ACER-0035","Lamina pintro acanalada cal 26 1x2m","Techo","PIEZA","Acero estructural"
6165,"ACER-0036","Lamina pintro R101 cal 26 1x6m","Techo","PIEZA","Acero estructural"
6166,"ACER-0037","Lamina translucida 1x2m","Fibra vidrio","PIEZA","Acero estructural"
6167,"ACER-0038","Malla electrosoldada 6x6-10/10 2.5x6m","Refuerzo","PIEZA","Acero estructural"
6169,"ACER-0040","Malla electrosoldada 6x6-6/6 2.5x6m","Refuerzo","PIEZA","Acero estructural"
6168,"ACER-0039","Malla electrosoldada 6x6-8/8 2.5x6m","Refuerzo","PIEZA","Acero estructural"
6131,"ACER-0002","PTR 2x2 pulgadas cal 12 6m","Perfil tubular","TRAMO","Acero estructural"
6130,"ACER-0001","PTR 2x2 pulgadas cal 14 6m","Perfil tubular","TRAMO","Acero estructural"
6133,"ACER-0004","PTR 3x3 pulgadas cal 12 6m","Perfil tubular","TRAMO","Acero estructural"
6132,"ACER-0003","PTR 3x3 pulgadas cal 14 6m","Perfil tubular","TRAMO","Acero estructural"
6135,"ACER-0006","PTR 4x4 pulgadas cal 12 6m","Perfil tubular","TRAMO","Acero estructural"
6134,"ACER-0005","PTR 4x4 pulgadas cal 14 6m","Perfil tubular","TRAMO","Acero estructural"
6148,"ACER-0019","Redondo liso 1/2 pulgada 6m","Barra","TRAMO","Acero estructural"
6147,"ACER-0018","Redondo liso 3/8 pulgada 6m","Barra","TRAMO","Acero estructural"
6149,"ACER-0020","Redondo liso 5/8 pulgada 6m","Barra","TRAMO","Acero estructural"
6145,"ACER-0016","Solera 1.5x3/16 pulgada 6m","Plana","TRAMO","Acero estructural"
6144,"ACER-0015","Solera 1x1/8 pulgada 6m","Plana","TRAMO","Acero estructural"
6146,"ACER-0017","Solera 2x1/4 pulgada 6m","Plana","TRAMO","Acero estructural"
6136,"ACER-0007","Tubo redondo 2 pulgadas cal 14 6m","Cedula 30","TRAMO","Acero estructural"
6137,"ACER-0008","Tubo redondo 3 pulgadas cal 14 6m","Cedula 30","TRAMO","Acero estructural"
6138,"ACER-0009","Tubo redondo 4 pulgadas cal 14 6m","Cedula 30","TRAMO","Acero estructural"
6152,"ACER-0023","Viga IPR 4 pulgadas 6m","Estructural","TRAMO","Acero estructural"
6153,"ACER-0024","Viga IPR 6 pulgadas 6m","Estructural","TRAMO","Acero estructural"
6154,"ACER-0025","Viga IPR 8 pulgadas 6m","Estructural","TRAMO","Acero estructural"
4717,"ACER-2130","Acero Estructural (columnas","Acero Estructural (columnas","PIEZA","Acero y productos metalicos"
2908,"ACER-0321","Alambre de puas rollo 350m","Cercas seguridad","ROLLO","Acero y productos metalicos"
2904,"ACER-0317","Alambre galvanizado cal 10 kg","Galvanizado cal 10","KILOGRAMO","Acero y productos metalicos"
2905,"ACER-0318","Alambre galvanizado cal 12 kg","Galvanizado cal 12","KILOGRAMO","Acero y productos metalicos"
2906,"ACER-0319","Alambre galvanizado cal 14 kg","Galvanizado cal 14","KILOGRAMO","Acero y productos metalicos"
2907,"ACER-0320","Alambre galvanizado cal 16 kg","Galvanizado cal 16","KILOGRAMO","Acero y productos metalicos"
2902,"ACER-0315","Alambre recocido cal 18 kg","Amarres armados","KILOGRAMO","Acero y productos metalicos"
2903,"ACER-0316","Alambre recocido cal 18 rollo 20kg","Rollo grande","ROLLO_20KG","Acero y productos metalicos"
2962,"ACER-0375","Ancla expansion 1/2x4","Cuña 1/2in","PIEZA","Acero y productos metalicos"
2965,"ACER-0378","Ancla expansion 1x8","Cuña 1in","PIEZA","Acero y productos metalicos"
2964,"ACER-0377","Ancla expansion 3/4x6","Cuña 3/4in","PIEZA","Acero y productos metalicos"
2961,"ACER-0374","Ancla expansion 3/8x3","Cuña 3/8in","PIEZA","Acero y productos metalicos"
2963,"ACER-0376","Ancla expansion 5/8x5","Cuña 5/8in","PIEZA","Acero y productos metalicos"
2945,"ACER-0358","Angulo 1 1/2x3/16","Angulo 1 1/2in","PIEZA","Acero y productos metalicos"
2944,"ACER-0357","Angulo 1x1/8","Angulo 1in","PIEZA","Acero y productos metalicos"
2947,"ACER-0360","Angulo 2 1/2x1/4","Angulo 2 1/2in","PIEZA","Acero y productos metalicos"
2946,"ACER-0359","Angulo 2x3/16","Angulo 2in","PIEZA","Acero y productos metalicos"
2948,"ACER-0361","Angulo 3x1/4","Angulo 3in","PIEZA","Acero y productos metalicos"
2949,"ACER-0362","Angulo 4x3/8","Angulo 4in","PIEZA","Acero y productos metalicos"
4713,"ACER-2126","ANGULO LI 2 1/2"" X 1/2""","ANGULO LI 2 1/2"" X 1/2""","PIEZA","Acero y productos metalicos"
4714,"ACER-2127","ANGULO LI 2 1/2"" X 3/8""","ANGULO LI 2 1/2"" X 3/8""","PIEZA","Acero y productos metalicos"
4716,"ACER-2129","ANGULO LI 2 1/2"" X 5/16""","ANGULO LI 2 1/2"" X 5/16""","PIEZA","Acero y productos metalicos"
4712,"ACER-2125","ANGULO LI 2 1/2"" X 5/8""","ANGULO LI 2 1/2"" X 5/8""","PIEZA","Acero y productos metalicos"
4715,"ACER-2128","ANGULO LI 2"" X 1/4""","ANGULO LI 2"" X 1/4""","PIEZA","Acero y productos metalicos"
4707,"ACER-2120","ARANDELA ESTRUCTURAL 1 1/2""","ARANDELA ESTRUCTURAL 1 1/2""","PIEZA","Acero y productos metalicos"
4709,"ACER-2122","ARANDELA ESTRUCTURAL 3/4""","ARANDELA ESTRUCTURAL 3/4""","PIEZA","Acero y productos metalicos"
2919,"ACER-0332","Canal CPS 10 pulgadas","Canal estructural 10in","PIEZA","Acero y productos metalicos"
2920,"ACER-0333","Canal CPS 12 pulgadas","Canal estructural 12in","PIEZA","Acero y productos metalicos"
2916,"ACER-0329","Canal CPS 4 pulgadas","Canal estructural 4in","PIEZA","Acero y productos metalicos"
2917,"ACER-0330","Canal CPS 6 pulgadas","Canal estructural 6in","PIEZA","Acero y productos metalicos"
2918,"ACER-0331","Canal CPS 8 pulgadas","Canal estructural 8in","PIEZA","Acero y productos metalicos"
4723,"ACER-2136","Cimbra de dados y armado de muros y parrilla en fosa de elevador","Cimbra de dados y armado de muros y parrilla en fosa de elev...","PIEZA","Acero y productos metalicos"
4688,"ACER-2101","Construccion caja de valvulas","Construccion caja de valvulas","PIEZA","Acero y productos metalicos"
4719,"ACER-2132","Diafragmas","diafragmas","DIA","Acero y productos metalicos"
4685,"ACER-2098","H prefabricada de 1.50m de largo para tapa","H prefabricada de 1.50m de largo para tapa","PIEZA","Acero y productos metalicos"
4690,"ACER-2103","HSS 16"" X 16"" X 1/2""","HSS 16"" X 16"" X 1/2""","PIEZA","Acero y productos metalicos"
4693,"ACER-2106","HSS 16"" X 16"" X 3/8""","HSS 16"" X 16"" X 3/8""","PIEZA","Acero y productos metalicos"
4692,"ACER-2105","HSS 8"" X 8"" X 3/16""","HSS 8"" X 8"" X 3/16""","PIEZA","Acero y productos metalicos"
4700,"ACER-2113","IPR 10"" X 5 3/4"" X 30 LB","IPR 10"" X 5 3/4"" X 30 LB","PIEZA","Acero y productos metalicos"
4702,"ACER-2115","IPR 12"" X 10"" X 58 LB","IPR 12"" X 10"" X 58 LB","PIEZA","Acero y productos metalicos"
4701,"ACER-2114","IPR 12"" X 8"" X 50 LB","IPR 12"" X 8"" X 50 LB","PIEZA","Acero y productos metalicos"
4698,"ACER-2111","IPR 16"" X 10 1/4"" X 67 LB","IPR 16"" X 10 1/4"" X 67 LB","PIEZA","Acero y productos metalicos"
4695,"ACER-2108","IPR 16"" X 7"" X 36 LB","IPR 16"" X 7"" X 36 LB","PIEZA","Acero y productos metalicos"
4697,"ACER-2110","IPR 18"" X 11"" X 106 LB","IPR 18"" X 11"" X 106 LB","PIEZA","Acero y productos metalicos"
4696,"ACER-2109","IPR 18"" X 7 1/2"" X 55 LB","IPR 18"" X 7 1/2"" X 55 LB","PIEZA","Acero y productos metalicos"
4699,"ACER-2112","IPR 18"" X 7 1/2"" X 71 LB","IPR 18"" X 7 1/2"" X 71 LB","PIEZA","Acero y productos metalicos"
2898,"ACER-0311","Malla 6x6-10/10 panel","Malla calibre 10/10","PIEZA","Acero y productos metalicos"
2901,"ACER-0314","Malla 6x6-4/4 panel","Malla calibre 4/4","PIEZA","Acero y productos metalicos"
2900,"ACER-0313","Malla 6x6-6/6 panel","Malla calibre 6/6","PIEZA","Acero y productos metalicos"
2899,"ACER-0312","Malla 6x6-8/8 panel","Malla calibre 8/8","PIEZA","Acero y productos metalicos"
4686,"ACER-2099","Marco y contramarco para caja de valvulas","Marco y contramarco para caja de valvulas","PIEZA","Acero y productos metalicos"
4724,"ACER-2137","MATERIALES REQUERIDOS PARA COLAR VARILLAS DE AMARRE","MATERIALES REQUERIDOS PARA COLAR VARILLAS DE AMARRE","METRO_LINEAL","Acero y productos metalicos"
4689,"ACER-2102","OC 14"" X 1/2"" X 72.16 LB/FT","OC 14"" X 1/2"" X 72.16 LB/FT","PIEZA","Acero y productos metalicos"
4691,"ACER-2104","OC 20"" CED. 40 X 145.3 LB/FT","OC 20"" CED. 40 X 145.3 LB/FT","PIEZA","Acero y productos metalicos"
4385,"ACER-1798","Perfil especial -105","Perfil estructural","PIEZA","Acero y productos metalicos"
4375,"ACER-1788","Perfil especial -115","Perfil estructural","PIEZA","Acero y productos metalicos"
4365,"ACER-1778","Perfil especial -125","Perfil estructural","PIEZA","Acero y productos metalicos"
4355,"ACER-1768","Perfil especial -135","Perfil estructural","PIEZA","Acero y productos metalicos"
4345,"ACER-1758","Perfil especial -145","Perfil estructural","PIEZA","Acero y productos metalicos"
4475,"ACER-1888","Perfil especial -15","Perfil estructural","PIEZA","Acero y productos metalicos"
4335,"ACER-1748","Perfil especial -155","Perfil estructural","PIEZA","Acero y productos metalicos"
4325,"ACER-1738","Perfil especial -165","Perfil estructural","PIEZA","Acero y productos metalicos"
4315,"ACER-1728","Perfil especial -175","Perfil estructural","PIEZA","Acero y productos metalicos"
4305,"ACER-1718","Perfil especial -185","Perfil estructural","PIEZA","Acero y productos metalicos"
4295,"ACER-1708","Perfil especial -195","Perfil estructural","PIEZA","Acero y productos metalicos"
4285,"ACER-1698","Perfil especial -205","Perfil estructural","PIEZA","Acero y productos metalicos"
4275,"ACER-1688","Perfil especial -215","Perfil estructural","PIEZA","Acero y productos metalicos"
4265,"ACER-1678","Perfil especial -225","Perfil estructural","PIEZA","Acero y productos metalicos"
4255,"ACER-1668","Perfil especial -235","Perfil estructural","PIEZA","Acero y productos metalicos"
4245,"ACER-1658","Perfil especial -245","Perfil estructural","PIEZA","Acero y productos metalicos"
4465,"ACER-1878","Perfil especial -25","Perfil estructural","PIEZA","Acero y productos metalicos"
4235,"ACER-1648","Perfil especial -255","Perfil estructural","PIEZA","Acero y productos metalicos"
4225,"ACER-1638","Perfil especial -265","Perfil estructural","PIEZA","Acero y productos metalicos"
4215,"ACER-1628","Perfil especial -275","Perfil estructural","PIEZA","Acero y productos metalicos"
4205,"ACER-1618","Perfil especial -285","Perfil estructural","PIEZA","Acero y productos metalicos"
4195,"ACER-1608","Perfil especial -295","Perfil estructural","PIEZA","Acero y productos metalicos"
4185,"ACER-1598","Perfil especial -305","Perfil estructural","PIEZA","Acero y productos metalicos"
4175,"ACER-1588","Perfil especial -315","Perfil estructural","PIEZA","Acero y productos metalicos"
4165,"ACER-1578","Perfil especial -325","Perfil estructural","PIEZA","Acero y productos metalicos"
4155,"ACER-1568","Perfil especial -335","Perfil estructural","PIEZA","Acero y productos metalicos"
4145,"ACER-1558","Perfil especial -345","Perfil estructural","PIEZA","Acero y productos metalicos"
4455,"ACER-1868","Perfil especial -35","Perfil estructural","PIEZA","Acero y productos metalicos"
4135,"ACER-1548","Perfil especial -355","Perfil estructural","PIEZA","Acero y productos metalicos"
4125,"ACER-1538","Perfil especial -365","Perfil estructural","PIEZA","Acero y productos metalicos"
4115,"ACER-1528","Perfil especial -375","Perfil estructural","PIEZA","Acero y productos metalicos"
4105,"ACER-1518","Perfil especial -385","Perfil estructural","PIEZA","Acero y productos metalicos"
4095,"ACER-1508","Perfil especial -395","Perfil estructural","PIEZA","Acero y productos metalicos"
4085,"ACER-1498","Perfil especial -405","Perfil estructural","PIEZA","Acero y productos metalicos"
4075,"ACER-1488","Perfil especial -415","Perfil estructural","PIEZA","Acero y productos metalicos"
4065,"ACER-1478","Perfil especial -425","Perfil estructural","PIEZA","Acero y productos metalicos"
4055,"ACER-1468","Perfil especial -435","Perfil estructural","PIEZA","Acero y productos metalicos"
4045,"ACER-1458","Perfil especial -445","Perfil estructural","PIEZA","Acero y productos metalicos"
4445,"ACER-1858","Perfil especial -45","Perfil estructural","PIEZA","Acero y productos metalicos"
4035,"ACER-1448","Perfil especial -455","Perfil estructural","PIEZA","Acero y productos metalicos"
4025,"ACER-1438","Perfil especial -465","Perfil estructural","PIEZA","Acero y productos metalicos"
4015,"ACER-1428","Perfil especial -475","Perfil estructural","PIEZA","Acero y productos metalicos"
4005,"ACER-1418","Perfil especial -485","Perfil estructural","PIEZA","Acero y productos metalicos"
3995,"ACER-1408","Perfil especial -495","Perfil estructural","PIEZA","Acero y productos metalicos"
4485,"ACER-1898","Perfil especial -5","Perfil estructural","PIEZA","Acero y productos metalicos"
3985,"ACER-1398","Perfil especial -505","Perfil estructural","PIEZA","Acero y productos metalicos"
3975,"ACER-1388","Perfil especial -515","Perfil estructural","PIEZA","Acero y productos metalicos"
3965,"ACER-1378","Perfil especial -525","Perfil estructural","PIEZA","Acero y productos metalicos"
3955,"ACER-1368","Perfil especial -535","Perfil estructural","PIEZA","Acero y productos metalicos"
3945,"ACER-1358","Perfil especial -545","Perfil estructural","PIEZA","Acero y productos metalicos"
4435,"ACER-1848","Perfil especial -55","Perfil estructural","PIEZA","Acero y productos metalicos"
3935,"ACER-1348","Perfil especial -555","Perfil estructural","PIEZA","Acero y productos metalicos"
3925,"ACER-1338","Perfil especial -565","Perfil estructural","PIEZA","Acero y productos metalicos"
3915,"ACER-1328","Perfil especial -575","Perfil estructural","PIEZA","Acero y productos metalicos"
3905,"ACER-1318","Perfil especial -585","Perfil estructural","PIEZA","Acero y productos metalicos"
3895,"ACER-1308","Perfil especial -595","Perfil estructural","PIEZA","Acero y productos metalicos"
3885,"ACER-1298","Perfil especial -605","Perfil estructural","PIEZA","Acero y productos metalicos"
3875,"ACER-1288","Perfil especial -615","Perfil estructural","PIEZA","Acero y productos metalicos"
3865,"ACER-1278","Perfil especial -625","Perfil estructural","PIEZA","Acero y productos metalicos"
3855,"ACER-1268","Perfil especial -635","Perfil estructural","PIEZA","Acero y productos metalicos"
3845,"ACER-1258","Perfil especial -645","Perfil estructural","PIEZA","Acero y productos metalicos"
4425,"ACER-1838","Perfil especial -65","Perfil estructural","PIEZA","Acero y productos metalicos"
3835,"ACER-1248","Perfil especial -655","Perfil estructural","PIEZA","Acero y productos metalicos"
3825,"ACER-1238","Perfil especial -665","Perfil estructural","PIEZA","Acero y productos metalicos"
3815,"ACER-1228","Perfil especial -675","Perfil estructural","PIEZA","Acero y productos metalicos"
3805,"ACER-1218","Perfil especial -685","Perfil estructural","PIEZA","Acero y productos metalicos"
3795,"ACER-1208","Perfil especial -695","Perfil estructural","PIEZA","Acero y productos metalicos"
3785,"ACER-1198","Perfil especial -705","Perfil estructural","PIEZA","Acero y productos metalicos"
3775,"ACER-1188","Perfil especial -715","Perfil estructural","PIEZA","Acero y productos metalicos"
3765,"ACER-1178","Perfil especial -725","Perfil estructural","PIEZA","Acero y productos metalicos"
3755,"ACER-1168","Perfil especial -735","Perfil estructural","PIEZA","Acero y productos metalicos"
3745,"ACER-1158","Perfil especial -745","Perfil estructural","PIEZA","Acero y productos metalicos"
4415,"ACER-1828","Perfil especial -75","Perfil estructural","PIEZA","Acero y productos metalicos"
3735,"ACER-1148","Perfil especial -755","Perfil estructural","PIEZA","Acero y productos metalicos"
3725,"ACER-1138","Perfil especial -765","Perfil estructural","PIEZA","Acero y productos metalicos"
3715,"ACER-1128","Perfil especial -775","Perfil estructural","PIEZA","Acero y productos metalicos"
3705,"ACER-1118","Perfil especial -785","Perfil estructural","PIEZA","Acero y productos metalicos"
3695,"ACER-1108","Perfil especial -795","Perfil estructural","PIEZA","Acero y productos metalicos"
3685,"ACER-1098","Perfil especial -805","Perfil estructural","PIEZA","Acero y productos metalicos"
3675,"ACER-1088","Perfil especial -815","Perfil estructural","PIEZA","Acero y productos metalicos"
3665,"ACER-1078","Perfil especial -825","Perfil estructural","PIEZA","Acero y productos metalicos"
3655,"ACER-1068","Perfil especial -835","Perfil estructural","PIEZA","Acero y productos metalicos"
3645,"ACER-1058","Perfil especial -845","Perfil estructural","PIEZA","Acero y productos metalicos"
4405,"ACER-1818","Perfil especial -85","Perfil estructural","PIEZA","Acero y productos metalicos"
3635,"ACER-1048","Perfil especial -855","Perfil estructural","PIEZA","Acero y productos metalicos"
3625,"ACER-1038","Perfil especial -865","Perfil estructural","PIEZA","Acero y productos metalicos"
3615,"ACER-1028","Perfil especial -875","Perfil estructural","PIEZA","Acero y productos metalicos"
3605,"ACER-1018","Perfil especial -885","Perfil estructural","PIEZA","Acero y productos metalicos"
3595,"ACER-1008","Perfil especial -895","Perfil estructural","PIEZA","Acero y productos metalicos"
3585,"ACER-0998","Perfil especial -905","Perfil estructural","PIEZA","Acero y productos metalicos"
3575,"ACER-0988","Perfil especial -915","Perfil estructural","PIEZA","Acero y productos metalicos"
3565,"ACER-0978","Perfil especial -925","Perfil estructural","PIEZA","Acero y productos metalicos"
3555,"ACER-0968","Perfil especial -935","Perfil estructural","PIEZA","Acero y productos metalicos"
3545,"ACER-0958","Perfil especial -945","Perfil estructural","PIEZA","Acero y productos metalicos"
4395,"ACER-1808","Perfil especial -95","Perfil estructural","PIEZA","Acero y productos metalicos"
4505,"ACER-1918","Perfil especial 15","Perfil estructural","PIEZA","Acero y productos metalicos"
4515,"ACER-1928","Perfil especial 25","Perfil estructural","PIEZA","Acero y productos metalicos"
4525,"ACER-1938","Perfil especial 35","Perfil estructural","PIEZA","Acero y productos metalicos"
4535,"ACER-1948","Perfil especial 45","Perfil estructural","PIEZA","Acero y productos metalicos"
4495,"ACER-1908","Perfil especial 5","Perfil estructural","PIEZA","Acero y productos metalicos"
4545,"ACER-1958","Perfil especial 55","Perfil estructural","PIEZA","Acero y productos metalicos"
4555,"ACER-1968","Perfil especial 65","Perfil estructural","PIEZA","Acero y productos metalicos"
4565,"ACER-1978","Perfil especial 75","Perfil estructural","PIEZA","Acero y productos metalicos"
4575,"ACER-1988","Perfil especial 85","Perfil estructural","PIEZA","Acero y productos metalicos"
4585,"ACER-1998","Perfil especial 95","Perfil estructural","PIEZA","Acero y productos metalicos"
2912,"ACER-0325","Perfil IPR 10x5.75","Viga I 10in","PIEZA","Acero y productos metalicos"
2913,"ACER-0326","Perfil IPR 12x6.5","Viga I 12in","PIEZA","Acero y productos metalicos"
2914,"ACER-0327","Perfil IPR 14x6.75","Viga I 14in","PIEZA","Acero y productos metalicos"
2915,"ACER-0328","Perfil IPR 16x7","Viga I 16in","PIEZA","Acero y productos metalicos"
2909,"ACER-0322","Perfil IPR 4x4","Viga I 4in","PIEZA","Acero y productos metalicos"
2910,"ACER-0323","Perfil IPR 6x4","Viga I 6in","PIEZA","Acero y productos metalicos"
2911,"ACER-0324","Perfil IPR 8x4","Viga I 8in","PIEZA","Acero y productos metalicos"
2966,"ACER-0379","Perno J anclaje 1/2x12","Gancho J 1/2in","PIEZA","Acero y productos metalicos"
2969,"ACER-0382","Perno J anclaje 1x30","Gancho J 1in","PIEZA","Acero y productos metalicos"
2968,"ACER-0381","Perno J anclaje 3/4x24","Gancho J 3/4in","PIEZA","Acero y productos metalicos"
2967,"ACER-0380","Perno J anclaje 5/8x18","Gancho J 5/8in","PIEZA","Acero y productos metalicos"
4710,"ACER-2123","PLACA 1 1/8""","PLACA 1 1/8""","PIEZA","Acero y productos metalicos"
4703,"ACER-2116","PLACA 1""","PLACA 1""","PIEZA","Acero y productos metalicos"
4704,"ACER-2117","PLACA 1/2""","PLACA 1/2""","PIEZA","Acero y productos metalicos"
4705,"ACER-2118","PLACA 3/4""","PLACA 3/4""","PIEZA","Acero y productos metalicos"
4711,"ACER-2124","PLACA 5/8""","PLACA 5/8""","PIEZA","Acero y productos metalicos"
2960,"ACER-0373","Placa A36 1 pulgada","Estructural 1in","KILOGRAMO","Acero y productos metalicos"
2957,"ACER-0370","Placa A36 1/2 pulgada","Estructural 1/2in","KILOGRAMO","Acero y productos metalicos"
2955,"ACER-0368","Placa A36 1/4 pulgada","Estructural 1/4in","KILOGRAMO","Acero y productos metalicos"
2959,"ACER-0372","Placa A36 3/4 pulgada","Estructural 3/4in","KILOGRAMO","Acero y productos metalicos"
2956,"ACER-0369","Placa A36 3/8 pulgada","Estructural 3/8in","KILOGRAMO","Acero y productos metalicos"
2958,"ACER-0371","Placa A36 5/8 pulgada","Estructural 5/8in","KILOGRAMO","Acero y productos metalicos"
4718,"ACER-2131","Placas conexion a momento y cortante","placas conexion a momento y cortante","PIEZA","Acero y productos metalicos"
2926,"ACER-0339","PTR 1 1/2x1 1/2 cal 11","Cuadrado 1 1/2x1 1/2in cal 11","PIEZA","Acero y productos metalicos"
2925,"ACER-0338","PTR 1 1/2x1 1/2 cal 12","Cuadrado 1 1/2x1 1/2in cal 12","PIEZA","Acero y productos metalicos"
2924,"ACER-0337","PTR 1 1/2x1 1/2 cal 14","Cuadrado 1 1/2x1 1/2in cal 14","PIEZA","Acero y productos metalicos"
2923,"ACER-0336","PTR 1x1 cal 11","Cuadrado 1x1in cal 11","PIEZA","Acero y productos metalicos"
2922,"ACER-0335","PTR 1x1 cal 12","Cuadrado 1x1in cal 12","PIEZA","Acero y productos metalicos"
2921,"ACER-0334","PTR 1x1 cal 14","Cuadrado 1x1in cal 14","PIEZA","Acero y productos metalicos"
2932,"ACER-0345","PTR 2 1/2x2 1/2 cal 11","Cuadrado 2 1/2x2 1/2in cal 11","PIEZA","Acero y productos metalicos"
2931,"ACER-0344","PTR 2 1/2x2 1/2 cal 12","Cuadrado 2 1/2x2 1/2in cal 12","PIEZA","Acero y productos metalicos"
2930,"ACER-0343","PTR 2 1/2x2 1/2 cal 14","Cuadrado 2 1/2x2 1/2in cal 14","PIEZA","Acero y productos metalicos"
2929,"ACER-0342","PTR 2x2 cal 11","Cuadrado 2x2in cal 11","PIEZA","Acero y productos metalicos"
2928,"ACER-0341","PTR 2x2 cal 12","Cuadrado 2x2in cal 12","PIEZA","Acero y productos metalicos"
2927,"ACER-0340","PTR 2x2 cal 14","Cuadrado 2x2in cal 14","PIEZA","Acero y productos metalicos"
2935,"ACER-0348","PTR 3x3 cal 11","Cuadrado 3x3in cal 11","PIEZA","Acero y productos metalicos"
2934,"ACER-0347","PTR 3x3 cal 12","Cuadrado 3x3in cal 12","PIEZA","Acero y productos metalicos"
2933,"ACER-0346","PTR 3x3 cal 14","Cuadrado 3x3in cal 14","PIEZA","Acero y productos metalicos"
4694,"ACER-2107","PTR 4"" X 4"" X 1/4""","PTR 4"" X 4"" X 1/4""","PIEZA","Acero y productos metalicos"
2938,"ACER-0351","PTR 4x4 cal 11","Cuadrado 4x4in cal 11","PIEZA","Acero y productos metalicos"
2937,"ACER-0350","PTR 4x4 cal 12","Cuadrado 4x4in cal 12","PIEZA","Acero y productos metalicos"
2936,"ACER-0349","PTR 4x4 cal 14","Cuadrado 4x4in cal 14","PIEZA","Acero y productos metalicos"
2940,"ACER-0353","PTR rectangular 3x2 cal 14","Rectangular 3x2in","PIEZA","Acero y productos metalicos"
2939,"ACER-0352","PTR rectangular 4x2 cal 14","Rectangular 4x2in","PIEZA","Acero y productos metalicos"
2941,"ACER-0354","PTR rectangular 4x3 cal 14","Rectangular 4x3in","PIEZA","Acero y productos metalicos"
2942,"ACER-0355","PTR rectangular 6x2 cal 14","Rectangular 6x2in","PIEZA","Acero y productos metalicos"
2943,"ACER-0356","PTR rectangular 6x4 cal 14","Rectangular 6x4in","PIEZA","Acero y productos metalicos"
4684,"ACER-2097","Pza armex reforzado","pza armex reforzado","PIEZA","Acero y productos metalicos"
4725,"ACER-2138","PZA VARILLA 1/2"" Y 50 KG ALAMBRE Y .48 CLAVO CONCRETO 1 1/2""","PZA VARILLA 1/2"" Y 50 KG ALAMBRE Y .48 CLAVO CONCRETO 1 1/2""","METRO_LINEAL","Acero y productos metalicos"
2977,"ACER-0390","Rondana plana 1/2","Distribucion 1/2","PIEZA","Acero y productos metalicos"
2983,"ACER-0396","Rondana plana 3/4","Distribucion 3/4","PIEZA","Acero y productos metalicos"
2980,"ACER-0393","Rondana plana 5/8","Distribucion 5/8","PIEZA","Acero y productos metalicos"
2978,"ACER-0391","Rondana presion 1/2","Seguridad 1/2","PIEZA","Acero y productos metalicos"
2984,"ACER-0397","Rondana presion 3/4","Seguridad 3/4","PIEZA","Acero y productos metalicos"
2981,"ACER-0394","Rondana presion 5/8","Seguridad 5/8","PIEZA","Acero y productos metalicos"
2951,"ACER-0364","Solera 1 1/2x3/16","Planchuela 1.5in","PIEZA","Acero y productos metalicos"
2950,"ACER-0363","Solera 1x1/8","Planchuela 1in","PIEZA","Acero y productos metalicos"
2952,"ACER-0365","Solera 2x1/4","Planchuela 2in","PIEZA","Acero y productos metalicos"
2953,"ACER-0366","Solera 3x1/4","Planchuela 3in","PIEZA","Acero y productos metalicos"
2954,"ACER-0367","Solera 4x1/4","Planchuela 4in","PIEZA","Acero y productos metalicos"
4721,"ACER-2134","Supervision nos dio la indicacion de ultimo momento de anclar las varillas al mu","Supervision nos dio la indicacion de ultimo momento de ancla...","METRO_LINEAL","Acero y productos metalicos"
2970,"ACER-0383","Tornillo A325 1/2x1 1/2","Alta resistencia 1/2in","PIEZA","Acero y productos metalicos"
2971,"ACER-0384","Tornillo A325 1/2x2","Alta resistencia 1/2in","PIEZA","Acero y productos metalicos"
2974,"ACER-0387","Tornillo A325 3/4x2 1/2","Alta resistencia 3/4in","PIEZA","Acero y productos metalicos"
2975,"ACER-0388","Tornillo A325 3/4x3","Alta resistencia 3/4in","PIEZA","Acero y productos metalicos"
2972,"ACER-0385","Tornillo A325 5/8x2","Alta resistencia 5/8in","PIEZA","Acero y productos metalicos"
2973,"ACER-0386","Tornillo A325 5/8x2 1/2","Alta resistencia 5/8in","PIEZA","Acero y productos metalicos"
4687,"ACER-2100","Tramo de 12 metros de varilla de 1/2""","Tramo de 12 metros de varilla de 1/2""","METRO_LINEAL","Acero y productos metalicos"
4706,"ACER-2119","TUERCA ESTRUCTURAL 1 1/2""","TUERCA ESTRUCTURAL 1 1/2""","PIEZA","Acero y productos metalicos"
4708,"ACER-2121","TUERCA ESTRUCTURAL 3/4""","TUERCA ESTRUCTURAL 3/4""","PIEZA","Acero y productos metalicos"
2976,"ACER-0389","Tuerca grado 5 1/2","Complemento 1/2","PIEZA","Acero y productos metalicos"
2982,"ACER-0395","Tuerca grado 5 3/4","Complemento 3/4","PIEZA","Acero y productos metalicos"
2979,"ACER-0392","Tuerca grado 5 5/8","Complemento 5/8","PIEZA","Acero y productos metalicos"
2893,"ACER-0306","Varilla 1 1/2 No.12 grado 42 tonelada","Varilla No.12 refuerzo","TONELADA","Acero y productos metalicos"
2894,"ACER-0307","Varilla 1 1/2 No.12 pieza 12m","Varilla No.12 pieza","PIEZA","Acero y productos metalicos"
2891,"ACER-0304","Varilla 1 1/4 No.10 grado 42 tonelada","Varilla No.10 refuerzo","TONELADA","Acero y productos metalicos"
2892,"ACER-0305","Varilla 1 1/4 No.10 pieza 12m","Varilla No.10 pieza","PIEZA","Acero y productos metalicos"
2889,"ACER-0302","Varilla 1 No.8 grado 42 tonelada","Varilla No.8 refuerzo","TONELADA","Acero y productos metalicos"
2890,"ACER-0303","Varilla 1 No.8 pieza 12m","Varilla No.8 pieza","PIEZA","Acero y productos metalicos"
2883,"ACER-0296","Varilla 1/2 No.4 grado 42 tonelada","Varilla No.4 refuerzo","TONELADA","Acero y productos metalicos"
2884,"ACER-0297","Varilla 1/2 No.4 pieza 12m","Varilla No.4 pieza","PIEZA","Acero y productos metalicos"
2887,"ACER-0300","Varilla 3/4 No.6 grado 42 tonelada","Varilla No.6 refuerzo","TONELADA","Acero y productos metalicos"
2888,"ACER-0301","Varilla 3/4 No.6 pieza 12m","Varilla No.6 pieza","PIEZA","Acero y productos metalicos"
2881,"ACER-0294","Varilla 3/8 No.3 grado 42 tonelada","Varilla No.3 refuerzo","TONELADA","Acero y productos metalicos"
2882,"ACER-0295","Varilla 3/8 No.3 pieza 12m","Varilla No.3 pieza","PIEZA","Acero y productos metalicos"
2885,"ACER-0298","Varilla 5/8 No.5 grado 42 tonelada","Varilla No.5 refuerzo","TONELADA","Acero y productos metalicos"
2886,"ACER-0299","Varilla 5/8 No.5 pieza 12m","Varilla No.5 pieza","PIEZA","Acero y productos metalicos"
2895,"ACER-0308","Varilla lisa 1/4 alambron tonelada","Estribos anillos","TONELADA","Acero y productos metalicos"
2896,"ACER-0309","Varilla lisa 1/4 pieza 6m","Alambron pieza","PIEZA","Acero y productos metalicos"
2897,"ACER-0310","Varilla lisa 3/8 pieza 6m","Redonda lisa","PIEZA","Acero y productos metalicos"
4722,"ACER-2135","Varillas de acero No. 3 (3/8)","varillas de acero No. 3 (3/8)","METRO_LINEAL","Acero y productos metalicos"
4720,"ACER-2133","Vigas principales) 107 ton aprox","vigas principales) 107 ton aprox","TONELADA","Acero y productos metalicos"
5097,"ACER-005","Lámina galvanizada cal 22","Lámina para techos","PIEZA","Acero y productos metálicos"
5098,"ACER-006","Malla electrosoldada 6x6","Malla para refuerzo","PIEZA","Acero y productos metálicos"
5094,"ACER-002","Varilla corrugada 1/2","Varilla para construcción","TONELADA","Acero y productos metálicos"
5093,"ACER-001","Varilla corrugada 3/8","Varilla para construcción","TONELADA","Acero y productos metálicos"
5104,"AGRE-002","Arena lavada","Arena fina cribada","M3","Agregados y materiales"
5105,"AGRE-003","Base hidráulica","Material para base","M3","Agregados y materiales"
5103,"AGRE-001","Grava 3/4","Agregado grueso","M3","Agregados y materiales"
2740,"AGRE-0153","Arena amarilla","Arena fina junteo","METRO_CUBICO","Agregados y materiales de banco"
2737,"AGRE-0150","Arena de mina","Arena gruesa morteros","METRO_CUBICO","Agregados y materiales de banco"
2736,"AGRE-0149","Arena de rio cribada","Arena lavada concretos","METRO_CUBICO","Agregados y materiales de banco"
2741,"AGRE-0154","Arena gruesa","Arena morteros","METRO_CUBICO","Agregados y materiales de banco"
2738,"AGRE-0151","Arena manufacturada","Arena triturada","METRO_CUBICO","Agregados y materiales de banco"
2744,"AGRE-0157","Arena Ottawa saco 25kg","Arena laboratorio","SACO_25KG","Agregados y materiales de banco"
2739,"AGRE-0152","Arena silica 20-40","Arena filtros","METRO_CUBICO","Agregados y materiales de banco"
2743,"AGRE-0156","Arena viaje 14 m3","Arena viaje grande","VIAJE_14M3","Agregados y materiales de banco"
2742,"AGRE-0155","Arena viaje 6 m3","Arena cribada viaje","VIAJE_6M3","Agregados y materiales de banco"
2796,"AGRE-0209","Asfalto fresado RAP","Reciclado asfaltico","METRO_CUBICO","Agregados y materiales de banco"
2786,"AGRE-0199","Balasto graduado","Granulometria controlada","METRO_CUBICO","Agregados y materiales de banco"
2785,"AGRE-0198","Balasto vias ferreas","Piedra triturada vias","METRO_CUBICO","Agregados y materiales de banco"
2766,"AGRE-0179","Base estabilizada cal","Base estabilizada cal pavimentos","METRO_CUBICO","Agregados y materiales de banco"
2767,"AGRE-0180","Base estabilizada cal viaje 6 m3","Viaje base estabilizada cal","VIAJE_6M3","Agregados y materiales de banco"
2768,"AGRE-0181","Base estabilizada cemento","Base estabilizada cemento pavimentos","METRO_CUBICO","Agregados y materiales de banco"
2769,"AGRE-0182","Base estabilizada cemento viaje 6 m3","Viaje base estabilizada cemento","VIAJE_6M3","Agregados y materiales de banco"
2762,"AGRE-0175","Base hidraulica caliza","Base hidraulica caliza pavimentos","METRO_CUBICO","Agregados y materiales de banco"
2763,"AGRE-0176","Base hidraulica caliza viaje 6 m3","Viaje base hidraulica caliza","VIAJE_6M3","Agregados y materiales de banco"
2760,"AGRE-0173","Base hidraulica TMA","Base hidraulica TMA pavimentos","METRO_CUBICO","Agregados y materiales de banco"
2761,"AGRE-0174","Base hidraulica TMA viaje 6 m3","Viaje base hidraulica TMA","VIAJE_6M3","Agregados y materiales de banco"
2764,"AGRE-0177","Base negra con asfalto","Base negra con asfalto pavimentos","METRO_CUBICO","Agregados y materiales de banco"
2765,"AGRE-0178","Base negra con asfalto viaje 6 m3","Viaje base negra con asfalto","VIAJE_6M3","Agregados y materiales de banco"
2795,"AGRE-0208","Concreto triturado","Demolido reciclado","METRO_CUBICO","Agregados y materiales de banco"
2731,"AGRE-0144","Grava 1 1/2 viaje 14 m3","Viaje grava 1 1/2 grande","VIAJE_14M3","Agregados y materiales de banco"
2730,"AGRE-0143","Grava 1 1/2 viaje 6 m3","Viaje grava 1 1/2","VIAJE_6M3","Agregados y materiales de banco"
2727,"AGRE-0140","Grava 1 viaje 14 m3","Viaje grava 1 grande","VIAJE_14M3","Agregados y materiales de banco"
2726,"AGRE-0139","Grava 1 viaje 6 m3","Viaje grava 1","VIAJE_6M3","Agregados y materiales de banco"
2719,"AGRE-0132","Grava 1/2 viaje 14 m3","Viaje grava 1/2 grande","VIAJE_14M3","Agregados y materiales de banco"
2718,"AGRE-0131","Grava 1/2 viaje 6 m3","Viaje grava 1/2","VIAJE_6M3","Agregados y materiales de banco"
2735,"AGRE-0148","Grava 2 viaje 14 m3","Viaje grava 2 grande","VIAJE_14M3","Agregados y materiales de banco"
2734,"AGRE-0147","Grava 2 viaje 6 m3","Viaje grava 2","VIAJE_6M3","Agregados y materiales de banco"
2723,"AGRE-0136","Grava 3/4 viaje 14 m3","Viaje grava 3/4 grande","VIAJE_14M3","Agregados y materiales de banco"
2722,"AGRE-0135","Grava 3/4 viaje 6 m3","Viaje grava 3/4","VIAJE_6M3","Agregados y materiales de banco"
2715,"AGRE-0128","Grava 3/8 viaje 14 m3","Viaje grava 3/8 grande","VIAJE_14M3","Agregados y materiales de banco"
2714,"AGRE-0127","Grava 3/8 viaje 6 m3","Viaje grava 3/8","VIAJE_6M3","Agregados y materiales de banco"
2729,"AGRE-0142","Grava de rio 1 1/2 pulgada","Grava redondeada 1 1/2in","METRO_CUBICO","Agregados y materiales de banco"
2725,"AGRE-0138","Grava de rio 1 pulgada","Grava redondeada 1in","METRO_CUBICO","Agregados y materiales de banco"
2717,"AGRE-0130","Grava de rio 1/2 pulgada","Grava redondeada 1/2in","METRO_CUBICO","Agregados y materiales de banco"
2733,"AGRE-0146","Grava de rio 2 pulgada","Grava redondeada 2in","METRO_CUBICO","Agregados y materiales de banco"
2721,"AGRE-0134","Grava de rio 3/4 pulgada","Grava redondeada 3/4in","METRO_CUBICO","Agregados y materiales de banco"
2713,"AGRE-0126","Grava de rio 3/8 pulgada","Grava redondeada 3/8in","METRO_CUBICO","Agregados y materiales de banco"
4383,"AGRE-1796","Grava especial -105","Agregado especial","METRO_CUBICO","Agregados y materiales de banco"
4373,"AGRE-1786","Grava especial -115","Agregado especial","METRO_CUBICO","Agregados y materiales de banco"
4363,"AGRE-1776","Grava especial -125","Agregado especial","METRO_CUBICO","Agregados y materiales de banco"
4353,"AGRE-1766","Grava especial -135","Agregado especial","METRO_CUBICO","Agregados y materiales de banco"
4343,"AGRE-1756","Grava especial -145","Agregado especial","METRO_CUBICO","Agregados y materiales de banco"
4473,"AGRE-1886","Grava especial -15","Agregado especial","METRO_CUBICO","Agregados y materiales de banco"
4333,"AGRE-1746","Grava especial -155","Agregado especial","METRO_CUBICO","Agregados y materiales de banco"
4323,"AGRE-1736","Grava especial -165","Agregado especial","METRO_CUBICO","Agregados y materiales de banco"
4313,"AGRE-1726","Grava especial -175","Agregado especial","METRO_CUBICO","Agregados y materiales de banco"
4303,"AGRE-1716","Grava especial -185","Agregado especial","METRO_CUBICO","Agregados y materiales de banco"
4293,"AGRE-1706","Grava especial -195","Agregado especial","METRO_CUBICO","Agregados y materiales de banco"
4283,"AGRE-1696","Grava especial -205","Agregado especial","METRO_CUBICO","Agregados y materiales de banco"
4273,"AGRE-1686","Grava especial -215","Agregado especial","METRO_CUBICO","Agregados y materiales de banco"
4263,"AGRE-1676","Grava especial -225","Agregado especial","METRO_CUBICO","Agregados y materiales de banco"
4253,"AGRE-1666","Grava especial -235","Agregado especial","METRO_CUBICO","Agregados y materiales de banco"
4243,"AGRE-1656","Grava especial -245","Agregado especial","METRO_CUBICO","Agregados y materiales de banco"
4463,"AGRE-1876","Grava especial -25","Agregado especial","METRO_CUBICO","Agregados y materiales de banco"
4233,"AGRE-1646","Grava especial -255","Agregado especial","METRO_CUBICO","Agregados y materiales de banco"
4223,"AGRE-1636","Grava especial -265","Agregado especial","METRO_CUBICO","Agregados y materiales de banco"
4213,"AGRE-1626","Grava especial -275","Agregado especial","METRO_CUBICO","Agregados y materiales de banco"
4203,"AGRE-1616","Grava especial -285","Agregado especial","METRO_CUBICO","Agregados y materiales de banco"
4193,"AGRE-1606","Grava especial -295","Agregado especial","METRO_CUBICO","Agregados y materiales de banco"
4183,"AGRE-1596","Grava especial -305","Agregado especial","METRO_CUBICO","Agregados y materiales de banco"
4173,"AGRE-1586","Grava especial -315","Agregado especial","METRO_CUBICO","Agregados y materiales de banco"
4163,"AGRE-1576","Grava especial -325","Agregado especial","METRO_CUBICO","Agregados y materiales de banco"
4153,"AGRE-1566","Grava especial -335","Agregado especial","METRO_CUBICO","Agregados y materiales de banco"
4143,"AGRE-1556","Grava especial -345","Agregado especial","METRO_CUBICO","Agregados y materiales de banco"
4453,"AGRE-1866","Grava especial -35","Agregado especial","METRO_CUBICO","Agregados y materiales de banco"
4133,"AGRE-1546","Grava especial -355","Agregado especial","METRO_CUBICO","Agregados y materiales de banco"
4123,"AGRE-1536","Grava especial -365","Agregado especial","METRO_CUBICO","Agregados y materiales de banco"
4113,"AGRE-1526","Grava especial -375","Agregado especial","METRO_CUBICO","Agregados y materiales de banco"
4103,"AGRE-1516","Grava especial -385","Agregado especial","METRO_CUBICO","Agregados y materiales de banco"
4093,"AGRE-1506","Grava especial -395","Agregado especial","METRO_CUBICO","Agregados y materiales de banco"
4083,"AGRE-1496","Grava especial -405","Agregado especial","METRO_CUBICO","Agregados y materiales de banco"
4073,"AGRE-1486","Grava especial -415","Agregado especial","METRO_CUBICO","Agregados y materiales de banco"
4063,"AGRE-1476","Grava especial -425","Agregado especial","METRO_CUBICO","Agregados y materiales de banco"
4053,"AGRE-1466","Grava especial -435","Agregado especial","METRO_CUBICO","Agregados y materiales de banco"
4043,"AGRE-1456","Grava especial -445","Agregado especial","METRO_CUBICO","Agregados y materiales de banco"
4443,"AGRE-1856","Grava especial -45","Agregado especial","METRO_CUBICO","Agregados y materiales de banco"
4033,"AGRE-1446","Grava especial -455","Agregado especial","METRO_CUBICO","Agregados y materiales de banco"
4023,"AGRE-1436","Grava especial -465","Agregado especial","METRO_CUBICO","Agregados y materiales de banco"
4013,"AGRE-1426","Grava especial -475","Agregado especial","METRO_CUBICO","Agregados y materiales de banco"
4003,"AGRE-1416","Grava especial -485","Agregado especial","METRO_CUBICO","Agregados y materiales de banco"
3993,"AGRE-1406","Grava especial -495","Agregado especial","METRO_CUBICO","Agregados y materiales de banco"
4483,"AGRE-1896","Grava especial -5","Agregado especial","METRO_CUBICO","Agregados y materiales de banco"
3983,"AGRE-1396","Grava especial -505","Agregado especial","METRO_CUBICO","Agregados y materiales de banco"
3973,"AGRE-1386","Grava especial -515","Agregado especial","METRO_CUBICO","Agregados y materiales de banco"
3963,"AGRE-1376","Grava especial -525","Agregado especial","METRO_CUBICO","Agregados y materiales de banco"
3953,"AGRE-1366","Grava especial -535","Agregado especial","METRO_CUBICO","Agregados y materiales de banco"
3943,"AGRE-1356","Grava especial -545","Agregado especial","METRO_CUBICO","Agregados y materiales de banco"
4433,"AGRE-1846","Grava especial -55","Agregado especial","METRO_CUBICO","Agregados y materiales de banco"
3933,"AGRE-1346","Grava especial -555","Agregado especial","METRO_CUBICO","Agregados y materiales de banco"
3923,"AGRE-1336","Grava especial -565","Agregado especial","METRO_CUBICO","Agregados y materiales de banco"
3913,"AGRE-1326","Grava especial -575","Agregado especial","METRO_CUBICO","Agregados y materiales de banco"
3903,"AGRE-1316","Grava especial -585","Agregado especial","METRO_CUBICO","Agregados y materiales de banco"
3893,"AGRE-1306","Grava especial -595","Agregado especial","METRO_CUBICO","Agregados y materiales de banco"
3883,"AGRE-1296","Grava especial -605","Agregado especial","METRO_CUBICO","Agregados y materiales de banco"
3873,"AGRE-1286","Grava especial -615","Agregado especial","METRO_CUBICO","Agregados y materiales de banco"
3863,"AGRE-1276","Grava especial -625","Agregado especial","METRO_CUBICO","Agregados y materiales de banco"
3853,"AGRE-1266","Grava especial -635","Agregado especial","METRO_CUBICO","Agregados y materiales de banco"
3843,"AGRE-1256","Grava especial -645","Agregado especial","METRO_CUBICO","Agregados y materiales de banco"
4423,"AGRE-1836","Grava especial -65","Agregado especial","METRO_CUBICO","Agregados y materiales de banco"
3833,"AGRE-1246","Grava especial -655","Agregado especial","METRO_CUBICO","Agregados y materiales de banco"
3823,"AGRE-1236","Grava especial -665","Agregado especial","METRO_CUBICO","Agregados y materiales de banco"
3813,"AGRE-1226","Grava especial -675","Agregado especial","METRO_CUBICO","Agregados y materiales de banco"
3803,"AGRE-1216","Grava especial -685","Agregado especial","METRO_CUBICO","Agregados y materiales de banco"
3793,"AGRE-1206","Grava especial -695","Agregado especial","METRO_CUBICO","Agregados y materiales de banco"
3783,"AGRE-1196","Grava especial -705","Agregado especial","METRO_CUBICO","Agregados y materiales de banco"
3773,"AGRE-1186","Grava especial -715","Agregado especial","METRO_CUBICO","Agregados y materiales de banco"
3763,"AGRE-1176","Grava especial -725","Agregado especial","METRO_CUBICO","Agregados y materiales de banco"
3753,"AGRE-1166","Grava especial -735","Agregado especial","METRO_CUBICO","Agregados y materiales de banco"
3743,"AGRE-1156","Grava especial -745","Agregado especial","METRO_CUBICO","Agregados y materiales de banco"
4413,"AGRE-1826","Grava especial -75","Agregado especial","METRO_CUBICO","Agregados y materiales de banco"
3733,"AGRE-1146","Grava especial -755","Agregado especial","METRO_CUBICO","Agregados y materiales de banco"
3723,"AGRE-1136","Grava especial -765","Agregado especial","METRO_CUBICO","Agregados y materiales de banco"
3713,"AGRE-1126","Grava especial -775","Agregado especial","METRO_CUBICO","Agregados y materiales de banco"
3703,"AGRE-1116","Grava especial -785","Agregado especial","METRO_CUBICO","Agregados y materiales de banco"
3693,"AGRE-1106","Grava especial -795","Agregado especial","METRO_CUBICO","Agregados y materiales de banco"
3683,"AGRE-1096","Grava especial -805","Agregado especial","METRO_CUBICO","Agregados y materiales de banco"
3673,"AGRE-1086","Grava especial -815","Agregado especial","METRO_CUBICO","Agregados y materiales de banco"
3663,"AGRE-1076","Grava especial -825","Agregado especial","METRO_CUBICO","Agregados y materiales de banco"
3653,"AGRE-1066","Grava especial -835","Agregado especial","METRO_CUBICO","Agregados y materiales de banco"
3643,"AGRE-1056","Grava especial -845","Agregado especial","METRO_CUBICO","Agregados y materiales de banco"
4403,"AGRE-1816","Grava especial -85","Agregado especial","METRO_CUBICO","Agregados y materiales de banco"
3633,"AGRE-1046","Grava especial -855","Agregado especial","METRO_CUBICO","Agregados y materiales de banco"
3623,"AGRE-1036","Grava especial -865","Agregado especial","METRO_CUBICO","Agregados y materiales de banco"
3613,"AGRE-1026","Grava especial -875","Agregado especial","METRO_CUBICO","Agregados y materiales de banco"
3603,"AGRE-1016","Grava especial -885","Agregado especial","METRO_CUBICO","Agregados y materiales de banco"
3593,"AGRE-1006","Grava especial -895","Agregado especial","METRO_CUBICO","Agregados y materiales de banco"
3583,"AGRE-0996","Grava especial -905","Agregado especial","METRO_CUBICO","Agregados y materiales de banco"
3573,"AGRE-0986","Grava especial -915","Agregado especial","METRO_CUBICO","Agregados y materiales de banco"
3563,"AGRE-0976","Grava especial -925","Agregado especial","METRO_CUBICO","Agregados y materiales de banco"
3553,"AGRE-0966","Grava especial -935","Agregado especial","METRO_CUBICO","Agregados y materiales de banco"
3543,"AGRE-0956","Grava especial -945","Agregado especial","METRO_CUBICO","Agregados y materiales de banco"
4393,"AGRE-1806","Grava especial -95","Agregado especial","METRO_CUBICO","Agregados y materiales de banco"
4503,"AGRE-1916","Grava especial 15","Agregado especial","METRO_CUBICO","Agregados y materiales de banco"
4513,"AGRE-1926","Grava especial 25","Agregado especial","METRO_CUBICO","Agregados y materiales de banco"
4523,"AGRE-1936","Grava especial 35","Agregado especial","METRO_CUBICO","Agregados y materiales de banco"
4533,"AGRE-1946","Grava especial 45","Agregado especial","METRO_CUBICO","Agregados y materiales de banco"
4493,"AGRE-1906","Grava especial 5","Agregado especial","METRO_CUBICO","Agregados y materiales de banco"
4543,"AGRE-1956","Grava especial 55","Agregado especial","METRO_CUBICO","Agregados y materiales de banco"
4553,"AGRE-1966","Grava especial 65","Agregado especial","METRO_CUBICO","Agregados y materiales de banco"
4563,"AGRE-1976","Grava especial 75","Agregado especial","METRO_CUBICO","Agregados y materiales de banco"
4573,"AGRE-1986","Grava especial 85","Agregado especial","METRO_CUBICO","Agregados y materiales de banco"
4583,"AGRE-1996","Grava especial 95","Agregado especial","METRO_CUBICO","Agregados y materiales de banco"
2728,"AGRE-0141","Grava triturada 1 1/2 pulgada","Grava grueso 1 1/2in","METRO_CUBICO","Agregados y materiales de banco"
2724,"AGRE-0137","Grava triturada 1 pulgada","Grava grueso 1in","METRO_CUBICO","Agregados y materiales de banco"
2716,"AGRE-0129","Grava triturada 1/2 pulgada","Grava grueso 1/2in","METRO_CUBICO","Agregados y materiales de banco"
2732,"AGRE-0145","Grava triturada 2 pulgada","Grava grueso 2in","METRO_CUBICO","Agregados y materiales de banco"
2720,"AGRE-0133","Grava triturada 3/4 pulgada","Grava grueso 3/4in","METRO_CUBICO","Agregados y materiales de banco"
2712,"AGRE-0125","Grava triturada 3/8 pulgada","Grava grueso 3/8in","METRO_CUBICO","Agregados y materiales de banco"
2793,"AGRE-0206","Jal compactable","Volcanico rellenos","METRO_CUBICO","Agregados y materiales de banco"
2794,"AGRE-0207","Jal cribado","Sin piedras grandes","METRO_CUBICO","Agregados y materiales de banco"
2751,"AGRE-0164","Material banco selecto","Material banco selecto rellenos","METRO_CUBICO","Agregados y materiales de banco"
2753,"AGRE-0166","Material banco selecto viaje 14 m3","Viaje grande material banco selecto","VIAJE_14M3","Agregados y materiales de banco"
2752,"AGRE-0165","Material banco selecto viaje 6 m3","Viaje material banco selecto","VIAJE_6M3","Agregados y materiales de banco"
2754,"AGRE-0167","Material cribado","Material cribado rellenos","METRO_CUBICO","Agregados y materiales de banco"
2756,"AGRE-0169","Material cribado viaje 14 m3","Viaje grande material cribado","VIAJE_14M3","Agregados y materiales de banco"
2755,"AGRE-0168","Material cribado viaje 6 m3","Viaje material cribado","VIAJE_6M3","Agregados y materiales de banco"
2778,"AGRE-0191","Piedra bola 4-8 pulgadas","Piedra gaviones","METRO_CUBICO","Agregados y materiales de banco"
2779,"AGRE-0192","Piedra braza","Piedra mamposteria","METRO_CUBICO","Agregados y materiales de banco"
2782,"AGRE-0195","Piedra escollera","Piedra taludes","METRO_CUBICO","Agregados y materiales de banco"
2780,"AGRE-0193","Piedra laja","Piedra decorativa","METRO_CUBICO","Agregados y materiales de banco"
2784,"AGRE-0197","Piedra mampuesto","Piedra muros","METRO_CUBICO","Agregados y materiales de banco"
2783,"AGRE-0196","Piedra quintilla","Piedra gaviones","METRO_CUBICO","Agregados y materiales de banco"
2781,"AGRE-0194","Piedra rajon","Piedra rellenos","METRO_CUBICO","Agregados y materiales de banco"
2774,"AGRE-0187","Sub-base con cal","Sub-base con cal caminos","METRO_CUBICO","Agregados y materiales de banco"
2775,"AGRE-0188","Sub-base con cal viaje 6 m3","Viaje sub-base con cal","VIAJE_6M3","Agregados y materiales de banco"
2776,"AGRE-0189","Sub-base con cemento","Sub-base con cemento caminos","METRO_CUBICO","Agregados y materiales de banco"
2777,"AGRE-0190","Sub-base con cemento viaje 6 m3","Viaje sub-base con cemento","VIAJE_6M3","Agregados y materiales de banco"
2772,"AGRE-0185","Sub-base cribada","Sub-base cribada caminos","METRO_CUBICO","Agregados y materiales de banco"
2773,"AGRE-0186","Sub-base cribada viaje 6 m3","Viaje sub-base cribada","VIAJE_6M3","Agregados y materiales de banco"
2770,"AGRE-0183","Sub-base granular","Sub-base granular caminos","METRO_CUBICO","Agregados y materiales de banco"
2771,"AGRE-0184","Sub-base granular viaje 6 m3","Viaje sub-base granular","VIAJE_6M3","Agregados y materiales de banco"
2745,"AGRE-0158","Tepetate compactable","Tepetate compactable rellenos","METRO_CUBICO","Agregados y materiales de banco"
2747,"AGRE-0160","Tepetate compactable viaje 14 m3","Viaje grande tepetate compactable","VIAJE_14M3","Agregados y materiales de banco"
2746,"AGRE-0159","Tepetate compactable viaje 6 m3","Viaje tepetate compactable","VIAJE_6M3","Agregados y materiales de banco"
2748,"AGRE-0161","Tepetate cribado","Tepetate cribado rellenos","METRO_CUBICO","Agregados y materiales de banco"
2750,"AGRE-0163","Tepetate cribado viaje 14 m3","Viaje grande tepetate cribado","VIAJE_14M3","Agregados y materiales de banco"
2749,"AGRE-0162","Tepetate cribado viaje 6 m3","Viaje tepetate cribado","VIAJE_6M3","Agregados y materiales de banco"
2791,"AGRE-0204","Tezontle cafe","Volcanica cafe","METRO_CUBICO","Agregados y materiales de banco"
2792,"AGRE-0205","Tezontle cafe viaje 6 m3","Viaje tezontle cafe","VIAJE_6M3","Agregados y materiales de banco"
2789,"AGRE-0202","Tezontle negro","Volcanica negro","METRO_CUBICO","Agregados y materiales de banco"
2790,"AGRE-0203","Tezontle negro viaje 6 m3","Viaje tezontle negro","VIAJE_6M3","Agregados y materiales de banco"
2787,"AGRE-0200","Tezontle rojo","Volcanica rojo","METRO_CUBICO","Agregados y materiales de banco"
2788,"AGRE-0201","Tezontle rojo viaje 6 m3","Viaje tezontle rojo","VIAJE_6M3","Agregados y materiales de banco"
2757,"AGRE-0170","Tierra arcillosa","Tierra arcillosa rellenos","METRO_CUBICO","Agregados y materiales de banco"
2759,"AGRE-0172","Tierra arcillosa viaje 14 m3","Viaje grande tierra arcillosa","VIAJE_14M3","Agregados y materiales de banco"
2758,"AGRE-0171","Tierra arcillosa viaje 6 m3","Viaje tierra arcillosa","VIAJE_6M3","Agregados y materiales de banco"
2798,"AGRE-0211","Tierra negra","Rica nutrientes","METRO_CUBICO","Agregados y materiales de banco"
2797,"AGRE-0210","Tierra vegetal cribada","Areas verdes","METRO_CUBICO","Agregados y materiales de banco"
5512,"ALBA-0048","Aditivo acelerante 20L","Fraguado rapido","CUBETA","Albanileria"
5513,"ALBA-0049","Aditivo plastificante 20L","Trabajabilidad","CUBETA","Albanileria"
5476,"ALBA-0012","Adocreto 10x20x6","Piso exterior","M2","Albanileria"
5478,"ALBA-0014","Alambre galvanizado 14","Exteriores","KG","Albanileria"
5477,"ALBA-0013","Alambre recocido 18","Para amarres","KG","Albanileria"
5499,"ALBA-0035","Arena de rio m3","Para mezcla","M3","Albanileria"
5492,"ALBA-0028","Armex 15x20 6m","Prefabricado","PIEZA","Albanileria"
5493,"ALBA-0029","Armex 15x25 6m","Prefabricado","PIEZA","Albanileria"
5504,"ALBA-0040","Barrote de pino 2x4 x 8 pies","Para cimbra","PIEZA","Albanileria"
5472,"ALBA-0008","Block hueco 10x20x40","Muro divisorio","PIEZA","Albanileria"
5497,"ALBA-0033","Bovedilla de poliestireno 15x25x60","Para losa","PIEZA","Albanileria"
5498,"ALBA-0034","Bovedilla de poliestireno 20x25x60","Para losa","PIEZA","Albanileria"
5470,"ALBA-0006","Cal hidratada 25kg","Para mezcla","SACO","Albanileria"
5466,"ALBA-0002","Cemento blanco 20kg","Acabados","SACO","Albanileria"
5503,"ALBA-0039","Cimbra triplay 16mm 1.22x2.44","Para colados","PIEZA","Albanileria"
5479,"ALBA-0015","Clavo 2 pulgadas con cabeza","Para madera","KG","Albanileria"
5480,"ALBA-0016","Clavo 3 pulgadas con cabeza","Para madera","KG","Albanileria"
5481,"ALBA-0017","Clavo 4 pulgadas con cabeza","Para madera","KG","Albanileria"
5482,"ALBA-0018","Clavo sin cabeza 1 pulgada","Acabados","KG","Albanileria"
5506,"ALBA-0042","Desmoldante para cimbra 20L","Aceite","CUBETA","Albanileria"
5490,"ALBA-0026","Estribo armado 15x20","Prefabricado","PIEZA","Albanileria"
5491,"ALBA-0027","Estribo armado 20x30","Prefabricado","PIEZA","Albanileria"
5514,"ALBA-0050","Fibra de polipropileno 1kg","Refuerzo","BOLSA","Albanileria"
5500,"ALBA-0036","Grava 3/4 m3","Para concreto","M3","Albanileria"
5507,"ALBA-0043","Impermeabilizante acrilico 19L","5 años","CUBETA","Albanileria"
5508,"ALBA-0044","Impermeabilizante fibratado 19L","7 años","CUBETA","Albanileria"
5509,"ALBA-0045","Impermeabilizante prefabricado rollo","10m2","ROLLO","Albanileria"
5475,"ALBA-0011","Ladrillo de barro 6x12x24","Millar","MILLAR","Albanileria"
5483,"ALBA-0019","Malla electrosoldada 6x6-10/10","2.5x6m","PIEZA","Albanileria"
5484,"ALBA-0020","Malla gallinero rollo 50m","1.5m alto","ROLLO","Albanileria"
5511,"ALBA-0047","Malla para impermeabilizante rollo","50m","ROLLO","Albanileria"
5468,"ALBA-0004","Mortero para aplanado 50kg","Premezclado","SACO","Albanileria"
5467,"ALBA-0003","Mortero para pegar block 50kg","Premezclado","SACO","Albanileria"
5505,"ALBA-0041","Polín de pino 4x4 x 8 pies","Para cimbra","PIEZA","Albanileria"
5502,"ALBA-0038","Polvo de piedra m3","Base","M3","Albanileria"
5510,"ALBA-0046","Primer para impermeabilizante 19L","Sellador","CUBETA","Albanileria"
5474,"ALBA-0010","Tabicon 10x14x28","Block ligero","PIEZA","Albanileria"
5473,"ALBA-0009","Tabique rojo 6x12x24","Millar","MILLAR","Albanileria"
5501,"ALBA-0037","Tepetate m3","Relleno","M3","Albanileria"
5486,"ALBA-0022","Varilla corrugada 1/2 x 12m","Refuerzo","PIEZA","Albanileria"
5488,"ALBA-0024","Varilla corrugada 3/4 x 12m","Refuerzo","PIEZA","Albanileria"
5485,"ALBA-0021","Varilla corrugada 3/8 x 12m","Refuerzo","PIEZA","Albanileria"
5487,"ALBA-0023","Varilla corrugada 5/8 x 12m","Refuerzo","PIEZA","Albanileria"
5489,"ALBA-0025","Varilla lisa 1/4 x 6m","Estribos","PIEZA","Albanileria"
5494,"ALBA-0030","Vigueta pretensada 4m","Losa","PIEZA","Albanileria"
5495,"ALBA-0031","Vigueta pretensada 5m","Losa","PIEZA","Albanileria"
5496,"ALBA-0032","Vigueta pretensada 6m","Losa","PIEZA","Albanileria"
5469,"ALBA-0005","Yeso construccion 40kg","Para acabados","SACO","Albanileria"
5086,"ALIM-001","Agua garrafón 20L","Purificada","GARRAFON","Alimentos y bebidas"
5122,"ALIM-001","Agua purificada garrafón 20L","Agua para consumo","GARRAFON","Alimentos y bebidas"
5087,"ALIM-002","Café soluble 400g","Instantáneo","BOTE","Alimentos y bebidas"
5123,"ALIM-002","Café soluble bote 400g","Café instantáneo","BOTE","Alimentos y bebidas"
5088,"ALIM-003","Servicio comida cuadrilla","Trabajadores","SERVICIO","Alimentos y bebidas"
6062,"ANDA-0013","Abrazadera andamio fija","Union","PIEZA","Andamios y equipo"
6061,"ANDA-0012","Abrazadera andamio giratoria","Union","PIEZA","Andamios y equipo"
6050,"ANDA-0001","Andamio tubular marco 1.50x1.00m","Galvanizado","PIEZA","Andamios y equipo"
6051,"ANDA-0002","Andamio tubular marco 1.50x1.50m","Galvanizado","PIEZA","Andamios y equipo"
6052,"ANDA-0003","Andamio tubular marco 2.00x1.00m","Galvanizado","PIEZA","Andamios y equipo"
6070,"ANDA-0021","Banco de trabajo plegable","Ajustable","PIEZA","Andamios y equipo"
6058,"ANDA-0009","Base niveladora andamio","Ajustable","PIEZA","Andamios y equipo"
6077,"ANDA-0028","Bugui para concreto 6 pies3","Llanta neumatica","PIEZA","Andamios y equipo"
6071,"ANDA-0022","Burro metalico plegable par","Para tablones","PAR","Andamios y equipo"
6072,"ANDA-0023","Caballete metalico reforzado par","Industrial","PAR","Andamios y equipo"
6075,"ANDA-0026","Carretilla de mano 5 pies3","Llanta neumatica","PIEZA","Andamios y equipo"
6076,"ANDA-0027","Carretilla de mano 6 pies3","Reforzada","PIEZA","Andamios y equipo"
6053,"ANDA-0004","Cruceta andamio 1.50m","Diagonal","PIEZA","Andamios y equipo"
6054,"ANDA-0005","Cruceta andamio 2.00m","Diagonal","PIEZA","Andamios y equipo"
6073,"ANDA-0024","Diablo de carga 300kg","Llanta neumatica","PIEZA","Andamios y equipo"
6074,"ANDA-0025","Diablo de carga 500kg","Industrial","PIEZA","Andamios y equipo"
6065,"ANDA-0016","Escalera aluminio 10 peldaños","Tijera","PIEZA","Andamios y equipo"
6063,"ANDA-0014","Escalera aluminio 6 peldaños","Tijera","PIEZA","Andamios y equipo"
6064,"ANDA-0015","Escalera aluminio 8 peldaños","Tijera","PIEZA","Andamios y equipo"
6060,"ANDA-0011","Escalera andamio interior","Acceso","PIEZA","Andamios y equipo"
6066,"ANDA-0017","Escalera extension aluminio 24 peldaños","7.3m","PIEZA","Andamios y equipo"
6067,"ANDA-0018","Escalera extension aluminio 32 peldaños","9.7m","PIEZA","Andamios y equipo"
6068,"ANDA-0019","Escalera extension fibra vidrio 24 peldaños","Dielectrica","PIEZA","Andamios y equipo"
6069,"ANDA-0020","Escalera multiposiciones aluminio","4x4","PIEZA","Andamios y equipo"
6085,"ANDA-0036","Eslinga poliester 2 toneladas 3m","Ojo-ojo","PIEZA","Andamios y equipo"
6086,"ANDA-0037","Eslinga poliester 4 toneladas 4m","Ojo-ojo","PIEZA","Andamios y equipo"
6087,"ANDA-0038","Estrobo cable acero 1/2 pulgada 3m","6x19","PIEZA","Andamios y equipo"
6089,"ANDA-0040","Gancho giratorio 2 toneladas","Con seguro","PIEZA","Andamios y equipo"
6078,"ANDA-0029","Gato hidraulico botella 12 ton","Para carga","PIEZA","Andamios y equipo"
6079,"ANDA-0030","Gato hidraulico patin 3 ton","Para vehiculos","PIEZA","Andamios y equipo"
6088,"ANDA-0039","Grillete 3/4 pulgada","Tipo ancla","PIEZA","Andamios y equipo"
6083,"ANDA-0034","Malacate electrico 500kg","Monofasico","PIEZA","Andamios y equipo"
6055,"ANDA-0006","Plataforma andamio madera 2.00x0.30m","Entarimado","PIEZA","Andamios y equipo"
6056,"ANDA-0007","Plataforma andamio metalica 2.00x0.30m","Antiderrapante","PIEZA","Andamios y equipo"
6080,"ANDA-0031","Polipasto cadena 1 tonelada","Manual","PIEZA","Andamios y equipo"
6081,"ANDA-0032","Polipasto cadena 2 toneladas","Manual","PIEZA","Andamios y equipo"
6057,"ANDA-0008","Rodapie andamio 2.00m","Proteccion","PIEZA","Andamios y equipo"
6059,"ANDA-0010","Rueda para andamio con freno","8 pulgadas","PIEZA","Andamios y equipo"
6084,"ANDA-0035","Tecle rachet 1.5 toneladas","Palanca","PIEZA","Andamios y equipo"
6082,"ANDA-0033","Tirfor 1.5 toneladas","Con cable","PIEZA","Andamios y equipo"
5261,"CAFE-0027","Agitador para cafe paq 500","De madera","PAQUETE","Cafeteria"
5263,"CAFE-0029","Agua embotellada 1L","Botella","PIEZA","Cafeteria"
5262,"CAFE-0028","Agua embotellada 500ml","Botella individual","PIEZA","Cafeteria"
5264,"CAFE-0030","Agua garrafon 20L","Para dispensador","PIEZA","Cafeteria"
5242,"CAFE-0008","Azucar estandar 1kg","Azucar refinada","BOLSA","Cafeteria"
5243,"CAFE-0009","Azucar estandar 5kg","Azucar refinada","BOLSA","Cafeteria"
5244,"CAFE-0010","Azucar sobres caja 200","Sobres individuales","CAJA","Cafeteria"
5238,"CAFE-0004","Cafe de grano 1kg","Para molino","BOLSA","Cafeteria"
5237,"CAFE-0003","Cafe molido 500g","Para cafetera","BOLSA","Cafeteria"
5235,"CAFE-0001","Cafe soluble 200g","Nescafe o similar","PIEZA","Cafeteria"
5236,"CAFE-0002","Cafe soluble 400g","Nescafe o similar","PIEZA","Cafeteria"
5250,"CAFE-0016","Chocolate en polvo 400g","Chocolate caliente","PIEZA","Cafeteria"
5246,"CAFE-0012","Crema para cafe 400g","Coffee Mate o similar","PIEZA","Cafeteria"
5247,"CAFE-0013","Crema para cafe sobres caja 100","Individuales","CAJA","Cafeteria"
5256,"CAFE-0022","Cuchara plastica paq 100","Desechable","PAQUETE","Cafeteria"
5258,"CAFE-0024","Cuchillo plastico paq 100","Desechable","PAQUETE","Cafeteria"
5270,"CAFE-0036","Filtros para cafetera No.4 paq 100","De papel","PAQUETE","Cafeteria"
5267,"CAFE-0033","Galletas Marias paq 500g","Clasicas","PAQUETE","Cafeteria"
5266,"CAFE-0032","Galletas surtidas paq 400g","Para cafe","PAQUETE","Cafeteria"
5249,"CAFE-0015","Leche condensada 390g","Lata","PIEZA","Cafeteria"
5248,"CAFE-0014","Leche evaporada 360ml","Lata","PIEZA","Cafeteria"
5273,"CAFE-0039","Mantequilla 90g","Barra","PIEZA","Cafeteria"
5272,"CAFE-0038","Mermelada fresa 270g","Para pan","PIEZA","Cafeteria"
5271,"CAFE-0037","Miel de abeja 500g","Natural","PIEZA","Cafeteria"
5268,"CAFE-0034","Pan de caja blanco","Bimbo o similar","PIEZA","Cafeteria"
5269,"CAFE-0035","Pan de caja integral","Bimbo o similar","PIEZA","Cafeteria"
5259,"CAFE-0025","Plato plastico 9 pulgadas paq 25","Desechable","PAQUETE","Cafeteria"
5265,"CAFE-0031","Refresco lata 355ml","Coca Cola o similar","PIEZA","Cafeteria"
5274,"CAFE-0040","Sal de mesa 1kg","Sal fina","PIEZA","Cafeteria"
5260,"CAFE-0026","Servilleta cuadrada paq 500","Blanca","PAQUETE","Cafeteria"
5245,"CAFE-0011","Splenda sobres caja 100","Sustituto azucar","CAJA","Cafeteria"
5255,"CAFE-0021","Tapa para vaso termico paq 50","Con orificio","PAQUETE","Cafeteria"
5241,"CAFE-0007","Te manzanilla caja 25 sobres","Infusion","CAJA","Cafeteria"
5239,"CAFE-0005","Te negro caja 25 sobres","Te Lipton o similar","CAJA","Cafeteria"
5240,"CAFE-0006","Te verde caja 25 sobres","Te verde","CAJA","Cafeteria"
5257,"CAFE-0023","Tenedor plastico paq 100","Desechable","PAQUETE","Cafeteria"
5254,"CAFE-0020","Vaso plastico 12oz paq 50","Transparente","PAQUETE","Cafeteria"
5253,"CAFE-0019","Vaso plastico 7oz paq 50","Transparente","PAQUETE","Cafeteria"
5252,"CAFE-0018","Vaso termico 12oz paq 50","Para cafe grande","PAQUETE","Cafeteria"
5251,"CAFE-0017","Vaso termico 8oz paq 50","Para cafe","PAQUETE","Cafeteria"
6123,"CERR-0034","Bisagra bandera 3 pulgadas par","Desmontable","PAR","Cerrajeria"
6120,"CERR-0031","Bisagra libro 3 pulgadas par","Acero","PAR","Cerrajeria"
6121,"CERR-0032","Bisagra libro 3.5 pulgadas par","Acero","PAR","Cerrajeria"
6122,"CERR-0033","Bisagra libro 4 pulgadas par","Acero","PAR","Cerrajeria"
6126,"CERR-0037","Bisagra piano cromada metro","Continua","METRO","Cerrajeria"
6125,"CERR-0036","Bisagra resorte doble accion","Vaiven","PIEZA","Cerrajeria"
6124,"CERR-0035","Bisagra resorte simple accion","Cierre automatico","PIEZA","Cerrajeria"
6116,"CERR-0027","Cadena galvanizada 5mm metro","Para candado","METRO","Cerrajeria"
6117,"CERR-0028","Cadena galvanizada 8mm metro","Uso rudo","METRO","Cerrajeria"
6113,"CERR-0024","Candado alta seguridad 60mm","Acero","PIEZA","Cerrajeria"
6114,"CERR-0025","Candado combinacion 3 digitos","Sin llave","PIEZA","Cerrajeria"
6115,"CERR-0026","Candado combinacion 4 digitos","Sin llave","PIEZA","Cerrajeria"
6110,"CERR-0021","Candado laton 30mm","Con llave","PIEZA","Cerrajeria"
6111,"CERR-0022","Candado laton 40mm","Con llave","PIEZA","Cerrajeria"
6112,"CERR-0023","Candado laton 50mm","Con llave","PIEZA","Cerrajeria"
6090,"CERR-0001","Cerradura cilindrica entrada","Con llave","PIEZA","Cerrajeria"
6093,"CERR-0004","Cerradura cilindrica oficina","Doble seguro","PIEZA","Cerrajeria"
6091,"CERR-0002","Cerradura cilindrica paso","Sin llave","PIEZA","Cerrajeria"
6092,"CERR-0003","Cerradura cilindrica privacidad","Para baño","PIEZA","Cerrajeria"
6095,"CERR-0006","Cerradura digital huella","Biometrica","PIEZA","Cerrajeria"
6094,"CERR-0005","Cerradura digital teclado","Electronica","PIEZA","Cerrajeria"
6100,"CERR-0011","Cerradura embutir","Para perfil","PIEZA","Cerrajeria"
6103,"CERR-0014","Cerradura para cancel","Multipunto","PIEZA","Cerrajeria"
6101,"CERR-0012","Cerradura puerta corrediza","Con gancho","PIEZA","Cerrajeria"
6102,"CERR-0013","Cerradura puerta vidrio","Aluminio","PIEZA","Cerrajeria"
6098,"CERR-0009","Cerradura sobreponer derecha","Alta seguridad","PIEZA","Cerrajeria"
6099,"CERR-0010","Cerradura sobreponer izquierda","Alta seguridad","PIEZA","Cerrajeria"
6097,"CERR-0008","Cerrojo doble","Interior/exterior","PIEZA","Cerrajeria"
6096,"CERR-0007","Cerrojo sencillo","Con llave","PIEZA","Cerrajeria"
6127,"CERR-0038","Cierrapuertas hidraulico mediano","45-65kg","PIEZA","Cerrajeria"
6128,"CERR-0039","Cierrapuertas hidraulico pesado","65-85kg","PIEZA","Cerrajeria"
6118,"CERR-0029","Cilindro para cerradura","Repuesto","PIEZA","Cerrajeria"
6119,"CERR-0030","Llave duplicado","Corte","PIEZA","Cerrajeria"
6106,"CERR-0017","Manija tipo bola cromada","Clasica","PIEZA","Cerrajeria"
6105,"CERR-0016","Manija tipo palanca acero inox","Satinada","PIEZA","Cerrajeria"
6108,"CERR-0019","Pasador tubular 4 pulgadas","Cromado","PIEZA","Cerrajeria"
6109,"CERR-0020","Pasador tubular 6 pulgadas","Cromado","PIEZA","Cerrajeria"
6107,"CERR-0018","Picaporte de bola","Laton","PIEZA","Cerrajeria"
6129,"CERR-0040","Tope puerta piso acero inox","Con goma","PIEZA","Cerrajeria"
4647,"COMB-2060","- Diesel Retro CAT","- Diesel Retro CAT","PIEZA","Combustibles y lubricantes"
4644,"COMB-2057","- Diesel Retro JCB","- Diesel Retro JCB","PIEZA","Combustibles y lubricantes"
4648,"COMB-2061","- Mini cargador","- Mini cargador","PIEZA","Combustibles y lubricantes"
2596,"COMB-0009","Aceite 10W-30 CI-4 cubeta","Motor diesel CI-4","CUBETA_19L","Combustibles y lubricantes"
2597,"COMB-0010","Aceite 10W-30 CI-4 tambor","Motor diesel CI-4 tambor","TAMBOR_200L","Combustibles y lubricantes"
2598,"COMB-0011","Aceite 10W-30 CK-4 cubeta","Motor diesel CK-4","CUBETA_19L","Combustibles y lubricantes"
2599,"COMB-0012","Aceite 10W-30 CK-4 tambor","Motor diesel CK-4 tambor","TAMBOR_200L","Combustibles y lubricantes"
2600,"COMB-0013","Aceite 10W-40 CI-4 cubeta","Motor diesel CI-4","CUBETA_19L","Combustibles y lubricantes"
2601,"COMB-0014","Aceite 10W-40 CI-4 tambor","Motor diesel CI-4 tambor","TAMBOR_200L","Combustibles y lubricantes"
2602,"COMB-0015","Aceite 10W-40 CK-4 cubeta","Motor diesel CK-4","CUBETA_19L","Combustibles y lubricantes"
2603,"COMB-0016","Aceite 10W-40 CK-4 tambor","Motor diesel CK-4 tambor","TAMBOR_200L","Combustibles y lubricantes"
2592,"COMB-0005","Aceite 15W-40 CI-4 cubeta","Motor diesel CI-4","CUBETA_19L","Combustibles y lubricantes"
2593,"COMB-0006","Aceite 15W-40 CI-4 tambor","Motor diesel CI-4 tambor","TAMBOR_200L","Combustibles y lubricantes"
2594,"COMB-0007","Aceite 15W-40 CK-4 cubeta","Motor diesel CK-4","CUBETA_19L","Combustibles y lubricantes"
2595,"COMB-0008","Aceite 15W-40 CK-4 tambor","Motor diesel CK-4 tambor","TAMBOR_200L","Combustibles y lubricantes"
2711,"COMB-0124","Aceite 2 tiempos cubeta","Aceite para motores pequeños","CUBETA_19L","Combustibles y lubricantes"
2604,"COMB-0017","Aceite 20W-50 CI-4 cubeta","Motor diesel CI-4","CUBETA_19L","Combustibles y lubricantes"
2605,"COMB-0018","Aceite 20W-50 CI-4 tambor","Motor diesel CI-4 tambor","TAMBOR_200L","Combustibles y lubricantes"
2606,"COMB-0019","Aceite 20W-50 CK-4 cubeta","Motor diesel CK-4","CUBETA_19L","Combustibles y lubricantes"
2607,"COMB-0020","Aceite 20W-50 CK-4 tambor","Motor diesel CK-4 tambor","TAMBOR_200L","Combustibles y lubricantes"
2608,"COMB-0021","Aceite 5W-40 CI-4 cubeta","Motor diesel CI-4","CUBETA_19L","Combustibles y lubricantes"
2609,"COMB-0022","Aceite 5W-40 CI-4 tambor","Motor diesel CI-4 tambor","TAMBOR_200L","Combustibles y lubricantes"
2610,"COMB-0023","Aceite 5W-40 CK-4 cubeta","Motor diesel CK-4","CUBETA_19L","Combustibles y lubricantes"
2611,"COMB-0024","Aceite 5W-40 CK-4 tambor","Motor diesel CK-4 tambor","TAMBOR_200L","Combustibles y lubricantes"
2628,"COMB-0041","Aceite 75W-90 GL-5 cubeta","EP diferenciales 75W-90","CUBETA_19L","Combustibles y lubricantes"
2629,"COMB-0042","Aceite 75W-90 GL-5 tambor","GL-5 75W-90 tambor","TAMBOR_200L","Combustibles y lubricantes"
2630,"COMB-0043","Aceite 80W-90 GL-5 cubeta","EP diferenciales 80W-90","CUBETA_19L","Combustibles y lubricantes"
2631,"COMB-0044","Aceite 80W-90 GL-5 tambor","GL-5 80W-90 tambor","TAMBOR_200L","Combustibles y lubricantes"
2632,"COMB-0045","Aceite 85W-140 GL-5 cubeta","EP diferenciales 85W-140","CUBETA_19L","Combustibles y lubricantes"
2633,"COMB-0046","Aceite 85W-140 GL-5 tambor","GL-5 85W-140 tambor","TAMBOR_200L","Combustibles y lubricantes"
2710,"COMB-0123","Aceite cadena motosierra cubeta","Aceite para cadena","CUBETA_19L","Combustibles y lubricantes"
2708,"COMB-0121","Aceite compresor piston cubeta","Aceite para reciprocantes","CUBETA_19L","Combustibles y lubricantes"
2709,"COMB-0122","Aceite compresor tornillo cubeta","Aceite para rotatorios","CUBETA_19L","Combustibles y lubricantes"
4591,"COMB-2004","Aceite de 2 tiempos","Aceite de 2 tiempos","PIEZA","Combustibles y lubricantes"
2618,"COMB-0031","Aceite hidraulico ISO 100 cubeta","Sistemas hidraulicos ISO 100","CUBETA_19L","Combustibles y lubricantes"
2619,"COMB-0032","Aceite hidraulico ISO 100 tambor","ISO 100 alto volumen","TAMBOR_200L","Combustibles y lubricantes"
2620,"COMB-0033","Aceite hidraulico ISO 150 cubeta","Sistemas hidraulicos ISO 150","CUBETA_19L","Combustibles y lubricantes"
2621,"COMB-0034","Aceite hidraulico ISO 150 tambor","ISO 150 alto volumen","TAMBOR_200L","Combustibles y lubricantes"
2612,"COMB-0025","Aceite hidraulico ISO 32 cubeta","Sistemas hidraulicos ISO 32","CUBETA_19L","Combustibles y lubricantes"
2613,"COMB-0026","Aceite hidraulico ISO 32 tambor","ISO 32 alto volumen","TAMBOR_200L","Combustibles y lubricantes"
2614,"COMB-0027","Aceite hidraulico ISO 46 cubeta","Sistemas hidraulicos ISO 46","CUBETA_19L","Combustibles y lubricantes"
2615,"COMB-0028","Aceite hidraulico ISO 46 tambor","ISO 46 alto volumen","TAMBOR_200L","Combustibles y lubricantes"
2616,"COMB-0029","Aceite hidraulico ISO 68 cubeta","Sistemas hidraulicos ISO 68","CUBETA_19L","Combustibles y lubricantes"
2617,"COMB-0030","Aceite hidraulico ISO 68 tambor","ISO 68 alto volumen","TAMBOR_200L","Combustibles y lubricantes"
2707,"COMB-0120","Aceite martillo hidraulico cubeta","Aceite para rompedores","CUBETA_19L","Combustibles y lubricantes"
5091,"COMB-003","Aceite motor 15W-40","Aceite para motor diesel","CUBETA","Combustibles y lubricantes"
4382,"COMB-1795","Aceite motor variante -105","Aceite multiusos","CUBETA_19L","Combustibles y lubricantes"
4372,"COMB-1785","Aceite motor variante -115","Aceite multiusos","CUBETA_19L","Combustibles y lubricantes"
4362,"COMB-1775","Aceite motor variante -125","Aceite multiusos","CUBETA_19L","Combustibles y lubricantes"
4352,"COMB-1765","Aceite motor variante -135","Aceite multiusos","CUBETA_19L","Combustibles y lubricantes"
4342,"COMB-1755","Aceite motor variante -145","Aceite multiusos","CUBETA_19L","Combustibles y lubricantes"
4472,"COMB-1885","Aceite motor variante -15","Aceite multiusos","CUBETA_19L","Combustibles y lubricantes"
4332,"COMB-1745","Aceite motor variante -155","Aceite multiusos","CUBETA_19L","Combustibles y lubricantes"
4322,"COMB-1735","Aceite motor variante -165","Aceite multiusos","CUBETA_19L","Combustibles y lubricantes"
4312,"COMB-1725","Aceite motor variante -175","Aceite multiusos","CUBETA_19L","Combustibles y lubricantes"
4302,"COMB-1715","Aceite motor variante -185","Aceite multiusos","CUBETA_19L","Combustibles y lubricantes"
4292,"COMB-1705","Aceite motor variante -195","Aceite multiusos","CUBETA_19L","Combustibles y lubricantes"
4282,"COMB-1695","Aceite motor variante -205","Aceite multiusos","CUBETA_19L","Combustibles y lubricantes"
4272,"COMB-1685","Aceite motor variante -215","Aceite multiusos","CUBETA_19L","Combustibles y lubricantes"
4262,"COMB-1675","Aceite motor variante -225","Aceite multiusos","CUBETA_19L","Combustibles y lubricantes"
4252,"COMB-1665","Aceite motor variante -235","Aceite multiusos","CUBETA_19L","Combustibles y lubricantes"
4242,"COMB-1655","Aceite motor variante -245","Aceite multiusos","CUBETA_19L","Combustibles y lubricantes"
4462,"COMB-1875","Aceite motor variante -25","Aceite multiusos","CUBETA_19L","Combustibles y lubricantes"
4232,"COMB-1645","Aceite motor variante -255","Aceite multiusos","CUBETA_19L","Combustibles y lubricantes"
4222,"COMB-1635","Aceite motor variante -265","Aceite multiusos","CUBETA_19L","Combustibles y lubricantes"
4212,"COMB-1625","Aceite motor variante -275","Aceite multiusos","CUBETA_19L","Combustibles y lubricantes"
4202,"COMB-1615","Aceite motor variante -285","Aceite multiusos","CUBETA_19L","Combustibles y lubricantes"
4192,"COMB-1605","Aceite motor variante -295","Aceite multiusos","CUBETA_19L","Combustibles y lubricantes"
4182,"COMB-1595","Aceite motor variante -305","Aceite multiusos","CUBETA_19L","Combustibles y lubricantes"
4172,"COMB-1585","Aceite motor variante -315","Aceite multiusos","CUBETA_19L","Combustibles y lubricantes"
4162,"COMB-1575","Aceite motor variante -325","Aceite multiusos","CUBETA_19L","Combustibles y lubricantes"
4152,"COMB-1565","Aceite motor variante -335","Aceite multiusos","CUBETA_19L","Combustibles y lubricantes"
4142,"COMB-1555","Aceite motor variante -345","Aceite multiusos","CUBETA_19L","Combustibles y lubricantes"
4452,"COMB-1865","Aceite motor variante -35","Aceite multiusos","CUBETA_19L","Combustibles y lubricantes"
4132,"COMB-1545","Aceite motor variante -355","Aceite multiusos","CUBETA_19L","Combustibles y lubricantes"
4122,"COMB-1535","Aceite motor variante -365","Aceite multiusos","CUBETA_19L","Combustibles y lubricantes"
4112,"COMB-1525","Aceite motor variante -375","Aceite multiusos","CUBETA_19L","Combustibles y lubricantes"
4102,"COMB-1515","Aceite motor variante -385","Aceite multiusos","CUBETA_19L","Combustibles y lubricantes"
4092,"COMB-1505","Aceite motor variante -395","Aceite multiusos","CUBETA_19L","Combustibles y lubricantes"
4082,"COMB-1495","Aceite motor variante -405","Aceite multiusos","CUBETA_19L","Combustibles y lubricantes"
4072,"COMB-1485","Aceite motor variante -415","Aceite multiusos","CUBETA_19L","Combustibles y lubricantes"
4062,"COMB-1475","Aceite motor variante -425","Aceite multiusos","CUBETA_19L","Combustibles y lubricantes"
4052,"COMB-1465","Aceite motor variante -435","Aceite multiusos","CUBETA_19L","Combustibles y lubricantes"
4042,"COMB-1455","Aceite motor variante -445","Aceite multiusos","CUBETA_19L","Combustibles y lubricantes"
4442,"COMB-1855","Aceite motor variante -45","Aceite multiusos","CUBETA_19L","Combustibles y lubricantes"
4032,"COMB-1445","Aceite motor variante -455","Aceite multiusos","CUBETA_19L","Combustibles y lubricantes"
4022,"COMB-1435","Aceite motor variante -465","Aceite multiusos","CUBETA_19L","Combustibles y lubricantes"
4012,"COMB-1425","Aceite motor variante -475","Aceite multiusos","CUBETA_19L","Combustibles y lubricantes"
4002,"COMB-1415","Aceite motor variante -485","Aceite multiusos","CUBETA_19L","Combustibles y lubricantes"
3992,"COMB-1405","Aceite motor variante -495","Aceite multiusos","CUBETA_19L","Combustibles y lubricantes"
4482,"COMB-1895","Aceite motor variante -5","Aceite multiusos","CUBETA_19L","Combustibles y lubricantes"
3982,"COMB-1395","Aceite motor variante -505","Aceite multiusos","CUBETA_19L","Combustibles y lubricantes"
3972,"COMB-1385","Aceite motor variante -515","Aceite multiusos","CUBETA_19L","Combustibles y lubricantes"
3962,"COMB-1375","Aceite motor variante -525","Aceite multiusos","CUBETA_19L","Combustibles y lubricantes"
3952,"COMB-1365","Aceite motor variante -535","Aceite multiusos","CUBETA_19L","Combustibles y lubricantes"
3942,"COMB-1355","Aceite motor variante -545","Aceite multiusos","CUBETA_19L","Combustibles y lubricantes"
4432,"COMB-1845","Aceite motor variante -55","Aceite multiusos","CUBETA_19L","Combustibles y lubricantes"
3932,"COMB-1345","Aceite motor variante -555","Aceite multiusos","CUBETA_19L","Combustibles y lubricantes"
3922,"COMB-1335","Aceite motor variante -565","Aceite multiusos","CUBETA_19L","Combustibles y lubricantes"
3912,"COMB-1325","Aceite motor variante -575","Aceite multiusos","CUBETA_19L","Combustibles y lubricantes"
3902,"COMB-1315","Aceite motor variante -585","Aceite multiusos","CUBETA_19L","Combustibles y lubricantes"
3892,"COMB-1305","Aceite motor variante -595","Aceite multiusos","CUBETA_19L","Combustibles y lubricantes"
3882,"COMB-1295","Aceite motor variante -605","Aceite multiusos","CUBETA_19L","Combustibles y lubricantes"
3872,"COMB-1285","Aceite motor variante -615","Aceite multiusos","CUBETA_19L","Combustibles y lubricantes"
3862,"COMB-1275","Aceite motor variante -625","Aceite multiusos","CUBETA_19L","Combustibles y lubricantes"
3852,"COMB-1265","Aceite motor variante -635","Aceite multiusos","CUBETA_19L","Combustibles y lubricantes"
3842,"COMB-1255","Aceite motor variante -645","Aceite multiusos","CUBETA_19L","Combustibles y lubricantes"
4422,"COMB-1835","Aceite motor variante -65","Aceite multiusos","CUBETA_19L","Combustibles y lubricantes"
3832,"COMB-1245","Aceite motor variante -655","Aceite multiusos","CUBETA_19L","Combustibles y lubricantes"
3822,"COMB-1235","Aceite motor variante -665","Aceite multiusos","CUBETA_19L","Combustibles y lubricantes"
3812,"COMB-1225","Aceite motor variante -675","Aceite multiusos","CUBETA_19L","Combustibles y lubricantes"
3802,"COMB-1215","Aceite motor variante -685","Aceite multiusos","CUBETA_19L","Combustibles y lubricantes"
3792,"COMB-1205","Aceite motor variante -695","Aceite multiusos","CUBETA_19L","Combustibles y lubricantes"
3782,"COMB-1195","Aceite motor variante -705","Aceite multiusos","CUBETA_19L","Combustibles y lubricantes"
3772,"COMB-1185","Aceite motor variante -715","Aceite multiusos","CUBETA_19L","Combustibles y lubricantes"
3762,"COMB-1175","Aceite motor variante -725","Aceite multiusos","CUBETA_19L","Combustibles y lubricantes"
3752,"COMB-1165","Aceite motor variante -735","Aceite multiusos","CUBETA_19L","Combustibles y lubricantes"
3742,"COMB-1155","Aceite motor variante -745","Aceite multiusos","CUBETA_19L","Combustibles y lubricantes"
4412,"COMB-1825","Aceite motor variante -75","Aceite multiusos","CUBETA_19L","Combustibles y lubricantes"
3732,"COMB-1145","Aceite motor variante -755","Aceite multiusos","CUBETA_19L","Combustibles y lubricantes"
3722,"COMB-1135","Aceite motor variante -765","Aceite multiusos","CUBETA_19L","Combustibles y lubricantes"
3712,"COMB-1125","Aceite motor variante -775","Aceite multiusos","CUBETA_19L","Combustibles y lubricantes"
3702,"COMB-1115","Aceite motor variante -785","Aceite multiusos","CUBETA_19L","Combustibles y lubricantes"
3692,"COMB-1105","Aceite motor variante -795","Aceite multiusos","CUBETA_19L","Combustibles y lubricantes"
3682,"COMB-1095","Aceite motor variante -805","Aceite multiusos","CUBETA_19L","Combustibles y lubricantes"
3672,"COMB-1085","Aceite motor variante -815","Aceite multiusos","CUBETA_19L","Combustibles y lubricantes"
3662,"COMB-1075","Aceite motor variante -825","Aceite multiusos","CUBETA_19L","Combustibles y lubricantes"
3652,"COMB-1065","Aceite motor variante -835","Aceite multiusos","CUBETA_19L","Combustibles y lubricantes"
3642,"COMB-1055","Aceite motor variante -845","Aceite multiusos","CUBETA_19L","Combustibles y lubricantes"
4402,"COMB-1815","Aceite motor variante -85","Aceite multiusos","CUBETA_19L","Combustibles y lubricantes"
3632,"COMB-1045","Aceite motor variante -855","Aceite multiusos","CUBETA_19L","Combustibles y lubricantes"
3622,"COMB-1035","Aceite motor variante -865","Aceite multiusos","CUBETA_19L","Combustibles y lubricantes"
3612,"COMB-1025","Aceite motor variante -875","Aceite multiusos","CUBETA_19L","Combustibles y lubricantes"
3602,"COMB-1015","Aceite motor variante -885","Aceite multiusos","CUBETA_19L","Combustibles y lubricantes"
3592,"COMB-1005","Aceite motor variante -895","Aceite multiusos","CUBETA_19L","Combustibles y lubricantes"
3582,"COMB-0995","Aceite motor variante -905","Aceite multiusos","CUBETA_19L","Combustibles y lubricantes"
3572,"COMB-0985","Aceite motor variante -915","Aceite multiusos","CUBETA_19L","Combustibles y lubricantes"
3562,"COMB-0975","Aceite motor variante -925","Aceite multiusos","CUBETA_19L","Combustibles y lubricantes"
3552,"COMB-0965","Aceite motor variante -935","Aceite multiusos","CUBETA_19L","Combustibles y lubricantes"
3542,"COMB-0955","Aceite motor variante -945","Aceite multiusos","CUBETA_19L","Combustibles y lubricantes"
4392,"COMB-1805","Aceite motor variante -95","Aceite multiusos","CUBETA_19L","Combustibles y lubricantes"
4502,"COMB-1915","Aceite motor variante 15","Aceite multiusos","CUBETA_19L","Combustibles y lubricantes"
4512,"COMB-1925","Aceite motor variante 25","Aceite multiusos","CUBETA_19L","Combustibles y lubricantes"
4522,"COMB-1935","Aceite motor variante 35","Aceite multiusos","CUBETA_19L","Combustibles y lubricantes"
4532,"COMB-1945","Aceite motor variante 45","Aceite multiusos","CUBETA_19L","Combustibles y lubricantes"
4492,"COMB-1905","Aceite motor variante 5","Aceite multiusos","CUBETA_19L","Combustibles y lubricantes"
4542,"COMB-1955","Aceite motor variante 55","Aceite multiusos","CUBETA_19L","Combustibles y lubricantes"
4552,"COMB-1965","Aceite motor variante 65","Aceite multiusos","CUBETA_19L","Combustibles y lubricantes"
4562,"COMB-1975","Aceite motor variante 75","Aceite multiusos","CUBETA_19L","Combustibles y lubricantes"
4572,"COMB-1985","Aceite motor variante 85","Aceite multiusos","CUBETA_19L","Combustibles y lubricantes"
4582,"COMB-1995","Aceite motor variante 95","Aceite multiusos","CUBETA_19L","Combustibles y lubricantes"
2622,"COMB-0035","Aceite SAE 10W TO-4 cubeta","Transmisiones powershift SAE 10W","CUBETA_19L","Combustibles y lubricantes"
2623,"COMB-0036","Aceite SAE 10W TO-4 tambor","TO-4 SAE 10W tambor","TAMBOR_200L","Combustibles y lubricantes"
2624,"COMB-0037","Aceite SAE 30 TO-4 cubeta","Transmisiones powershift SAE 30","CUBETA_19L","Combustibles y lubricantes"
2625,"COMB-0038","Aceite SAE 30 TO-4 tambor","TO-4 SAE 30 tambor","TAMBOR_200L","Combustibles y lubricantes"
2626,"COMB-0039","Aceite SAE 50 TO-4 cubeta","Transmisiones powershift SAE 50","CUBETA_19L","Combustibles y lubricantes"
2627,"COMB-0040","Aceite SAE 50 TO-4 tambor","TO-4 SAE 50 tambor","TAMBOR_200L","Combustibles y lubricantes"
4664,"COMB-2077","ACEITES PARA CAMIONETA FRONTIER","ACEITES PARA CAMIONETA FRONTIER","PIEZA","Combustibles y lubricantes"
2652,"COMB-0065","AdBlue DEF cubeta 20L","Solucion urea Tier 4","CUBETA_20L","Combustibles y lubricantes"
2654,"COMB-0067","AdBlue DEF IBC 1000L","Contenedor intermedio","IBC_1000L","Combustibles y lubricantes"
2653,"COMB-0066","AdBlue DEF tambor 200L","AdBlue tambor","TAMBOR_200L","Combustibles y lubricantes"
2665,"COMB-0078","Aditivo anticorrosivo litro","Proteccion sistema","LITRO","Combustibles y lubricantes"
2662,"COMB-0075","Aditivo antihumo litro","Reduce emisiones","LITRO","Combustibles y lubricantes"
2664,"COMB-0077","Aditivo estabilizador aceite litro","Reduce consumo","LITRO","Combustibles y lubricantes"
2661,"COMB-0074","Aditivo limpiador inyectores litro","Limpieza combustible","LITRO","Combustibles y lubricantes"
2666,"COMB-0079","Aditivo mejorador cetano litro","Mejora combustion","LITRO","Combustibles y lubricantes"
2663,"COMB-0076","Aditivo sellador radiador litro","Repara fugas","LITRO","Combustibles y lubricantes"
4618,"COMB-2031","ADITIVOS Y GASOLINA PARA PODER UTILIZAR LAS BAILARINAS","ADITIVOS Y GASOLINA PARA PODER UTILIZAR LAS BAILARINAS","PIEZA","Combustibles y lubricantes"
4617,"COMB-2030","CARGA DE GASOLINA FRONTIER","CARGA DE GASOLINA FRONTIER","PIEZA","Combustibles y lubricantes"
4639,"COMB-2052","Carga gasolina","Carga gasolina","PIEZA","Combustibles y lubricantes"
4658,"COMB-2071","Chevy diesel","Chevy diesel","PIEZA","Combustibles y lubricantes"
4654,"COMB-2067","Compactacion","Compactacion","PIEZA","Combustibles y lubricantes"
4608,"COMB-2021","Compactacion de terracerias","Compactacion de terracerias","PIEZA","Combustibles y lubricantes"
4646,"COMB-2059","CONCRETO MATRA","CONCRETO MATRA","PIEZA","Combustibles y lubricantes"
4593,"COMB-2006","Corte en tomas","Corte en tomas","PIEZA","Combustibles y lubricantes"
2588,"COMB-0001","Diesel automotriz","Combustible maquinaria pesada","LITRO","Combustibles y lubricantes"
2589,"COMB-0002","Diesel bajo azufre ULSD","Ultra bajo azufre Tier 4","LITRO","Combustibles y lubricantes"
4643,"COMB-2056","Diesel cat","diesel cat","PIEZA","Combustibles y lubricantes"
4659,"COMB-2072","DIESEL EXCAVADAORA CAPAS","DIESEL EXCAVADAORA CAPAS","PIEZA","Combustibles y lubricantes"
4665,"COMB-2078","DIESEL EXCAVADORA","DIESEL EXCAVADORA","PIEZA","Combustibles y lubricantes"
4645,"COMB-2058","DIESEL EXCAVADORAS","DIESEL EXCAVADORAS","PIEZA","Combustibles y lubricantes"
4620,"COMB-2033","Diesel motoconformadora","diesel motoconformadora","PIEZA","Combustibles y lubricantes"
4636,"COMB-2049","Diesel para el mini","diesel para el mini","PIEZA","Combustibles y lubricantes"
4589,"COMB-2002","Diesel para el mini cargador Limpieza y terminar de rellenar","diesel para el mini cargador Limpieza y terminar de rellenar","PIEZA","Combustibles y lubricantes"
4627,"COMB-2040","Diesel para excavadora en Jose flores capas","diesel para excavadora en Jose flores capas","PIEZA","Combustibles y lubricantes"
4661,"COMB-2074","DIESEL PARA LA RETROEXCAVADORA CAPAS","DIESEL PARA LA RETROEXCAVADORA CAPAS","PIEZA","Combustibles y lubricantes"
4629,"COMB-2042","Diesel para moto","diesel para moto","PIEZA","Combustibles y lubricantes"
4596,"COMB-2009","Diesel para motoconformadora","diesel para motoconformadora","PIEZA","Combustibles y lubricantes"
4633,"COMB-2046","Diesel para retro case","diesel para retro case","PIEZA","Combustibles y lubricantes"
4653,"COMB-2066","Diesel para vibrocompactador","diesel para vibrocompactador","PIEZA","Combustibles y lubricantes"
4606,"COMB-2019","Diesel retro case","diesel retro case","PIEZA","Combustibles y lubricantes"
4611,"COMB-2024","Diesel retro CAT","diesel retro CAT","PIEZA","Combustibles y lubricantes"
4609,"COMB-2022","Diesel retro JCB","diesel retro JCB","PIEZA","Combustibles y lubricantes"
4607,"COMB-2020","Diesel vibrocompactador","diesel vibrocompactador","PIEZA","Combustibles y lubricantes"
4588,"COMB-2001","EXCAVACION DE CAJONES APRA ZAPATAS (Diesel para excavadora 210 G - LG)","EXCAVACION DE CAJONES APRA ZAPATAS (Diesel para excavadora 2...","PIEZA","Combustibles y lubricantes"
2699,"COMB-0112","Filtro aceite motor Bobcat","Filtro aceite motor maquinaria Bobcat","PIEZA","Combustibles y lubricantes"
2679,"COMB-0092","Filtro aceite motor Case","Filtro aceite motor maquinaria Case","PIEZA","Combustibles y lubricantes"
2667,"COMB-0080","Filtro aceite motor CAT","Filtro aceite motor maquinaria CAT","PIEZA","Combustibles y lubricantes"
2687,"COMB-0100","Filtro aceite motor Hitachi","Filtro aceite motor maquinaria Hitachi","PIEZA","Combustibles y lubricantes"
2695,"COMB-0108","Filtro aceite motor JCB","Filtro aceite motor maquinaria JCB","PIEZA","Combustibles y lubricantes"
2675,"COMB-0088","Filtro aceite motor John Deere","Filtro aceite motor maquinaria John Deere","PIEZA","Combustibles y lubricantes"
2691,"COMB-0104","Filtro aceite motor Kobelco","Filtro aceite motor maquinaria Kobelco","PIEZA","Combustibles y lubricantes"
2671,"COMB-0084","Filtro aceite motor Komatsu","Filtro aceite motor maquinaria Komatsu","PIEZA","Combustibles y lubricantes"
2703,"COMB-0116","Filtro aceite motor New Holland","Filtro aceite motor maquinaria New Holland","PIEZA","Combustibles y lubricantes"
2683,"COMB-0096","Filtro aceite motor Volvo","Filtro aceite motor maquinaria Volvo","PIEZA","Combustibles y lubricantes"
2702,"COMB-0115","Filtro combustible primario Bobcat","Filtro combustible primario maquinaria Bobcat","PIEZA","Combustibles y lubricantes"
2682,"COMB-0095","Filtro combustible primario Case","Filtro combustible primario maquinaria Case","PIEZA","Combustibles y lubricantes"
2670,"COMB-0083","Filtro combustible primario CAT","Filtro combustible primario maquinaria CAT","PIEZA","Combustibles y lubricantes"
2690,"COMB-0103","Filtro combustible primario Hitachi","Filtro combustible primario maquinaria Hitachi","PIEZA","Combustibles y lubricantes"
2698,"COMB-0111","Filtro combustible primario JCB","Filtro combustible primario maquinaria JCB","PIEZA","Combustibles y lubricantes"
2678,"COMB-0091","Filtro combustible primario John Deere","Filtro combustible primario maquinaria John Deere","PIEZA","Combustibles y lubricantes"
2694,"COMB-0107","Filtro combustible primario Kobelco","Filtro combustible primario maquinaria Kobelco","PIEZA","Combustibles y lubricantes"
2674,"COMB-0087","Filtro combustible primario Komatsu","Filtro combustible primario maquinaria Komatsu","PIEZA","Combustibles y lubricantes"
2706,"COMB-0119","Filtro combustible primario New Holland","Filtro combustible primario maquinaria New Holland","PIEZA","Combustibles y lubricantes"
2686,"COMB-0099","Filtro combustible primario Volvo","Filtro combustible primario maquinaria Volvo","PIEZA","Combustibles y lubricantes"
2701,"COMB-0114","Filtro hidraulico piloto Bobcat","Filtro hidraulico piloto maquinaria Bobcat","PIEZA","Combustibles y lubricantes"
2681,"COMB-0094","Filtro hidraulico piloto Case","Filtro hidraulico piloto maquinaria Case","PIEZA","Combustibles y lubricantes"
2669,"COMB-0082","Filtro hidraulico piloto CAT","Filtro hidraulico piloto maquinaria CAT","PIEZA","Combustibles y lubricantes"
2689,"COMB-0102","Filtro hidraulico piloto Hitachi","Filtro hidraulico piloto maquinaria Hitachi","PIEZA","Combustibles y lubricantes"
2697,"COMB-0110","Filtro hidraulico piloto JCB","Filtro hidraulico piloto maquinaria JCB","PIEZA","Combustibles y lubricantes"
2677,"COMB-0090","Filtro hidraulico piloto John Deere","Filtro hidraulico piloto maquinaria John Deere","PIEZA","Combustibles y lubricantes"
2693,"COMB-0106","Filtro hidraulico piloto Kobelco","Filtro hidraulico piloto maquinaria Kobelco","PIEZA","Combustibles y lubricantes"
2673,"COMB-0086","Filtro hidraulico piloto Komatsu","Filtro hidraulico piloto maquinaria Komatsu","PIEZA","Combustibles y lubricantes"
2705,"COMB-0118","Filtro hidraulico piloto New Holland","Filtro hidraulico piloto maquinaria New Holland","PIEZA","Combustibles y lubricantes"
2685,"COMB-0098","Filtro hidraulico piloto Volvo","Filtro hidraulico piloto maquinaria Volvo","PIEZA","Combustibles y lubricantes"
2700,"COMB-0113","Filtro hidraulico retorno Bobcat","Filtro hidraulico retorno maquinaria Bobcat","PIEZA","Combustibles y lubricantes"
2680,"COMB-0093","Filtro hidraulico retorno Case","Filtro hidraulico retorno maquinaria Case","PIEZA","Combustibles y lubricantes"
2668,"COMB-0081","Filtro hidraulico retorno CAT","Filtro hidraulico retorno maquinaria CAT","PIEZA","Combustibles y lubricantes"
2688,"COMB-0101","Filtro hidraulico retorno Hitachi","Filtro hidraulico retorno maquinaria Hitachi","PIEZA","Combustibles y lubricantes"
2696,"COMB-0109","Filtro hidraulico retorno JCB","Filtro hidraulico retorno maquinaria JCB","PIEZA","Combustibles y lubricantes"
2676,"COMB-0089","Filtro hidraulico retorno John Deere","Filtro hidraulico retorno maquinaria John Deere","PIEZA","Combustibles y lubricantes"
2692,"COMB-0105","Filtro hidraulico retorno Kobelco","Filtro hidraulico retorno maquinaria Kobelco","PIEZA","Combustibles y lubricantes"
2672,"COMB-0085","Filtro hidraulico retorno Komatsu","Filtro hidraulico retorno maquinaria Komatsu","PIEZA","Combustibles y lubricantes"
2704,"COMB-0117","Filtro hidraulico retorno New Holland","Filtro hidraulico retorno maquinaria New Holland","PIEZA","Combustibles y lubricantes"
2684,"COMB-0097","Filtro hidraulico retorno Volvo","Filtro hidraulico retorno maquinaria Volvo","PIEZA","Combustibles y lubricantes"
4590,"COMB-2003","Fossell en avenida ojocaliente","Fossell en avenida ojocaliente","PIEZA","Combustibles y lubricantes"
4603,"COMB-2016","Frontier","Frontier","PIEZA","Combustibles y lubricantes"
4635,"COMB-2048","Fuentes del Lago","Fuentes del Lago","PIEZA","Combustibles y lubricantes"
4615,"COMB-2028","Fuentes del Lago ING PUSO REQ 107","Fuentes del Lago ING PUSO REQ 107","PIEZA","Combustibles y lubricantes"
4632,"COMB-2045","GAS PARA JCB","GAS PARA JCB","PIEZA","Combustibles y lubricantes"
4613,"COMB-2026","Gasolina","Gasolina","PIEZA","Combustibles y lubricantes"
4652,"COMB-2065","Gasolina bailarina CAPAS","gasolina bailarina CAPAS","PIEZA","Combustibles y lubricantes"
4622,"COMB-2035","GASOLINA BAILARINA Y LUV","GASOLINA BAILARINA Y LUV","PIEZA","Combustibles y lubricantes"
4623,"COMB-2036","GASOLINA FRONTIER","GASOLINA FRONTIER","PIEZA","Combustibles y lubricantes"
4660,"COMB-2073","GASOLINA FRONTIER TRASLADOS","GASOLINA FRONTIER TRASLADOS","PIEZA","Combustibles y lubricantes"
4612,"COMB-2025","Gasolina LUV","gasolina LUV","PIEZA","Combustibles y lubricantes"
4642,"COMB-2055","GASOLINA LUV TRASLADOS","GASOLINA LUV TRASLADOS","PIEZA","Combustibles y lubricantes"
5090,"COMB-002","Gasolina Magna","Gasolina regular 87 octanos","LITRO","Combustibles y lubricantes"
2590,"COMB-0003","Gasolina Magna 87 octanos","Vehiculos ligeros","LITRO","Combustibles y lubricantes"
4601,"COMB-2014","Gasolina para el Chevy .","Gasolina para el Chevy .","PIEZA","Combustibles y lubricantes"
4640,"COMB-2053","GASOLINA PARA LA EXCAVADORA","GASOLINA PARA LA EXCAVADORA","PIEZA","Combustibles y lubricantes"
4628,"COMB-2041","Gasolina para luv","gasolina para luv","PIEZA","Combustibles y lubricantes"
2591,"COMB-0004","Gasolina Premium 91 octanos","Alto octanaje","LITRO","Combustibles y lubricantes"
4663,"COMB-2076","GASOLINA TRASLADOS DOBLE RODADO","GASOLINA TRASLADOS DOBLE RODADO","PIEZA","Combustibles y lubricantes"
4662,"COMB-2075","GASOLINA TRASLADOS VENTO","GASOLINA TRASLADOS VENTO","PIEZA","Combustibles y lubricantes"
4626,"COMB-2039","Gasolina Tsruru","gasolina Tsruru","PIEZA","Combustibles y lubricantes"
4594,"COMB-2007","Gasolina Tsuru","gasolina Tsuru","PIEZA","Combustibles y lubricantes"
4598,"COMB-2011","GASOLINA VENTO Y TSURU","GASOLINA VENTO Y TSURU","PIEZA","Combustibles y lubricantes"
2651,"COMB-0064","Grasa calcio cartucho 400g","Grasa humedad cartucho","CARTUCHO_400G","Combustibles y lubricantes"
2649,"COMB-0062","Grasa calcio cubeta 19kg","Grasa humedad","CUBETA_19KG","Combustibles y lubricantes"
2650,"COMB-0063","Grasa calcio tambor 180kg","Grasa humedad tambor","TAMBOR_180KG","Combustibles y lubricantes"
2639,"COMB-0052","Grasa complejo litio cartucho 400g","Grasa alta temp cartucho","CARTUCHO_400G","Combustibles y lubricantes"
2637,"COMB-0050","Grasa complejo litio cubeta 19kg","Grasa alta temp","CUBETA_19KG","Combustibles y lubricantes"
2638,"COMB-0051","Grasa complejo litio tambor 180kg","Grasa alta temp tambor","TAMBOR_180KG","Combustibles y lubricantes"
2636,"COMB-0049","Grasa EP litio No.2 cartucho 400g","Grasa multiusos cartucho","CARTUCHO_400G","Combustibles y lubricantes"
2634,"COMB-0047","Grasa EP litio No.2 cubeta 19kg","Grasa multiusos","CUBETA_19KG","Combustibles y lubricantes"
2635,"COMB-0048","Grasa EP litio No.2 tambor 180kg","Grasa multiusos tambor","TAMBOR_180KG","Combustibles y lubricantes"
5092,"COMB-004","Grasa EP-2","Grasa multipropósito","CARTUCHO","Combustibles y lubricantes"
2645,"COMB-0058","Grasa grafitada cartucho 400g","Grasa pines cartucho","CARTUCHO_400G","Combustibles y lubricantes"
2643,"COMB-0056","Grasa grafitada cubeta 19kg","Grasa pines","CUBETA_19KG","Combustibles y lubricantes"
2644,"COMB-0057","Grasa grafitada tambor 180kg","Grasa pines tambor","TAMBOR_180KG","Combustibles y lubricantes"
2642,"COMB-0055","Grasa molibdeno EP cartucho 400g","Grasa impacto cartucho","CARTUCHO_400G","Combustibles y lubricantes"
2640,"COMB-0053","Grasa molibdeno EP cubeta 19kg","Grasa impacto","CUBETA_19KG","Combustibles y lubricantes"
2641,"COMB-0054","Grasa molibdeno EP tambor 180kg","Grasa impacto tambor","TAMBOR_180KG","Combustibles y lubricantes"
2648,"COMB-0061","Grasa sintetica cartucho 400g","Grasa alto rendimiento cartucho","CARTUCHO_400G","Combustibles y lubricantes"
2646,"COMB-0059","Grasa sintetica cubeta 19kg","Grasa alto rendimiento","CUBETA_19KG","Combustibles y lubricantes"
2647,"COMB-0060","Grasa sintetica tambor 180kg","Grasa alto rendimiento tambor","TAMBOR_180KG","Combustibles y lubricantes"
4637,"COMB-2050","Limpieza","Limpieza","PIEZA","Combustibles y lubricantes"
4657,"COMB-2070","MINI diesel","MINI diesel","PIEZA","Combustibles y lubricantes"
4631,"COMB-2044","Mira valle","Mira valle","PIEZA","Combustibles y lubricantes"
4602,"COMB-2015","Movimientos de oficina a la ciudad","Movimientos de oficina a la ciudad","PIEZA","Combustibles y lubricantes"
4600,"COMB-2013","OFICINA","OFICINA","PIEZA","Combustibles y lubricantes"
4605,"COMB-2018","Ojocaliente","Ojocaliente","PIEZA","Combustibles y lubricantes"
4649,"COMB-2062","Parque Teran","Parque Teran","PIEZA","Combustibles y lubricantes"
4619,"COMB-2032","Pinar del lago","Pinar del lago","PIEZA","Combustibles y lubricantes"
4625,"COMB-2038","RED SIGLO XXI","RED SIGLO XXI","PIEZA","Combustibles y lubricantes"
2660,"COMB-0073","Refrigerante naranja OAT cubeta","Refrigerante acidos organicos cubeta","CUBETA_19L","Combustibles y lubricantes"
2659,"COMB-0072","Refrigerante naranja OAT galon","Anticongelante acidos organicos","GALON_4L","Combustibles y lubricantes"
2658,"COMB-0071","Refrigerante rojo ELC cubeta","Refrigerante vida extendida cubeta","CUBETA_19L","Combustibles y lubricantes"
2657,"COMB-0070","Refrigerante rojo ELC galon","Anticongelante vida extendida","GALON_4L","Combustibles y lubricantes"
2656,"COMB-0069","Refrigerante verde cubeta","Refrigerante convencional cubeta","CUBETA_19L","Combustibles y lubricantes"
2655,"COMB-0068","Refrigerante verde galon","Anticongelante convencional","GALON_4L","Combustibles y lubricantes"
4599,"COMB-2012","REQ DE OBRA","REQ DE OBRA","PIEZA","Combustibles y lubricantes"
4624,"COMB-2037","REQ OBRA :","REQ OBRA :","PIEZA","Combustibles y lubricantes"
4621,"COMB-2034","REQ OBRA:","REQ OBRA:","PIEZA","Combustibles y lubricantes"
4656,"COMB-2069","Retro CAT diesel","retro CAT diesel","PIEZA","Combustibles y lubricantes"
4641,"COMB-2054","Retro jcb","retro jcb","PIEZA","Combustibles y lubricantes"
4655,"COMB-2068","Retro JCB dieseL","retro JCB dieseL","PIEZA","Combustibles y lubricantes"
4604,"COMB-2017","SUGERENCIA DE COMPRA:","SUGERENCIA DE COMPRA:","PIEZA","Combustibles y lubricantes"
4651,"COMB-2064","SUGERENCIA DE COMPRA: ojocaliente","SUGERENCIA DE COMPRA: ojocaliente","PIEZA","Combustibles y lubricantes"
4610,"COMB-2023","Trabajos en linea de agua","Trabajos en linea de agua","LITRO","Combustibles y lubricantes"
4597,"COMB-2010","Trabajos en terraceria","Trabajos en terraceria","SERVICIO","Combustibles y lubricantes"
4630,"COMB-2043","Trabajos en terracerias","Trabajos en terracerias","SERVICIO","Combustibles y lubricantes"
4616,"COMB-2029","Translados","Translados","PIEZA","Combustibles y lubricantes"
4595,"COMB-2008","Traslados","Traslados","PIEZA","Combustibles y lubricantes"
4614,"COMB-2027","Traslados obra","Traslados obra","PIEZA","Combustibles y lubricantes"
4634,"COMB-2047","Traslados obras","Traslados obras","PIEZA","Combustibles y lubricantes"
5102,"CONC-004","Cemento gris 50kg","Cemento Portland CPC 30R","SACO","Concretos asfaltos"
5099,"CONC-001","Concreto premezclado fc150","Resistencia 150 kg/cm2","M3","Concretos asfaltos"
5100,"CONC-002","Concreto premezclado fc200","Resistencia 200 kg/cm2","M3","Concretos asfaltos"
5101,"CONC-003","Concreto premezclado fc250","Resistencia 250 kg/cm2","M3","Concretos asfaltos"
2861,"CONC-0274","Aditivo acelerante fraguado cubeta","Acelera fraguado cubeta","CUBETA_19L","Concretos asfaltos y estabilizantes"
2860,"CONC-0273","Aditivo acelerante fraguado litro","Acelera fraguado","LITRO","Concretos asfaltos y estabilizantes"
2875,"CONC-0288","Aditivo expansor grout cubeta","Morteros anclaje cubeta","CUBETA_19L","Concretos asfaltos y estabilizantes"
2874,"CONC-0287","Aditivo expansor grout litro","Morteros anclaje","LITRO","Concretos asfaltos y estabilizantes"
2873,"CONC-0286","Aditivo fibra polipropileno cubeta","Control grietas cubeta","CUBETA_19L","Concretos asfaltos y estabilizantes"
2872,"CONC-0285","Aditivo fibra polipropileno litro","Control grietas","LITRO","Concretos asfaltos y estabilizantes"
2871,"CONC-0284","Aditivo impermeabilizante integral cubeta","Impermeabiliza masa cubeta","CUBETA_19L","Concretos asfaltos y estabilizantes"
2870,"CONC-0283","Aditivo impermeabilizante integral litro","Impermeabiliza masa","LITRO","Concretos asfaltos y estabilizantes"
2869,"CONC-0282","Aditivo inclusor aire cubeta","Resistencia congelamiento cubeta","CUBETA_19L","Concretos asfaltos y estabilizantes"
2868,"CONC-0281","Aditivo inclusor aire litro","Resistencia congelamiento","LITRO","Concretos asfaltos y estabilizantes"
2865,"CONC-0278","Aditivo plastificante cubeta","Reduce agua 10-15% cubeta","CUBETA_19L","Concretos asfaltos y estabilizantes"
2864,"CONC-0277","Aditivo plastificante litro","Reduce agua 10-15%","LITRO","Concretos asfaltos y estabilizantes"
2863,"CONC-0276","Aditivo retardante fraguado cubeta","Retarda fraguado cubeta","CUBETA_19L","Concretos asfaltos y estabilizantes"
2862,"CONC-0275","Aditivo retardante fraguado litro","Retarda fraguado","LITRO","Concretos asfaltos y estabilizantes"
2867,"CONC-0280","Aditivo superplastificante cubeta","Reduce agua 20-30% cubeta","CUBETA_19L","Concretos asfaltos y estabilizantes"
2866,"CONC-0279","Aditivo superplastificante litro","Reduce agua 20-30%","LITRO","Concretos asfaltos y estabilizantes"
2854,"CONC-0267","Asfalto AC-20 cemento asfaltico","Mezclas calientes","TONELADA","Concretos asfaltos y estabilizantes"
2855,"CONC-0268","Asfalto modificado PG 76-22","Alto grado polimeros","TONELADA","Concretos asfaltos y estabilizantes"
2880,"CONC-0293","Bite ionico litro","Ionico suelos","LITRO","Concretos asfaltos y estabilizantes"
2878,"CONC-0291","Cal hidratada granel","Estabilizacion granel","TONELADA","Concretos asfaltos y estabilizantes"
2876,"CONC-0289","Cal hidratada saco 25 kg","Estabilizacion morteros","SACO_25KG","Concretos asfaltos y estabilizantes"
2877,"CONC-0290","Cal viva saco 25 kg","Oxido calcio","SACO_25KG","Concretos asfaltos y estabilizantes"
2838,"CONC-0251","Cemento albañileria saco 50 kg","Para morteros","SACO_50KG","Concretos asfaltos y estabilizantes"
2831,"CONC-0244","Cemento blanco saco 50 kg","Cemento acabados","SACO_50KG","Concretos asfaltos y estabilizantes"
2832,"CONC-0245","Cemento blanco tonelada","Cemento acabados por tonelada","TONELADA","Concretos asfaltos y estabilizantes"
2825,"CONC-0238","Cemento CPC 30R saco 50 kg","Cemento uso general","SACO_50KG","Concretos asfaltos y estabilizantes"
2826,"CONC-0239","Cemento CPC 30R tonelada","Cemento uso general por tonelada","TONELADA","Concretos asfaltos y estabilizantes"
2827,"CONC-0240","Cemento CPC 40 saco 50 kg","Cemento alta resistencia","SACO_50KG","Concretos asfaltos y estabilizantes"
2828,"CONC-0241","Cemento CPC 40 tonelada","Cemento alta resistencia por tonelada","TONELADA","Concretos asfaltos y estabilizantes"
2833,"CONC-0246","Cemento CPO 40 saco 50 kg","Cemento obras rapidas","SACO_50KG","Concretos asfaltos y estabilizantes"
2834,"CONC-0247","Cemento CPO 40 tonelada","Cemento obras rapidas por tonelada","TONELADA","Concretos asfaltos y estabilizantes"
2829,"CONC-0242","Cemento CPP saco 50 kg","Cemento puzolanico","SACO_50KG","Concretos asfaltos y estabilizantes"
2830,"CONC-0243","Cemento CPP tonelada","Cemento puzolanico por tonelada","TONELADA","Concretos asfaltos y estabilizantes"
2835,"CONC-0248","Cemento CRS saco 50 kg","Cemento sulfatos","SACO_50KG","Concretos asfaltos y estabilizantes"
2836,"CONC-0249","Cemento CRS tonelada","Cemento sulfatos por tonelada","TONELADA","Concretos asfaltos y estabilizantes"
2837,"CONC-0250","Cemento granel CPC 30R","Granel pipa","TONELADA","Concretos asfaltos y estabilizantes"
2879,"CONC-0292","Cemite estabilizante kg","Quimico suelos","KILOGRAMO","Concretos asfaltos y estabilizantes"
2819,"CONC-0232","Concreto autocompactante","Sin vibrado","METRO_CUBICO","Concretos asfaltos y estabilizantes"
4384,"CONC-1797","Concreto especial -105","Concreto especializado","METRO_CUBICO","Concretos asfaltos y estabilizantes"
4374,"CONC-1787","Concreto especial -115","Concreto especializado","METRO_CUBICO","Concretos asfaltos y estabilizantes"
4364,"CONC-1777","Concreto especial -125","Concreto especializado","METRO_CUBICO","Concretos asfaltos y estabilizantes"
4354,"CONC-1767","Concreto especial -135","Concreto especializado","METRO_CUBICO","Concretos asfaltos y estabilizantes"
4344,"CONC-1757","Concreto especial -145","Concreto especializado","METRO_CUBICO","Concretos asfaltos y estabilizantes"
4474,"CONC-1887","Concreto especial -15","Concreto especializado","METRO_CUBICO","Concretos asfaltos y estabilizantes"
4334,"CONC-1747","Concreto especial -155","Concreto especializado","METRO_CUBICO","Concretos asfaltos y estabilizantes"
4324,"CONC-1737","Concreto especial -165","Concreto especializado","METRO_CUBICO","Concretos asfaltos y estabilizantes"
4314,"CONC-1727","Concreto especial -175","Concreto especializado","METRO_CUBICO","Concretos asfaltos y estabilizantes"
4304,"CONC-1717","Concreto especial -185","Concreto especializado","METRO_CUBICO","Concretos asfaltos y estabilizantes"
4294,"CONC-1707","Concreto especial -195","Concreto especializado","METRO_CUBICO","Concretos asfaltos y estabilizantes"
4284,"CONC-1697","Concreto especial -205","Concreto especializado","METRO_CUBICO","Concretos asfaltos y estabilizantes"
4274,"CONC-1687","Concreto especial -215","Concreto especializado","METRO_CUBICO","Concretos asfaltos y estabilizantes"
4264,"CONC-1677","Concreto especial -225","Concreto especializado","METRO_CUBICO","Concretos asfaltos y estabilizantes"
4254,"CONC-1667","Concreto especial -235","Concreto especializado","METRO_CUBICO","Concretos asfaltos y estabilizantes"
4244,"CONC-1657","Concreto especial -245","Concreto especializado","METRO_CUBICO","Concretos asfaltos y estabilizantes"
4464,"CONC-1877","Concreto especial -25","Concreto especializado","METRO_CUBICO","Concretos asfaltos y estabilizantes"
4234,"CONC-1647","Concreto especial -255","Concreto especializado","METRO_CUBICO","Concretos asfaltos y estabilizantes"
4224,"CONC-1637","Concreto especial -265","Concreto especializado","METRO_CUBICO","Concretos asfaltos y estabilizantes"
4214,"CONC-1627","Concreto especial -275","Concreto especializado","METRO_CUBICO","Concretos asfaltos y estabilizantes"
4204,"CONC-1617","Concreto especial -285","Concreto especializado","METRO_CUBICO","Concretos asfaltos y estabilizantes"
4194,"CONC-1607","Concreto especial -295","Concreto especializado","METRO_CUBICO","Concretos asfaltos y estabilizantes"
4184,"CONC-1597","Concreto especial -305","Concreto especializado","METRO_CUBICO","Concretos asfaltos y estabilizantes"
4174,"CONC-1587","Concreto especial -315","Concreto especializado","METRO_CUBICO","Concretos asfaltos y estabilizantes"
4164,"CONC-1577","Concreto especial -325","Concreto especializado","METRO_CUBICO","Concretos asfaltos y estabilizantes"
4154,"CONC-1567","Concreto especial -335","Concreto especializado","METRO_CUBICO","Concretos asfaltos y estabilizantes"
4144,"CONC-1557","Concreto especial -345","Concreto especializado","METRO_CUBICO","Concretos asfaltos y estabilizantes"
4454,"CONC-1867","Concreto especial -35","Concreto especializado","METRO_CUBICO","Concretos asfaltos y estabilizantes"
4134,"CONC-1547","Concreto especial -355","Concreto especializado","METRO_CUBICO","Concretos asfaltos y estabilizantes"
4124,"CONC-1537","Concreto especial -365","Concreto especializado","METRO_CUBICO","Concretos asfaltos y estabilizantes"
4114,"CONC-1527","Concreto especial -375","Concreto especializado","METRO_CUBICO","Concretos asfaltos y estabilizantes"
4104,"CONC-1517","Concreto especial -385","Concreto especializado","METRO_CUBICO","Concretos asfaltos y estabilizantes"
4094,"CONC-1507","Concreto especial -395","Concreto especializado","METRO_CUBICO","Concretos asfaltos y estabilizantes"
4084,"CONC-1497","Concreto especial -405","Concreto especializado","METRO_CUBICO","Concretos asfaltos y estabilizantes"
4074,"CONC-1487","Concreto especial -415","Concreto especializado","METRO_CUBICO","Concretos asfaltos y estabilizantes"
4064,"CONC-1477","Concreto especial -425","Concreto especializado","METRO_CUBICO","Concretos asfaltos y estabilizantes"
4054,"CONC-1467","Concreto especial -435","Concreto especializado","METRO_CUBICO","Concretos asfaltos y estabilizantes"
4044,"CONC-1457","Concreto especial -445","Concreto especializado","METRO_CUBICO","Concretos asfaltos y estabilizantes"
4444,"CONC-1857","Concreto especial -45","Concreto especializado","METRO_CUBICO","Concretos asfaltos y estabilizantes"
4034,"CONC-1447","Concreto especial -455","Concreto especializado","METRO_CUBICO","Concretos asfaltos y estabilizantes"
4024,"CONC-1437","Concreto especial -465","Concreto especializado","METRO_CUBICO","Concretos asfaltos y estabilizantes"
4014,"CONC-1427","Concreto especial -475","Concreto especializado","METRO_CUBICO","Concretos asfaltos y estabilizantes"
4004,"CONC-1417","Concreto especial -485","Concreto especializado","METRO_CUBICO","Concretos asfaltos y estabilizantes"
3994,"CONC-1407","Concreto especial -495","Concreto especializado","METRO_CUBICO","Concretos asfaltos y estabilizantes"
4484,"CONC-1897","Concreto especial -5","Concreto especializado","METRO_CUBICO","Concretos asfaltos y estabilizantes"
3984,"CONC-1397","Concreto especial -505","Concreto especializado","METRO_CUBICO","Concretos asfaltos y estabilizantes"
3974,"CONC-1387","Concreto especial -515","Concreto especializado","METRO_CUBICO","Concretos asfaltos y estabilizantes"
3964,"CONC-1377","Concreto especial -525","Concreto especializado","METRO_CUBICO","Concretos asfaltos y estabilizantes"
3954,"CONC-1367","Concreto especial -535","Concreto especializado","METRO_CUBICO","Concretos asfaltos y estabilizantes"
3944,"CONC-1357","Concreto especial -545","Concreto especializado","METRO_CUBICO","Concretos asfaltos y estabilizantes"
4434,"CONC-1847","Concreto especial -55","Concreto especializado","METRO_CUBICO","Concretos asfaltos y estabilizantes"
3934,"CONC-1347","Concreto especial -555","Concreto especializado","METRO_CUBICO","Concretos asfaltos y estabilizantes"
3924,"CONC-1337","Concreto especial -565","Concreto especializado","METRO_CUBICO","Concretos asfaltos y estabilizantes"
3914,"CONC-1327","Concreto especial -575","Concreto especializado","METRO_CUBICO","Concretos asfaltos y estabilizantes"
3904,"CONC-1317","Concreto especial -585","Concreto especializado","METRO_CUBICO","Concretos asfaltos y estabilizantes"
3894,"CONC-1307","Concreto especial -595","Concreto especializado","METRO_CUBICO","Concretos asfaltos y estabilizantes"
3884,"CONC-1297","Concreto especial -605","Concreto especializado","METRO_CUBICO","Concretos asfaltos y estabilizantes"
3874,"CONC-1287","Concreto especial -615","Concreto especializado","METRO_CUBICO","Concretos asfaltos y estabilizantes"
3864,"CONC-1277","Concreto especial -625","Concreto especializado","METRO_CUBICO","Concretos asfaltos y estabilizantes"
3854,"CONC-1267","Concreto especial -635","Concreto especializado","METRO_CUBICO","Concretos asfaltos y estabilizantes"
3844,"CONC-1257","Concreto especial -645","Concreto especializado","METRO_CUBICO","Concretos asfaltos y estabilizantes"
4424,"CONC-1837","Concreto especial -65","Concreto especializado","METRO_CUBICO","Concretos asfaltos y estabilizantes"
3834,"CONC-1247","Concreto especial -655","Concreto especializado","METRO_CUBICO","Concretos asfaltos y estabilizantes"
3824,"CONC-1237","Concreto especial -665","Concreto especializado","METRO_CUBICO","Concretos asfaltos y estabilizantes"
3814,"CONC-1227","Concreto especial -675","Concreto especializado","METRO_CUBICO","Concretos asfaltos y estabilizantes"
3804,"CONC-1217","Concreto especial -685","Concreto especializado","METRO_CUBICO","Concretos asfaltos y estabilizantes"
3794,"CONC-1207","Concreto especial -695","Concreto especializado","METRO_CUBICO","Concretos asfaltos y estabilizantes"
3784,"CONC-1197","Concreto especial -705","Concreto especializado","METRO_CUBICO","Concretos asfaltos y estabilizantes"
3774,"CONC-1187","Concreto especial -715","Concreto especializado","METRO_CUBICO","Concretos asfaltos y estabilizantes"
3764,"CONC-1177","Concreto especial -725","Concreto especializado","METRO_CUBICO","Concretos asfaltos y estabilizantes"
3754,"CONC-1167","Concreto especial -735","Concreto especializado","METRO_CUBICO","Concretos asfaltos y estabilizantes"
3744,"CONC-1157","Concreto especial -745","Concreto especializado","METRO_CUBICO","Concretos asfaltos y estabilizantes"
4414,"CONC-1827","Concreto especial -75","Concreto especializado","METRO_CUBICO","Concretos asfaltos y estabilizantes"
3734,"CONC-1147","Concreto especial -755","Concreto especializado","METRO_CUBICO","Concretos asfaltos y estabilizantes"
3724,"CONC-1137","Concreto especial -765","Concreto especializado","METRO_CUBICO","Concretos asfaltos y estabilizantes"
3714,"CONC-1127","Concreto especial -775","Concreto especializado","METRO_CUBICO","Concretos asfaltos y estabilizantes"
3704,"CONC-1117","Concreto especial -785","Concreto especializado","METRO_CUBICO","Concretos asfaltos y estabilizantes"
3694,"CONC-1107","Concreto especial -795","Concreto especializado","METRO_CUBICO","Concretos asfaltos y estabilizantes"
3684,"CONC-1097","Concreto especial -805","Concreto especializado","METRO_CUBICO","Concretos asfaltos y estabilizantes"
3674,"CONC-1087","Concreto especial -815","Concreto especializado","METRO_CUBICO","Concretos asfaltos y estabilizantes"
3664,"CONC-1077","Concreto especial -825","Concreto especializado","METRO_CUBICO","Concretos asfaltos y estabilizantes"
3654,"CONC-1067","Concreto especial -835","Concreto especializado","METRO_CUBICO","Concretos asfaltos y estabilizantes"
3644,"CONC-1057","Concreto especial -845","Concreto especializado","METRO_CUBICO","Concretos asfaltos y estabilizantes"
4404,"CONC-1817","Concreto especial -85","Concreto especializado","METRO_CUBICO","Concretos asfaltos y estabilizantes"
3634,"CONC-1047","Concreto especial -855","Concreto especializado","METRO_CUBICO","Concretos asfaltos y estabilizantes"
3624,"CONC-1037","Concreto especial -865","Concreto especializado","METRO_CUBICO","Concretos asfaltos y estabilizantes"
3614,"CONC-1027","Concreto especial -875","Concreto especializado","METRO_CUBICO","Concretos asfaltos y estabilizantes"
3604,"CONC-1017","Concreto especial -885","Concreto especializado","METRO_CUBICO","Concretos asfaltos y estabilizantes"
3594,"CONC-1007","Concreto especial -895","Concreto especializado","METRO_CUBICO","Concretos asfaltos y estabilizantes"
3584,"CONC-0997","Concreto especial -905","Concreto especializado","METRO_CUBICO","Concretos asfaltos y estabilizantes"
3574,"CONC-0987","Concreto especial -915","Concreto especializado","METRO_CUBICO","Concretos asfaltos y estabilizantes"
3564,"CONC-0977","Concreto especial -925","Concreto especializado","METRO_CUBICO","Concretos asfaltos y estabilizantes"
3554,"CONC-0967","Concreto especial -935","Concreto especializado","METRO_CUBICO","Concretos asfaltos y estabilizantes"
3544,"CONC-0957","Concreto especial -945","Concreto especializado","METRO_CUBICO","Concretos asfaltos y estabilizantes"
4394,"CONC-1807","Concreto especial -95","Concreto especializado","METRO_CUBICO","Concretos asfaltos y estabilizantes"
4504,"CONC-1917","Concreto especial 15","Concreto especializado","METRO_CUBICO","Concretos asfaltos y estabilizantes"
4514,"CONC-1927","Concreto especial 25","Concreto especializado","METRO_CUBICO","Concretos asfaltos y estabilizantes"
4524,"CONC-1937","Concreto especial 35","Concreto especializado","METRO_CUBICO","Concretos asfaltos y estabilizantes"
4534,"CONC-1947","Concreto especial 45","Concreto especializado","METRO_CUBICO","Concretos asfaltos y estabilizantes"
4494,"CONC-1907","Concreto especial 5","Concreto especializado","METRO_CUBICO","Concretos asfaltos y estabilizantes"
4544,"CONC-1957","Concreto especial 55","Concreto especializado","METRO_CUBICO","Concretos asfaltos y estabilizantes"
4554,"CONC-1967","Concreto especial 65","Concreto especializado","METRO_CUBICO","Concretos asfaltos y estabilizantes"
4564,"CONC-1977","Concreto especial 75","Concreto especializado","METRO_CUBICO","Concretos asfaltos y estabilizantes"
4574,"CONC-1987","Concreto especial 85","Concreto especializado","METRO_CUBICO","Concretos asfaltos y estabilizantes"
4584,"CONC-1997","Concreto especial 95","Concreto especializado","METRO_CUBICO","Concretos asfaltos y estabilizantes"
2800,"CONC-0213","Concreto fc=100 bombeable","Concreto 100 alto revenimiento","METRO_CUBICO","Concretos asfaltos y estabilizantes"
2799,"CONC-0212","Concreto fc=100 kg/cm2","Concreto resistencia 100","METRO_CUBICO","Concretos asfaltos y estabilizantes"
2802,"CONC-0215","Concreto fc=150 bombeable","Concreto 150 alto revenimiento","METRO_CUBICO","Concretos asfaltos y estabilizantes"
2801,"CONC-0214","Concreto fc=150 kg/cm2","Concreto resistencia 150","METRO_CUBICO","Concretos asfaltos y estabilizantes"
2804,"CONC-0217","Concreto fc=200 bombeable","Concreto 200 alto revenimiento","METRO_CUBICO","Concretos asfaltos y estabilizantes"
2803,"CONC-0216","Concreto fc=200 kg/cm2","Concreto resistencia 200","METRO_CUBICO","Concretos asfaltos y estabilizantes"
2806,"CONC-0219","Concreto fc=250 bombeable","Concreto 250 alto revenimiento","METRO_CUBICO","Concretos asfaltos y estabilizantes"
2805,"CONC-0218","Concreto fc=250 kg/cm2","Concreto resistencia 250","METRO_CUBICO","Concretos asfaltos y estabilizantes"
2808,"CONC-0221","Concreto fc=300 bombeable","Concreto 300 alto revenimiento","METRO_CUBICO","Concretos asfaltos y estabilizantes"
2807,"CONC-0220","Concreto fc=300 kg/cm2","Concreto resistencia 300","METRO_CUBICO","Concretos asfaltos y estabilizantes"
2810,"CONC-0223","Concreto fc=350 bombeable","Concreto 350 alto revenimiento","METRO_CUBICO","Concretos asfaltos y estabilizantes"
2809,"CONC-0222","Concreto fc=350 kg/cm2","Concreto resistencia 350","METRO_CUBICO","Concretos asfaltos y estabilizantes"
2812,"CONC-0225","Concreto fc=400 bombeable","Concreto 400 alto revenimiento","METRO_CUBICO","Concretos asfaltos y estabilizantes"
2811,"CONC-0224","Concreto fc=400 kg/cm2","Concreto resistencia 400","METRO_CUBICO","Concretos asfaltos y estabilizantes"
2814,"CONC-0227","Concreto fc=450 bombeable","Concreto 450 alto revenimiento","METRO_CUBICO","Concretos asfaltos y estabilizantes"
2813,"CONC-0226","Concreto fc=450 kg/cm2","Concreto resistencia 450","METRO_CUBICO","Concretos asfaltos y estabilizantes"
2824,"CONC-0237","Concreto fibrorreforzado","Fibras acero","METRO_CUBICO","Concretos asfaltos y estabilizantes"
2823,"CONC-0236","Concreto grout fluido","Anclajes","METRO_CUBICO","Concretos asfaltos y estabilizantes"
2822,"CONC-0235","Concreto ligero","Agregado ligero","METRO_CUBICO","Concretos asfaltos y estabilizantes"
2815,"CONC-0228","Concreto MR-42 pavimentos","Hidraulico MR-42","METRO_CUBICO","Concretos asfaltos y estabilizantes"
2816,"CONC-0229","Concreto MR-45 pavimentos","Hidraulico MR-45","METRO_CUBICO","Concretos asfaltos y estabilizantes"
2817,"CONC-0230","Concreto MR-48 pavimentos","Hidraulico MR-48","METRO_CUBICO","Concretos asfaltos y estabilizantes"
2818,"CONC-0231","Concreto MR-50 pavimentos","Hidraulico MR-50","METRO_CUBICO","Concretos asfaltos y estabilizantes"
2821,"CONC-0234","Concreto permeable","Infiltracion","METRO_CUBICO","Concretos asfaltos y estabilizantes"
2820,"CONC-0233","Concreto shotcrete","Proyectado","METRO_CUBICO","Concretos asfaltos y estabilizantes"
2850,"CONC-0263","Emulsion ECI litro","Rompimiento impregnante","LITRO","Concretos asfaltos y estabilizantes"
2851,"CONC-0264","Emulsion ECI tambor","impregnante tambor","TAMBOR_200L","Concretos asfaltos y estabilizantes"
2848,"CONC-0261","Emulsion ECL-60 litro","Rompimiento lento","LITRO","Concretos asfaltos y estabilizantes"
2849,"CONC-0262","Emulsion ECL-60 tambor","lento tambor","TAMBOR_200L","Concretos asfaltos y estabilizantes"
2846,"CONC-0259","Emulsion ECM-60 litro","Rompimiento medio","LITRO","Concretos asfaltos y estabilizantes"
2847,"CONC-0260","Emulsion ECM-60 tambor","medio tambor","TAMBOR_200L","Concretos asfaltos y estabilizantes"
2844,"CONC-0257","Emulsion ECR-60 litro","Rompimiento rapido","LITRO","Concretos asfaltos y estabilizantes"
2845,"CONC-0258","Emulsion ECR-60 tambor","rapido tambor","TAMBOR_200L","Concretos asfaltos y estabilizantes"
2852,"CONC-0265","Emulsion EMP litro","Rompimiento polimeros","LITRO","Concretos asfaltos y estabilizantes"
2853,"CONC-0266","Emulsion EMP tambor","polimeros tambor","TAMBOR_200L","Concretos asfaltos y estabilizantes"
2856,"CONC-0269","Mezcla asfaltica caliente densa","Carpeta convencional","TONELADA","Concretos asfaltos y estabilizantes"
2857,"CONC-0270","Mezcla asfaltica SMA","Stone Mastic","TONELADA","Concretos asfaltos y estabilizantes"
2858,"CONC-0271","Mezcla fria bacheo saco 25 kg","Reparaciones","SACO_25KG","Concretos asfaltos y estabilizantes"
2859,"CONC-0272","Mezcla fria bacheo tambor","Bacheo mayor","TAMBOR_200KG","Concretos asfaltos y estabilizantes"
2842,"CONC-0255","Mortero adhesivo ceramico saco 40 kg","Mortero pisos","SACO_40KG","Concretos asfaltos y estabilizantes"
2841,"CONC-0254","Mortero aplanados saco 40 kg","Mortero recubrimientos","SACO_40KG","Concretos asfaltos y estabilizantes"
2843,"CONC-0256","Mortero impermeabilizado saco 40 kg","Mortero con aditivo","SACO_40KG","Concretos asfaltos y estabilizantes"
2840,"CONC-0253","Mortero para block saco 40 kg","Mortero mamposteria","SACO_40KG","Concretos asfaltos y estabilizantes"
2839,"CONC-0252","Mortero predosificado saco 40 kg","Mortero listo mezclar","SACO_40KG","Concretos asfaltos y estabilizantes"
5443,"ELEC-0029","Apagador doble","Linea economica","PIEZA","Electricidad"
5445,"ELEC-0031","Apagador escalera","3 vias","PIEZA","Electricidad"
5444,"ELEC-0030","Apagador triple","Linea economica","PIEZA","Electricidad"
5421,"ELEC-0007","Cable THW 10 AWG negro rollo 100m","Alto amperaje","ROLLO","Electricidad"
5420,"ELEC-0006","Cable THW 12 AWG blanco rollo 100m","Mayor capacidad","ROLLO","Electricidad"
5419,"ELEC-0005","Cable THW 12 AWG negro rollo 100m","Mayor capacidad","ROLLO","Electricidad"
5416,"ELEC-0002","Cable THW 14 AWG blanco rollo 100m","Para instalaciones","ROLLO","Electricidad"
5415,"ELEC-0001","Cable THW 14 AWG negro rollo 100m","Para instalaciones","ROLLO","Electricidad"
5417,"ELEC-0003","Cable THW 14 AWG rojo rollo 100m","Para instalaciones","ROLLO","Electricidad"
5418,"ELEC-0004","Cable THW 14 AWG verde rollo 100m","Tierra fisica","ROLLO","Electricidad"
5422,"ELEC-0008","Cable THW 8 AWG negro rollo 100m","Alimentadores","ROLLO","Electricidad"
5425,"ELEC-0011","Cable uso rudo 2x12 rollo 100m","Mayor capacidad","ROLLO","Electricidad"
5423,"ELEC-0009","Cable uso rudo 2x14 rollo 100m","Exterior","ROLLO","Electricidad"
5426,"ELEC-0012","Cable uso rudo 3x12 rollo 100m","Mayor capacidad","ROLLO","Electricidad"
5424,"ELEC-0010","Cable uso rudo 3x14 rollo 100m","Exterior con tierra","ROLLO","Electricidad"
5438,"ELEC-0024","Caja cuadrada 4x4 galvanizada","Registro","PIEZA","Electricidad"
5440,"ELEC-0026","Caja octagonal galvanizada","Luminarias","PIEZA","Electricidad"
5439,"ELEC-0025","Caja rectangular chalupa","Contactos","PIEZA","Electricidad"
5454,"ELEC-0040","Centro de carga 12 polos","Empotrar","PIEZA","Electricidad"
5451,"ELEC-0037","Centro de carga 2 polos","Empotrar","PIEZA","Electricidad"
5452,"ELEC-0038","Centro de carga 4 polos","Empotrar","PIEZA","Electricidad"
5453,"ELEC-0039","Centro de carga 8 polos","Empotrar","PIEZA","Electricidad"
5434,"ELEC-0020","Conector conduit PVC 1/2 pulgada","Para caja","PIEZA","Electricidad"
5435,"ELEC-0021","Conector conduit PVC 3/4 pulgada","Para caja","PIEZA","Electricidad"
5464,"ELEC-0050","Conector para varilla de tierra","Bronce","PIEZA","Electricidad"
5447,"ELEC-0033","Contacto duplex con tierra","Linea economica","PIEZA","Electricidad"
5446,"ELEC-0032","Contacto duplex polarizado","Linea economica","PIEZA","Electricidad"
5436,"ELEC-0022","Cople conduit PVC 1/2 pulgada","Union","PIEZA","Electricidad"
5437,"ELEC-0023","Cople conduit PVC 3/4 pulgada","Union","PIEZA","Electricidad"
5432,"ELEC-0018","Curva conduit PVC 1/2 pulgada","90 grados","PIEZA","Electricidad"
5433,"ELEC-0019","Curva conduit PVC 3/4 pulgada","90 grados","PIEZA","Electricidad"
5455,"ELEC-0041","Interruptor termomagnetico 1P 15A","Pastilla","PIEZA","Electricidad"
5456,"ELEC-0042","Interruptor termomagnetico 1P 20A","Pastilla","PIEZA","Electricidad"
5457,"ELEC-0043","Interruptor termomagnetico 1P 30A","Pastilla","PIEZA","Electricidad"
5458,"ELEC-0044","Interruptor termomagnetico 2P 30A","Bifasico","PIEZA","Electricidad"
5459,"ELEC-0045","Interruptor termomagnetico 2P 50A","Bifasico","PIEZA","Electricidad"
5449,"ELEC-0035","Placa para apagador sencillo","Plastico blanco","PIEZA","Electricidad"
5450,"ELEC-0036","Placa para contacto duplex","Plastico blanco","PIEZA","Electricidad"
5460,"ELEC-0046","Socket para foco E27","Baquelita","PIEZA","Electricidad"
5461,"ELEC-0047","Socket para foco E27 porcelana","Resistente","PIEZA","Electricidad"
5462,"ELEC-0048","Soquet para tubo fluorescente","T8","PIEZA","Electricidad"
5441,"ELEC-0027","Tapa ciega 4x4","Galvanizada","PIEZA","Electricidad"
5430,"ELEC-0016","Tubo conduit metalico 1/2 pulgada 3m","Canalizacion","TRAMO","Electricidad"
5431,"ELEC-0017","Tubo conduit metalico 3/4 pulgada 3m","Canalizacion","TRAMO","Electricidad"
5429,"ELEC-0015","Tubo conduit PVC 1 pulgada 3m","Canalizacion","TRAMO","Electricidad"
5427,"ELEC-0013","Tubo conduit PVC 1/2 pulgada 3m","Canalizacion","TRAMO","Electricidad"
5428,"ELEC-0014","Tubo conduit PVC 3/4 pulgada 3m","Canalizacion","TRAMO","Electricidad"
5463,"ELEC-0049","Varilla de tierra 5/8 x 3m","Cobre","PIEZA","Electricidad"
5124,"ELEC-001","Cable THW 12 AWG","Cable eléctrico 100m","ROLLO","Eléctrico"
5126,"ELEC-003","Foco LED 10W","Foco ahorrador","PIEZA","Eléctrico"
5125,"ELEC-002","Interruptor termomagnético 1P 20A","Breaker 1 polo","PIEZA","Eléctrico"
5981,"EPP2-0007","Barbiquejo para casco","Ajustable","PIEZA","EPP adicional"
6010,"EPP2-0036","Bota de hule industrial","Con casquillo","PAR","EPP adicional"
5987,"EPP2-0013","Careta para esmerilar","Policarbonato","PIEZA","EPP adicional"
5988,"EPP2-0014","Careta para soldar electronica","Autooscurecente","PIEZA","EPP adicional"
5989,"EPP2-0015","Careta para soldar fija","Sombra 10","PIEZA","EPP adicional"
5998,"EPP2-0024","Cartucho para particulas par","Para respirador","PAR","EPP adicional"
5997,"EPP2-0023","Cartucho para vapores organicos par","Para respirador","PAR","EPP adicional"
5980,"EPP2-0006","Casco con careta integrada","Electricista","PIEZA","EPP adicional"
5976,"EPP2-0002","Casco seguridad amarillo","Tipo I","PIEZA","EPP adicional"
5978,"EPP2-0004","Casco seguridad azul","Tipo I","PIEZA","EPP adicional"
5975,"EPP2-0001","Casco seguridad blanco","Tipo I","PIEZA","EPP adicional"
5977,"EPP2-0003","Casco seguridad naranja","Tipo I","PIEZA","EPP adicional"
5979,"EPP2-0005","Casco seguridad rojo","Tipo I","PIEZA","EPP adicional"
6014,"EPP2-0040","Chaleco alta visibilidad clase 3","Con bolsas","PIEZA","EPP adicional"
6013,"EPP2-0039","Faja lumbar industrial","Con tirantes","PIEZA","EPP adicional"
5986,"EPP2-0012","Goggles de seguridad","Hermeticos","PIEZA","EPP adicional"
6003,"EPP2-0029","Guante anticorte nivel 5","HPPE","PAR","EPP adicional"
5999,"EPP2-0025","Guante carnaza corto","Para soldador","PAR","EPP adicional"
6000,"EPP2-0026","Guante carnaza largo","Para soldador","PAR","EPP adicional"
6006,"EPP2-0032","Guante dielectrico clase 00","500V","PAR","EPP adicional"
6002,"EPP2-0028","Guante latex caja 100","Desechable","CAJA","EPP adicional"
6005,"EPP2-0031","Guante mecanico palma recubierta","Nitrilo","PAR","EPP adicional"
6004,"EPP2-0030","Guante neopreno quimicos","14 pulgadas","PAR","EPP adicional"
6001,"EPP2-0027","Guante nitrilo caja 100","Desechable","CAJA","EPP adicional"
5985,"EPP2-0011","Lentes seguridad ambar","Contraste","PIEZA","EPP adicional"
6008,"EPP2-0034","Mandil para soldador","Carnaza","PIEZA","EPP adicional"
6007,"EPP2-0033","Manga para soldador par","Carnaza","PAR","EPP adicional"
5994,"EPP2-0020","Mascarilla N95 caja 20","Desechable","CAJA","EPP adicional"
5995,"EPP2-0021","Mascarilla P100 caja 10","Desechable","CAJA","EPP adicional"
5993,"EPP2-0019","Orejeras adaptables casco","NRR 23","PIEZA","EPP adicional"
5992,"EPP2-0018","Orejeras de copa","NRR 25","PIEZA","EPP adicional"
6009,"EPP2-0035","Polainas para soldador par","Carnaza","PAR","EPP adicional"
5996,"EPP2-0022","Respirador media cara","Reutilizable","PIEZA","EPP adicional"
6012,"EPP2-0038","Rodillera de trabajo par","Gel","PAR","EPP adicional"
5982,"EPP2-0008","Tafilete para casco","Suspension","PIEZA","EPP adicional"
5990,"EPP2-0016","Tapones auditivos desechables caja 200","NRR 29","CAJA","EPP adicional"
5991,"EPP2-0017","Tapones auditivos reutilizables","Con cordon","PAR","EPP adicional"
3385,"EPP--0798","Arnes 5 puntos","Certificado","PIEZA","EPP y seguridad"
3384,"EPP--0797","Arnes cuerpo completo","Altura","PIEZA","EPP y seguridad"
3401,"EPP--0814","Bandera señalero","Trafico","PIEZA","EPP y seguridad"
3395,"EPP--0808","Barricada plastica 2m","Barrera","PIEZA","EPP y seguridad"
3371,"EPP--0784","Bota dielectrica","Electricistas","PAR","EPP y seguridad"
3372,"EPP--0785","Bota hule casquillo","Agua","PAR","EPP y seguridad"
3373,"EPP--0786","Bota hule larga","Rodilla","PAR","EPP y seguridad"
3370,"EPP--0783","Bota seguridad casquillo","Industrial","PAR","EPP y seguridad"
5109,"EPP-004","Botas de seguridad","Punta de acero","PAR","EPP y seguridad"
3403,"EPP--0816","Botiquin tipo A","Basico","PIEZA","EPP y seguridad"
3404,"EPP--0817","Botiquin tipo B","Completo","PIEZA","EPP y seguridad"
3405,"EPP--0818","Camilla rigida","Emergencia","PIEZA","EPP y seguridad"
3361,"EPP--0774","Careta autooscurecente","Electronica","PIEZA","EPP y seguridad"
3362,"EPP--0775","Careta facial completa","Esmerilado","PIEZA","EPP y seguridad"
3360,"EPP--0773","Careta soldar sombra 10","Soldador","PIEZA","EPP y seguridad"
3349,"EPP--0762","Casco con barboquejo","Proteccion Altura","PIEZA","EPP y seguridad"
5106,"EPP-001","Casco de seguridad","Casco tipo cachucha","PIEZA","EPP y seguridad"
3350,"EPP--0763","Casco dielectrico clase E","Proteccion Electricistas","PIEZA","EPP y seguridad"
3347,"EPP--0760","Casco seguridad tipo I","Proteccion Basica","PIEZA","EPP y seguridad"
3348,"EPP--0761","Casco seguridad tipo II","Proteccion Lateral","PIEZA","EPP y seguridad"
3354,"EPP--0767","Chaleco clase 2 reflejante","Certificado","PIEZA","EPP y seguridad"
3355,"EPP--0768","Chaleco clase 3 reflejante","Alta visibilidad","PIEZA","EPP y seguridad"
5107,"EPP-002","Chaleco reflejante","Alta visibilidad clase 2","PIEZA","EPP y seguridad"
3353,"EPP--0766","Chaleco seguridad amarillo","Reflejante","PIEZA","EPP y seguridad"
3352,"EPP--0765","Chaleco seguridad naranja","Visibilidad","PIEZA","EPP y seguridad"
3409,"EPP--0822","Chamarra trabajo","Industrial","PIEZA","EPP y seguridad"
3396,"EPP--0809","Cinta peligro amarilla 200m","Delimitadora","ROLLO","EPP y seguridad"
3397,"EPP--0810","Cinta peligro roja 200m","Prohibido","ROLLO","EPP y seguridad"
3392,"EPP--0805","Cono seguridad 45 cm","Pequeño","PIEZA","EPP y seguridad"
3393,"EPP--0806","Cono seguridad 70 cm","Mediano","PIEZA","EPP y seguridad"
3394,"EPP--0807","Cono seguridad 90 cm","Grande","PIEZA","EPP y seguridad"
4390,"EPP--1803","EPP especializado -105","Proteccion personal","PIEZA","EPP y seguridad"
4380,"EPP--1793","EPP especializado -115","Proteccion personal","PIEZA","EPP y seguridad"
4370,"EPP--1783","EPP especializado -125","Proteccion personal","PIEZA","EPP y seguridad"
4360,"EPP--1773","EPP especializado -135","Proteccion personal","PIEZA","EPP y seguridad"
4350,"EPP--1763","EPP especializado -145","Proteccion personal","PIEZA","EPP y seguridad"
4480,"EPP--1893","EPP especializado -15","Proteccion personal","PIEZA","EPP y seguridad"
4340,"EPP--1753","EPP especializado -155","Proteccion personal","PIEZA","EPP y seguridad"
4330,"EPP--1743","EPP especializado -165","Proteccion personal","PIEZA","EPP y seguridad"
4320,"EPP--1733","EPP especializado -175","Proteccion personal","PIEZA","EPP y seguridad"
4310,"EPP--1723","EPP especializado -185","Proteccion personal","PIEZA","EPP y seguridad"
4300,"EPP--1713","EPP especializado -195","Proteccion personal","PIEZA","EPP y seguridad"
4290,"EPP--1703","EPP especializado -205","Proteccion personal","PIEZA","EPP y seguridad"
4280,"EPP--1693","EPP especializado -215","Proteccion personal","PIEZA","EPP y seguridad"
4270,"EPP--1683","EPP especializado -225","Proteccion personal","PIEZA","EPP y seguridad"
4260,"EPP--1673","EPP especializado -235","Proteccion personal","PIEZA","EPP y seguridad"
4250,"EPP--1663","EPP especializado -245","Proteccion personal","PIEZA","EPP y seguridad"
4470,"EPP--1883","EPP especializado -25","Proteccion personal","PIEZA","EPP y seguridad"
4240,"EPP--1653","EPP especializado -255","Proteccion personal","PIEZA","EPP y seguridad"
4230,"EPP--1643","EPP especializado -265","Proteccion personal","PIEZA","EPP y seguridad"
4220,"EPP--1633","EPP especializado -275","Proteccion personal","PIEZA","EPP y seguridad"
4210,"EPP--1623","EPP especializado -285","Proteccion personal","PIEZA","EPP y seguridad"
4200,"EPP--1613","EPP especializado -295","Proteccion personal","PIEZA","EPP y seguridad"
4190,"EPP--1603","EPP especializado -305","Proteccion personal","PIEZA","EPP y seguridad"
4180,"EPP--1593","EPP especializado -315","Proteccion personal","PIEZA","EPP y seguridad"
4170,"EPP--1583","EPP especializado -325","Proteccion personal","PIEZA","EPP y seguridad"
4160,"EPP--1573","EPP especializado -335","Proteccion personal","PIEZA","EPP y seguridad"
4150,"EPP--1563","EPP especializado -345","Proteccion personal","PIEZA","EPP y seguridad"
4460,"EPP--1873","EPP especializado -35","Proteccion personal","PIEZA","EPP y seguridad"
4140,"EPP--1553","EPP especializado -355","Proteccion personal","PIEZA","EPP y seguridad"
4130,"EPP--1543","EPP especializado -365","Proteccion personal","PIEZA","EPP y seguridad"
4120,"EPP--1533","EPP especializado -375","Proteccion personal","PIEZA","EPP y seguridad"
4110,"EPP--1523","EPP especializado -385","Proteccion personal","PIEZA","EPP y seguridad"
4100,"EPP--1513","EPP especializado -395","Proteccion personal","PIEZA","EPP y seguridad"
4090,"EPP--1503","EPP especializado -405","Proteccion personal","PIEZA","EPP y seguridad"
4080,"EPP--1493","EPP especializado -415","Proteccion personal","PIEZA","EPP y seguridad"
4070,"EPP--1483","EPP especializado -425","Proteccion personal","PIEZA","EPP y seguridad"
4060,"EPP--1473","EPP especializado -435","Proteccion personal","PIEZA","EPP y seguridad"
4050,"EPP--1463","EPP especializado -445","Proteccion personal","PIEZA","EPP y seguridad"
4450,"EPP--1863","EPP especializado -45","Proteccion personal","PIEZA","EPP y seguridad"
4040,"EPP--1453","EPP especializado -455","Proteccion personal","PIEZA","EPP y seguridad"
4030,"EPP--1443","EPP especializado -465","Proteccion personal","PIEZA","EPP y seguridad"
4020,"EPP--1433","EPP especializado -475","Proteccion personal","PIEZA","EPP y seguridad"
4010,"EPP--1423","EPP especializado -485","Proteccion personal","PIEZA","EPP y seguridad"
4000,"EPP--1413","EPP especializado -495","Proteccion personal","PIEZA","EPP y seguridad"
4490,"EPP--1903","EPP especializado -5","Proteccion personal","PIEZA","EPP y seguridad"
3990,"EPP--1403","EPP especializado -505","Proteccion personal","PIEZA","EPP y seguridad"
3980,"EPP--1393","EPP especializado -515","Proteccion personal","PIEZA","EPP y seguridad"
3970,"EPP--1383","EPP especializado -525","Proteccion personal","PIEZA","EPP y seguridad"
3960,"EPP--1373","EPP especializado -535","Proteccion personal","PIEZA","EPP y seguridad"
3950,"EPP--1363","EPP especializado -545","Proteccion personal","PIEZA","EPP y seguridad"
4440,"EPP--1853","EPP especializado -55","Proteccion personal","PIEZA","EPP y seguridad"
3940,"EPP--1353","EPP especializado -555","Proteccion personal","PIEZA","EPP y seguridad"
3930,"EPP--1343","EPP especializado -565","Proteccion personal","PIEZA","EPP y seguridad"
3920,"EPP--1333","EPP especializado -575","Proteccion personal","PIEZA","EPP y seguridad"
3910,"EPP--1323","EPP especializado -585","Proteccion personal","PIEZA","EPP y seguridad"
3900,"EPP--1313","EPP especializado -595","Proteccion personal","PIEZA","EPP y seguridad"
3890,"EPP--1303","EPP especializado -605","Proteccion personal","PIEZA","EPP y seguridad"
3880,"EPP--1293","EPP especializado -615","Proteccion personal","PIEZA","EPP y seguridad"
3870,"EPP--1283","EPP especializado -625","Proteccion personal","PIEZA","EPP y seguridad"
3860,"EPP--1273","EPP especializado -635","Proteccion personal","PIEZA","EPP y seguridad"
3850,"EPP--1263","EPP especializado -645","Proteccion personal","PIEZA","EPP y seguridad"
4430,"EPP--1843","EPP especializado -65","Proteccion personal","PIEZA","EPP y seguridad"
3840,"EPP--1253","EPP especializado -655","Proteccion personal","PIEZA","EPP y seguridad"
3830,"EPP--1243","EPP especializado -665","Proteccion personal","PIEZA","EPP y seguridad"
3820,"EPP--1233","EPP especializado -675","Proteccion personal","PIEZA","EPP y seguridad"
3810,"EPP--1223","EPP especializado -685","Proteccion personal","PIEZA","EPP y seguridad"
3800,"EPP--1213","EPP especializado -695","Proteccion personal","PIEZA","EPP y seguridad"
3790,"EPP--1203","EPP especializado -705","Proteccion personal","PIEZA","EPP y seguridad"
3780,"EPP--1193","EPP especializado -715","Proteccion personal","PIEZA","EPP y seguridad"
3770,"EPP--1183","EPP especializado -725","Proteccion personal","PIEZA","EPP y seguridad"
3760,"EPP--1173","EPP especializado -735","Proteccion personal","PIEZA","EPP y seguridad"
3750,"EPP--1163","EPP especializado -745","Proteccion personal","PIEZA","EPP y seguridad"
4420,"EPP--1833","EPP especializado -75","Proteccion personal","PIEZA","EPP y seguridad"
3740,"EPP--1153","EPP especializado -755","Proteccion personal","PIEZA","EPP y seguridad"
3730,"EPP--1143","EPP especializado -765","Proteccion personal","PIEZA","EPP y seguridad"
3720,"EPP--1133","EPP especializado -775","Proteccion personal","PIEZA","EPP y seguridad"
3710,"EPP--1123","EPP especializado -785","Proteccion personal","PIEZA","EPP y seguridad"
3700,"EPP--1113","EPP especializado -795","Proteccion personal","PIEZA","EPP y seguridad"
3690,"EPP--1103","EPP especializado -805","Proteccion personal","PIEZA","EPP y seguridad"
3680,"EPP--1093","EPP especializado -815","Proteccion personal","PIEZA","EPP y seguridad"
3670,"EPP--1083","EPP especializado -825","Proteccion personal","PIEZA","EPP y seguridad"
3660,"EPP--1073","EPP especializado -835","Proteccion personal","PIEZA","EPP y seguridad"
3650,"EPP--1063","EPP especializado -845","Proteccion personal","PIEZA","EPP y seguridad"
4410,"EPP--1823","EPP especializado -85","Proteccion personal","PIEZA","EPP y seguridad"
3640,"EPP--1053","EPP especializado -855","Proteccion personal","PIEZA","EPP y seguridad"
3630,"EPP--1043","EPP especializado -865","Proteccion personal","PIEZA","EPP y seguridad"
3620,"EPP--1033","EPP especializado -875","Proteccion personal","PIEZA","EPP y seguridad"
3610,"EPP--1023","EPP especializado -885","Proteccion personal","PIEZA","EPP y seguridad"
3600,"EPP--1013","EPP especializado -895","Proteccion personal","PIEZA","EPP y seguridad"
3590,"EPP--1003","EPP especializado -905","Proteccion personal","PIEZA","EPP y seguridad"
3580,"EPP--0993","EPP especializado -915","Proteccion personal","PIEZA","EPP y seguridad"
3570,"EPP--0983","EPP especializado -925","Proteccion personal","PIEZA","EPP y seguridad"
3560,"EPP--0973","EPP especializado -935","Proteccion personal","PIEZA","EPP y seguridad"
3550,"EPP--0963","EPP especializado -945","Proteccion personal","PIEZA","EPP y seguridad"
4400,"EPP--1813","EPP especializado -95","Proteccion personal","PIEZA","EPP y seguridad"
4510,"EPP--1923","EPP especializado 15","Proteccion personal","PIEZA","EPP y seguridad"
4520,"EPP--1933","EPP especializado 25","Proteccion personal","PIEZA","EPP y seguridad"
4530,"EPP--1943","EPP especializado 35","Proteccion personal","PIEZA","EPP y seguridad"
4540,"EPP--1953","EPP especializado 45","Proteccion personal","PIEZA","EPP y seguridad"
4500,"EPP--1913","EPP especializado 5","Proteccion personal","PIEZA","EPP y seguridad"
4550,"EPP--1963","EPP especializado 55","Proteccion personal","PIEZA","EPP y seguridad"
4560,"EPP--1973","EPP especializado 65","Proteccion personal","PIEZA","EPP y seguridad"
4570,"EPP--1983","EPP especializado 75","Proteccion personal","PIEZA","EPP y seguridad"
4580,"EPP--1993","EPP especializado 85","Proteccion personal","PIEZA","EPP y seguridad"
3407,"EPP--0820","Extintor CO2 4.5 kg","Bioxido carbono","PIEZA","EPP y seguridad"
3406,"EPP--0819","Extintor PQS 6 kg","Polvo quimico","PIEZA","EPP y seguridad"
3382,"EPP--0795","Filtros mascarilla","Cartuchos","PAR","EPP y seguridad"
3358,"EPP--0771","Goggles seguridad","Sello completo","PIEZA","EPP y seguridad"
3359,"EPP--0772","Goggles soldador sombra 5","Corte","PIEZA","EPP y seguridad"
3367,"EPP--0780","Guantes anticorte nivel 5","Resistentes","PAR","EPP y seguridad"
3363,"EPP--0776","Guantes carnaza cortos","Trabajo general","PAR","EPP y seguridad"
3364,"EPP--0777","Guantes carnaza largos","Soldador","PAR","EPP y seguridad"
5108,"EPP-003","Guantes de carnaza","Para trabajo pesado","PAR","EPP y seguridad"
3368,"EPP--0781","Guantes dielectricos clase 0","Electricista","PAR","EPP y seguridad"
3366,"EPP--0779","Guantes latex desechables","Pintura","CAJA_100","EPP y seguridad"
3369,"EPP--0782","Guantes neopreno","Concreto","PAR","EPP y seguridad"
3365,"EPP--0778","Guantes nitrilo","Quimicos","PAR","EPP y seguridad"
3410,"EPP--0823","Impermeable trabajo","Lluvia","PIEZA","EPP y seguridad"
3399,"EPP--0812","Lampara destellos ambar","Advertencia","PIEZA","EPP y seguridad"
5110,"EPP-005","Lentes de seguridad","Policarbonato transparente","PIEZA","EPP y seguridad"
3356,"EPP--0769","Lentes seguridad claros","General","PIEZA","EPP y seguridad"
3357,"EPP--0770","Lentes seguridad oscuros","Filtro solar","PIEZA","EPP y seguridad"
3386,"EPP--0799","Linea vida amortiguador 1.8m","Cabo","PIEZA","EPP y seguridad"
3387,"EPP--0800","Linea vida doble","Desplazamiento","PIEZA","EPP y seguridad"
3389,"EPP--0802","Linea vida retractil 10m","Largo","PIEZA","EPP y seguridad"
3388,"EPP--0801","Linea vida retractil 3m","Bloqueador","PIEZA","EPP y seguridad"
3398,"EPP--0811","Malla seguridad naranja 50m","Cercado","ROLLO","EPP y seguridad"
3412,"EPP--0825","Mandil carnaza","Delantal","PIEZA","EPP y seguridad"
3411,"EPP--0824","Manga soldador","Brazos","PAR","EPP y seguridad"
3383,"EPP--0796","Mascarilla cara completa","Vapores","PIEZA","EPP y seguridad"
3381,"EPP--0794","Mascarilla media cara","Reutilizable","PIEZA","EPP y seguridad"
3379,"EPP--0792","Mascarilla N95","Particulas","PIEZA","EPP y seguridad"
3380,"EPP--0793","Mascarilla N95 valvula","Mayor comodidad","PIEZA","EPP y seguridad"
3390,"EPP--0803","Mosqueton doble seguro","Conector","PIEZA","EPP y seguridad"
3378,"EPP--0791","Orejeras casco","Adaptables","PIEZA","EPP y seguridad"
3377,"EPP--0790","Orejeras seguridad","Copa","PIEZA","EPP y seguridad"
3408,"EPP--0821","Overol trabajo","Proteccion","PIEZA","EPP y seguridad"
3402,"EPP--0815","Paleta alto/siga","Banderero","PIEZA","EPP y seguridad"
3391,"EPP--0804","Punto anclaje portatil","Temporal","PIEZA","EPP y seguridad"
3400,"EPP--0813","Señal EPP obligatorio","Letrero","PIEZA","EPP y seguridad"
3351,"EPP--0764","Tafilete casco","Proteccion Repuesto","PIEZA","EPP y seguridad"
3375,"EPP--0788","Tapones desechables","Basicos","PAR","EPP y seguridad"
3376,"EPP--0789","Tapones reutilizables","Cordon","PAR","EPP y seguridad"
3374,"EPP--0787","Zapato seguridad tenis","Ligero","PAR","EPP y seguridad"
5079,"COMP-004","Cable HDMI 2m","Alta def","PIEZA","Equipo de cómputo"
5078,"COMP-003","Memoria USB 32GB","USB 3.0","PIEZA","Equipo de cómputo"
5076,"COMP-001","Mouse óptico USB","Alámbrico","PIEZA","Equipo de cómputo"
5080,"COMP-005","No-break 500VA","UPS","PIEZA","Equipo de cómputo"
5117,"COMP-004","Regulador de voltaje","8 contactos 1000VA","PIEZA","Equipo de cómputo"
5077,"COMP-002","Teclado USB español","Estándar","PIEZA","Equipo de cómputo"
5129,"FERR-001","Flexómetro 5m","Cinta métrica","PIEZA","Ferretería"
3236,"FERR-0649","Alambre MIG 0.8mm rollo 15kg","ER70S-6 semiautomatica","ROLLO_15KG","Ferreteria y fijacion"
3237,"FERR-0650","Alambre MIG 1.0mm rollo 15kg","ER70S-6 mayor deposicion","ROLLO_15KG","Ferreteria y fijacion"
3204,"FERR-0617","Ancla epoxica 300ml","Resina anclaje","CARTUCHO","Ferreteria y fijacion"
3205,"FERR-0618","Ancla vinilester 380ml","Alta resistencia","CARTUCHO","Ferreteria y fijacion"
3222,"FERR-0635","Broca concreto 1/2","Carburo 1/2in","PIEZA","Ferreteria y fijacion"
3219,"FERR-0632","Broca concreto 1/4","Carburo 1/4in","PIEZA","Ferreteria y fijacion"
3221,"FERR-0634","Broca concreto 3/8","Carburo 3/8in","PIEZA","Ferreteria y fijacion"
3220,"FERR-0633","Broca concreto 5/16","Carburo 5/16in","PIEZA","Ferreteria y fijacion"
3223,"FERR-0636","Broca concreto 5/8","Carburo 5/8in","PIEZA","Ferreteria y fijacion"
3228,"FERR-0641","Broca metal 1/2","HSS 1/2in","PIEZA","Ferreteria y fijacion"
3226,"FERR-0639","Broca metal 1/4","HSS 1/4in","PIEZA","Ferreteria y fijacion"
3227,"FERR-0640","Broca metal 3/8","HSS 3/8in","PIEZA","Ferreteria y fijacion"
3224,"FERR-0637","Broca SDS plus 1/2x12","Rotomartillo profunda","PIEZA","Ferreteria y fijacion"
3225,"FERR-0638","Broca SDS plus 5/8x12","SDS grande","PIEZA","Ferreteria y fijacion"
3247,"FERR-0660","Cadena galvanizada 1/4 G30","Amarre 1/4in","METRO_LINEAL","Ferreteria y fijacion"
3246,"FERR-0659","Cadena galvanizada 3/16 G30","Amarre 3/16in","METRO_LINEAL","Ferreteria y fijacion"
3249,"FERR-0662","Cadena galvanizada 3/8 G30","Amarre 3/8in","METRO_LINEAL","Ferreteria y fijacion"
3248,"FERR-0661","Cadena galvanizada 5/16 G30","Amarre 5/16in","METRO_LINEAL","Ferreteria y fijacion"
3196,"FERR-0609","Clavo acero 1.5in","Concreto 1.5in","CAJA_100","Ferreteria y fijacion"
3195,"FERR-0608","Clavo acero 1in","Concreto 1in","CAJA_100","Ferreteria y fijacion"
3197,"FERR-0610","Clavo acero 2in","Concreto 2in","CAJA_100","Ferreteria y fijacion"
3190,"FERR-0603","Clavo comun 1.5in","Clavo madera 1.5in","KILOGRAMO","Ferreteria y fijacion"
3192,"FERR-0605","Clavo comun 2.5in","Clavo madera 2.5in","KILOGRAMO","Ferreteria y fijacion"
3191,"FERR-0604","Clavo comun 2in","Clavo madera 2in","KILOGRAMO","Ferreteria y fijacion"
3193,"FERR-0606","Clavo comun 3in","Clavo madera 3in","KILOGRAMO","Ferreteria y fijacion"
3194,"FERR-0607","Clavo comun 4in","Clavo madera 4in","KILOGRAMO","Ferreteria y fijacion"
3215,"FERR-0628","Disco corte metal 14in","Tronzadora","PIEZA","Ferreteria y fijacion"
3209,"FERR-0622","Disco corte metal 4 1/2in","Esmeril 4 1/2in","PIEZA","Ferreteria y fijacion"
3211,"FERR-0624","Disco corte metal 7in","Esmeril 7in","PIEZA","Ferreteria y fijacion"
3213,"FERR-0626","Disco corte metal 9in","Esmeril 9in","PIEZA","Ferreteria y fijacion"
3210,"FERR-0623","Disco desbaste metal 4 1/2in","Desbaste 4 1/2in","PIEZA","Ferreteria y fijacion"
3212,"FERR-0625","Disco desbaste metal 7in","Desbaste 7in","PIEZA","Ferreteria y fijacion"
3214,"FERR-0627","Disco desbaste metal 9in","Desbaste 9in","PIEZA","Ferreteria y fijacion"
3218,"FERR-0631","Disco diamante 14in concreto","Cortadora piso","PIEZA","Ferreteria y fijacion"
3216,"FERR-0629","Disco diamante 4 1/2in concreto","Corte concreto","PIEZA","Ferreteria y fijacion"
3217,"FERR-0630","Disco diamante 7in concreto","Corte profundo","PIEZA","Ferreteria y fijacion"
4388,"FERR-1801","Elemento fijacion -105","Sistema de fijacion","PIEZA","Ferreteria y fijacion"
4378,"FERR-1791","Elemento fijacion -115","Sistema de fijacion","PIEZA","Ferreteria y fijacion"
4368,"FERR-1781","Elemento fijacion -125","Sistema de fijacion","PIEZA","Ferreteria y fijacion"
4358,"FERR-1771","Elemento fijacion -135","Sistema de fijacion","PIEZA","Ferreteria y fijacion"
4348,"FERR-1761","Elemento fijacion -145","Sistema de fijacion","PIEZA","Ferreteria y fijacion"
4478,"FERR-1891","Elemento fijacion -15","Sistema de fijacion","PIEZA","Ferreteria y fijacion"
4338,"FERR-1751","Elemento fijacion -155","Sistema de fijacion","PIEZA","Ferreteria y fijacion"
4328,"FERR-1741","Elemento fijacion -165","Sistema de fijacion","PIEZA","Ferreteria y fijacion"
4318,"FERR-1731","Elemento fijacion -175","Sistema de fijacion","PIEZA","Ferreteria y fijacion"
4308,"FERR-1721","Elemento fijacion -185","Sistema de fijacion","PIEZA","Ferreteria y fijacion"
4298,"FERR-1711","Elemento fijacion -195","Sistema de fijacion","PIEZA","Ferreteria y fijacion"
4288,"FERR-1701","Elemento fijacion -205","Sistema de fijacion","PIEZA","Ferreteria y fijacion"
4278,"FERR-1691","Elemento fijacion -215","Sistema de fijacion","PIEZA","Ferreteria y fijacion"
4268,"FERR-1681","Elemento fijacion -225","Sistema de fijacion","PIEZA","Ferreteria y fijacion"
4258,"FERR-1671","Elemento fijacion -235","Sistema de fijacion","PIEZA","Ferreteria y fijacion"
4248,"FERR-1661","Elemento fijacion -245","Sistema de fijacion","PIEZA","Ferreteria y fijacion"
4468,"FERR-1881","Elemento fijacion -25","Sistema de fijacion","PIEZA","Ferreteria y fijacion"
4238,"FERR-1651","Elemento fijacion -255","Sistema de fijacion","PIEZA","Ferreteria y fijacion"
4228,"FERR-1641","Elemento fijacion -265","Sistema de fijacion","PIEZA","Ferreteria y fijacion"
4218,"FERR-1631","Elemento fijacion -275","Sistema de fijacion","PIEZA","Ferreteria y fijacion"
4208,"FERR-1621","Elemento fijacion -285","Sistema de fijacion","PIEZA","Ferreteria y fijacion"
4198,"FERR-1611","Elemento fijacion -295","Sistema de fijacion","PIEZA","Ferreteria y fijacion"
4188,"FERR-1601","Elemento fijacion -305","Sistema de fijacion","PIEZA","Ferreteria y fijacion"
4178,"FERR-1591","Elemento fijacion -315","Sistema de fijacion","PIEZA","Ferreteria y fijacion"
4168,"FERR-1581","Elemento fijacion -325","Sistema de fijacion","PIEZA","Ferreteria y fijacion"
4158,"FERR-1571","Elemento fijacion -335","Sistema de fijacion","PIEZA","Ferreteria y fijacion"
4148,"FERR-1561","Elemento fijacion -345","Sistema de fijacion","PIEZA","Ferreteria y fijacion"
4458,"FERR-1871","Elemento fijacion -35","Sistema de fijacion","PIEZA","Ferreteria y fijacion"
4138,"FERR-1551","Elemento fijacion -355","Sistema de fijacion","PIEZA","Ferreteria y fijacion"
4128,"FERR-1541","Elemento fijacion -365","Sistema de fijacion","PIEZA","Ferreteria y fijacion"
4118,"FERR-1531","Elemento fijacion -375","Sistema de fijacion","PIEZA","Ferreteria y fijacion"
4108,"FERR-1521","Elemento fijacion -385","Sistema de fijacion","PIEZA","Ferreteria y fijacion"
4098,"FERR-1511","Elemento fijacion -395","Sistema de fijacion","PIEZA","Ferreteria y fijacion"
4088,"FERR-1501","Elemento fijacion -405","Sistema de fijacion","PIEZA","Ferreteria y fijacion"
4078,"FERR-1491","Elemento fijacion -415","Sistema de fijacion","PIEZA","Ferreteria y fijacion"
4068,"FERR-1481","Elemento fijacion -425","Sistema de fijacion","PIEZA","Ferreteria y fijacion"
4058,"FERR-1471","Elemento fijacion -435","Sistema de fijacion","PIEZA","Ferreteria y fijacion"
4048,"FERR-1461","Elemento fijacion -445","Sistema de fijacion","PIEZA","Ferreteria y fijacion"
4448,"FERR-1861","Elemento fijacion -45","Sistema de fijacion","PIEZA","Ferreteria y fijacion"
4038,"FERR-1451","Elemento fijacion -455","Sistema de fijacion","PIEZA","Ferreteria y fijacion"
4028,"FERR-1441","Elemento fijacion -465","Sistema de fijacion","PIEZA","Ferreteria y fijacion"
4018,"FERR-1431","Elemento fijacion -475","Sistema de fijacion","PIEZA","Ferreteria y fijacion"
4008,"FERR-1421","Elemento fijacion -485","Sistema de fijacion","PIEZA","Ferreteria y fijacion"
3998,"FERR-1411","Elemento fijacion -495","Sistema de fijacion","PIEZA","Ferreteria y fijacion"
4488,"FERR-1901","Elemento fijacion -5","Sistema de fijacion","PIEZA","Ferreteria y fijacion"
3988,"FERR-1401","Elemento fijacion -505","Sistema de fijacion","PIEZA","Ferreteria y fijacion"
3978,"FERR-1391","Elemento fijacion -515","Sistema de fijacion","PIEZA","Ferreteria y fijacion"
3968,"FERR-1381","Elemento fijacion -525","Sistema de fijacion","PIEZA","Ferreteria y fijacion"
3958,"FERR-1371","Elemento fijacion -535","Sistema de fijacion","PIEZA","Ferreteria y fijacion"
3948,"FERR-1361","Elemento fijacion -545","Sistema de fijacion","PIEZA","Ferreteria y fijacion"
4438,"FERR-1851","Elemento fijacion -55","Sistema de fijacion","PIEZA","Ferreteria y fijacion"
3938,"FERR-1351","Elemento fijacion -555","Sistema de fijacion","PIEZA","Ferreteria y fijacion"
3928,"FERR-1341","Elemento fijacion -565","Sistema de fijacion","PIEZA","Ferreteria y fijacion"
3918,"FERR-1331","Elemento fijacion -575","Sistema de fijacion","PIEZA","Ferreteria y fijacion"
3908,"FERR-1321","Elemento fijacion -585","Sistema de fijacion","PIEZA","Ferreteria y fijacion"
3898,"FERR-1311","Elemento fijacion -595","Sistema de fijacion","PIEZA","Ferreteria y fijacion"
3888,"FERR-1301","Elemento fijacion -605","Sistema de fijacion","PIEZA","Ferreteria y fijacion"
3878,"FERR-1291","Elemento fijacion -615","Sistema de fijacion","PIEZA","Ferreteria y fijacion"
3868,"FERR-1281","Elemento fijacion -625","Sistema de fijacion","PIEZA","Ferreteria y fijacion"
3858,"FERR-1271","Elemento fijacion -635","Sistema de fijacion","PIEZA","Ferreteria y fijacion"
3848,"FERR-1261","Elemento fijacion -645","Sistema de fijacion","PIEZA","Ferreteria y fijacion"
4428,"FERR-1841","Elemento fijacion -65","Sistema de fijacion","PIEZA","Ferreteria y fijacion"
3838,"FERR-1251","Elemento fijacion -655","Sistema de fijacion","PIEZA","Ferreteria y fijacion"
3828,"FERR-1241","Elemento fijacion -665","Sistema de fijacion","PIEZA","Ferreteria y fijacion"
3818,"FERR-1231","Elemento fijacion -675","Sistema de fijacion","PIEZA","Ferreteria y fijacion"
3808,"FERR-1221","Elemento fijacion -685","Sistema de fijacion","PIEZA","Ferreteria y fijacion"
3798,"FERR-1211","Elemento fijacion -695","Sistema de fijacion","PIEZA","Ferreteria y fijacion"
3788,"FERR-1201","Elemento fijacion -705","Sistema de fijacion","PIEZA","Ferreteria y fijacion"
3778,"FERR-1191","Elemento fijacion -715","Sistema de fijacion","PIEZA","Ferreteria y fijacion"
3768,"FERR-1181","Elemento fijacion -725","Sistema de fijacion","PIEZA","Ferreteria y fijacion"
3758,"FERR-1171","Elemento fijacion -735","Sistema de fijacion","PIEZA","Ferreteria y fijacion"
3748,"FERR-1161","Elemento fijacion -745","Sistema de fijacion","PIEZA","Ferreteria y fijacion"
4418,"FERR-1831","Elemento fijacion -75","Sistema de fijacion","PIEZA","Ferreteria y fijacion"
3738,"FERR-1151","Elemento fijacion -755","Sistema de fijacion","PIEZA","Ferreteria y fijacion"
3728,"FERR-1141","Elemento fijacion -765","Sistema de fijacion","PIEZA","Ferreteria y fijacion"
3718,"FERR-1131","Elemento fijacion -775","Sistema de fijacion","PIEZA","Ferreteria y fijacion"
3708,"FERR-1121","Elemento fijacion -785","Sistema de fijacion","PIEZA","Ferreteria y fijacion"
3698,"FERR-1111","Elemento fijacion -795","Sistema de fijacion","PIEZA","Ferreteria y fijacion"
3688,"FERR-1101","Elemento fijacion -805","Sistema de fijacion","PIEZA","Ferreteria y fijacion"
3678,"FERR-1091","Elemento fijacion -815","Sistema de fijacion","PIEZA","Ferreteria y fijacion"
3668,"FERR-1081","Elemento fijacion -825","Sistema de fijacion","PIEZA","Ferreteria y fijacion"
3658,"FERR-1071","Elemento fijacion -835","Sistema de fijacion","PIEZA","Ferreteria y fijacion"
3648,"FERR-1061","Elemento fijacion -845","Sistema de fijacion","PIEZA","Ferreteria y fijacion"
4408,"FERR-1821","Elemento fijacion -85","Sistema de fijacion","PIEZA","Ferreteria y fijacion"
3638,"FERR-1051","Elemento fijacion -855","Sistema de fijacion","PIEZA","Ferreteria y fijacion"
3628,"FERR-1041","Elemento fijacion -865","Sistema de fijacion","PIEZA","Ferreteria y fijacion"
3618,"FERR-1031","Elemento fijacion -875","Sistema de fijacion","PIEZA","Ferreteria y fijacion"
3608,"FERR-1021","Elemento fijacion -885","Sistema de fijacion","PIEZA","Ferreteria y fijacion"
3598,"FERR-1011","Elemento fijacion -895","Sistema de fijacion","PIEZA","Ferreteria y fijacion"
3588,"FERR-1001","Elemento fijacion -905","Sistema de fijacion","PIEZA","Ferreteria y fijacion"
3578,"FERR-0991","Elemento fijacion -915","Sistema de fijacion","PIEZA","Ferreteria y fijacion"
3568,"FERR-0981","Elemento fijacion -925","Sistema de fijacion","PIEZA","Ferreteria y fijacion"
3558,"FERR-0971","Elemento fijacion -935","Sistema de fijacion","PIEZA","Ferreteria y fijacion"
3548,"FERR-0961","Elemento fijacion -945","Sistema de fijacion","PIEZA","Ferreteria y fijacion"
4398,"FERR-1811","Elemento fijacion -95","Sistema de fijacion","PIEZA","Ferreteria y fijacion"
4508,"FERR-1921","Elemento fijacion 15","Sistema de fijacion","PIEZA","Ferreteria y fijacion"
4518,"FERR-1931","Elemento fijacion 25","Sistema de fijacion","PIEZA","Ferreteria y fijacion"
4528,"FERR-1941","Elemento fijacion 35","Sistema de fijacion","PIEZA","Ferreteria y fijacion"
4538,"FERR-1951","Elemento fijacion 45","Sistema de fijacion","PIEZA","Ferreteria y fijacion"
4498,"FERR-1911","Elemento fijacion 5","Sistema de fijacion","PIEZA","Ferreteria y fijacion"
4548,"FERR-1961","Elemento fijacion 55","Sistema de fijacion","PIEZA","Ferreteria y fijacion"
4558,"FERR-1971","Elemento fijacion 65","Sistema de fijacion","PIEZA","Ferreteria y fijacion"
4568,"FERR-1981","Elemento fijacion 75","Sistema de fijacion","PIEZA","Ferreteria y fijacion"
4578,"FERR-1991","Elemento fijacion 85","Sistema de fijacion","PIEZA","Ferreteria y fijacion"
3259,"FERR-0672","Eslinga cable 1/2 x 3m","Metalica acero","PIEZA","Ferreteria y fijacion"
3250,"FERR-0663","Eslinga poliester 2 ton x 3m","Plana 2 ton","PIEZA","Ferreteria y fijacion"
3251,"FERR-0664","Eslinga poliester 2 ton x 4m","Plana 2 ton","PIEZA","Ferreteria y fijacion"
3252,"FERR-0665","Eslinga poliester 2 ton x 6m","Plana 2 ton","PIEZA","Ferreteria y fijacion"
3253,"FERR-0666","Eslinga poliester 3 ton x 3m","Plana 3 ton","PIEZA","Ferreteria y fijacion"
3254,"FERR-0667","Eslinga poliester 3 ton x 4m","Plana 3 ton","PIEZA","Ferreteria y fijacion"
3255,"FERR-0668","Eslinga poliester 3 ton x 6m","Plana 3 ton","PIEZA","Ferreteria y fijacion"
3256,"FERR-0669","Eslinga poliester 5 ton x 3m","Plana 5 ton","PIEZA","Ferreteria y fijacion"
3257,"FERR-0670","Eslinga poliester 5 ton x 4m","Plana 5 ton","PIEZA","Ferreteria y fijacion"
3258,"FERR-0671","Eslinga poliester 5 ton x 6m","Plana 5 ton","PIEZA","Ferreteria y fijacion"
3260,"FERR-0673","Gancho giratorio 2 ton","Con seguro","PIEZA","Ferreteria y fijacion"
3239,"FERR-0652","Gas argon tanque 10m3","Proceso TIG","TANQUE","Ferreteria y fijacion"
3238,"FERR-0651","Gas CO2 tanque 25kg","Proceso MIG/MAG","TANQUE","Ferreteria y fijacion"
3262,"FERR-0675","Grillete recto 1/2","Mediano","PIEZA","Ferreteria y fijacion"
3261,"FERR-0674","Grillete recto 3/8","Union","PIEZA","Ferreteria y fijacion"
3245,"FERR-0658","Lima media caña 8in","Forma curva","PIEZA","Ferreteria y fijacion"
3244,"FERR-0657","Lima plana 10in","Desbaste metal","PIEZA","Ferreteria y fijacion"
3183,"FERR-0596","Pija 10x1 hexagonal","Autorroscante corta","CAJA_100","Ferreteria y fijacion"
3184,"FERR-0597","Pija 10x2 hexagonal","Autorroscante media","CAJA_100","Ferreteria y fijacion"
3185,"FERR-0598","Pija 12x2 1/2 hexagonal","Autorroscante larga","CAJA_100","Ferreteria y fijacion"
3186,"FERR-0599","Pija 14x3 hexagonal","Autorroscante extra larga","CAJA_100","Ferreteria y fijacion"
3240,"FERR-0653","Segueta metal 12in 18D","Arco metal fina","PIEZA","Ferreteria y fijacion"
3241,"FERR-0654","Segueta metal 12in 24D","Arco muy fina","PIEZA","Ferreteria y fijacion"
3242,"FERR-0655","Sierra circular 7 1/4 madera","Disco madera","PIEZA","Ferreteria y fijacion"
3243,"FERR-0656","Sierra circular carburo 40D","Con clavos","PIEZA","Ferreteria y fijacion"
3232,"FERR-0645","Soldadura 6011 1/8","Electrodo penetracion","KILOGRAMO","Ferreteria y fijacion"
3231,"FERR-0644","Soldadura 6011 3/32","Electrodo penetracion fino","KILOGRAMO","Ferreteria y fijacion"
3230,"FERR-0643","Soldadura 6013 1/8","Electrodo general","KILOGRAMO","Ferreteria y fijacion"
3229,"FERR-0642","Soldadura 6013 3/32","Electrodo general fino","KILOGRAMO","Ferreteria y fijacion"
3234,"FERR-0647","Soldadura 7018 1/8","Electrodo bajo H","KILOGRAMO","Ferreteria y fijacion"
3233,"FERR-0646","Soldadura 7018 3/32","Electrodo bajo H fino","KILOGRAMO","Ferreteria y fijacion"
3235,"FERR-0648","Soldadura 7024 1/8","Electrodo alto deposito","KILOGRAMO","Ferreteria y fijacion"
3201,"FERR-0614","Taquete plastico 1/2","Expansor 1/2in","BOLSA_100","Ferreteria y fijacion"
3198,"FERR-0611","Taquete plastico 1/4","Expansor 1/4in","BOLSA_100","Ferreteria y fijacion"
3200,"FERR-0613","Taquete plastico 3/8","Expansor 3/8in","BOLSA_100","Ferreteria y fijacion"
3199,"FERR-0612","Taquete plastico 5/16","Expansor 5/16in","BOLSA_100","Ferreteria y fijacion"
3203,"FERR-0616","Taquete plomo 1/2","Metalico 1/2in","BOLSA_50","Ferreteria y fijacion"
3202,"FERR-0615","Taquete plomo 3/8","Metalico 3/8in","BOLSA_50","Ferreteria y fijacion"
3187,"FERR-0600","Tornillo galvanizado 1/4x1","Hexagonal galv","CAJA_100","Ferreteria y fijacion"
3189,"FERR-0602","Tornillo galvanizado 3/8x2","Hexagonal galv","CAJA_100","Ferreteria y fijacion"
3188,"FERR-0601","Tornillo galvanizado 5/16x1 1/2","Hexagonal galv","CAJA_100","Ferreteria y fijacion"
3180,"FERR-0593","Tornillo madera 2.5in","Cabeza plana 2.5in","CAJA_100","Ferreteria y fijacion"
3179,"FERR-0592","Tornillo madera 2in","Cabeza plana 2in","CAJA_100","Ferreteria y fijacion"
3181,"FERR-0594","Tornillo madera 3in","Cabeza plana 3in","CAJA_100","Ferreteria y fijacion"
3182,"FERR-0595","Tornillo madera 4in","Cabeza plana 4in","CAJA_100","Ferreteria y fijacion"
3206,"FERR-0619","Varilla roscada 1/2x12","Ancla quimica 1/2in","PIEZA","Ferreteria y fijacion"
3208,"FERR-0621","Varilla roscada 3/4x24","Ancla quimica 3/4in","PIEZA","Ferreteria y fijacion"
3207,"FERR-0620","Varilla roscada 5/8x18","Ancla quimica 5/8in","PIEZA","Ferreteria y fijacion"
5783,"HERR-0019","Aspiradora 12 galones","Seco/humedo","PIEZA","Herramienta electrica"
5780,"HERR-0016","Cepillo electrico 3-1/4 pulgadas","750W","PIEZA","Herramienta electrica"
5784,"HERR-0020","Compresor 2HP 25L","Directo","PIEZA","Herramienta electrica"
5785,"HERR-0021","Compresor 3HP 50L","Con tanque","PIEZA","Herramienta electrica"
5793,"HERR-0029","Cortadora de concreto 14 pulgadas","Gasolina","PIEZA","Herramienta electrica"
5790,"HERR-0026","Demoledor electrico 1500W","15 Joules","PIEZA","Herramienta electrica"
5798,"HERR-0034","Disco corte metal 4.5 pulgadas","Abrasivo","PIEZA","Herramienta electrica"
5799,"HERR-0035","Disco corte metal 7 pulgadas","Abrasivo","PIEZA","Herramienta electrica"
5800,"HERR-0036","Disco desbaste metal 4.5 pulgadas","Abrasivo","PIEZA","Herramienta electrica"
5801,"HERR-0037","Disco diamante 4.5 pulgadas","Segmentado","PIEZA","Herramienta electrica"
5802,"HERR-0038","Disco diamante 7 pulgadas","Segmentado","PIEZA","Herramienta electrica"
5804,"HERR-0040","Disco sierra circular 10 pulgadas 60 dientes","Fino","PIEZA","Herramienta electrica"
5803,"HERR-0039","Disco sierra circular 7-1/4 24 dientes","Para madera","PIEZA","Herramienta electrica"
5770,"HERR-0006","Esmeriladora angular 4.5 pulgadas 850W","Pulidora","PIEZA","Herramienta electrica"
5771,"HERR-0007","Esmeriladora angular 7 pulgadas 2200W","Industrial","PIEZA","Herramienta electrica"
5794,"HERR-0030","Generador electrico 3500W","Gasolina","PIEZA","Herramienta electrica"
5795,"HERR-0031","Generador electrico 6500W","Gasolina","PIEZA","Herramienta electrica"
5788,"HERR-0024","Hidrolavadora electrica 1800 PSI","Para casa","PIEZA","Herramienta electrica"
5789,"HERR-0025","Hidrolavadora electrica 2500 PSI","Profesional","PIEZA","Herramienta electrica"
5778,"HERR-0014","Lijadora de banda 3x21 pulgadas","800W","PIEZA","Herramienta electrica"
5777,"HERR-0013","Lijadora orbital 1/4 hoja","200W","PIEZA","Herramienta electrica"
5781,"HERR-0017","Pistola de calor 1800W","2 temperaturas","PIEZA","Herramienta electrica"
5792,"HERR-0028","Revolvedora de concreto 1 saco","Electrica","PIEZA","Herramienta electrica"
5779,"HERR-0015","Router 1/4 pulgada 1200W","Con base","PIEZA","Herramienta electrica"
5773,"HERR-0009","Sierra caladora 600W","Velocidad variable","PIEZA","Herramienta electrica"
5772,"HERR-0008","Sierra circular 7-1/4 pulgadas 1400W","Con disco","PIEZA","Herramienta electrica"
5776,"HERR-0012","Sierra de banco 10 pulgadas","Portatil","PIEZA","Herramienta electrica"
5775,"HERR-0011","Sierra ingletadora 10 pulgadas","Con base","PIEZA","Herramienta electrica"
5774,"HERR-0010","Sierra reciproca 1100W","Sable","PIEZA","Herramienta electrica"
5787,"HERR-0023","Soldadora MIG 180A","Microalambre","PIEZA","Herramienta electrica"
5782,"HERR-0018","Sopladora 600W","Electrica","PIEZA","Herramienta electrica"
5766,"HERR-0002","Taladro inalambrico 12V","Con 2 baterias","PIEZA","Herramienta electrica"
5767,"HERR-0003","Taladro inalambrico 18V","Con 2 baterias","PIEZA","Herramienta electrica"
5765,"HERR-0001","Taladro percutor 1/2 pulgada 600W","Con maletin","PIEZA","Herramienta electrica"
5791,"HERR-0027","Vibrador de concreto electrico","Con chicote","PIEZA","Herramienta electrica"
3318,"HERR-0731","Alisadora helicoptero","Aspas","PIEZA","Herramienta y equipo"
3327,"HERR-0740","Andamio tubular 1.50m","Modulo","PIEZA","Herramienta y equipo"
3285,"HERR-0698","Barreta acero 1.50m","Demolicion","PIEZA","Herramienta y equipo"
3284,"HERR-0697","Barreta acero 1m","Descimbrado","PIEZA","Herramienta y equipo"
3328,"HERR-0741","Base andamio ruedas","Movil","PIEZA","Herramienta y equipo"
3324,"HERR-0737","Bomba centrifuga 2HP","Superficie","PIEZA","Herramienta y equipo"
3326,"HERR-0739","Bomba lodos 3in","Agua solidos","PIEZA","Herramienta y equipo"
3322,"HERR-0735","Bomba sumergible 1HP","Achique","PIEZA","Herramienta y equipo"
3323,"HERR-0736","Bomba sumergible 2HP","Mayor capacidad","PIEZA","Herramienta y equipo"
3333,"HERR-0746","Carretilla obra 5 pies3","Concreto","PIEZA","Herramienta y equipo"
3334,"HERR-0747","Carretilla reforzada 6 pies3","Pesada","PIEZA","Herramienta y equipo"
3314,"HERR-0727","Chicote vibrador 1.5in x 4m","Columnas","PIEZA","Herramienta y equipo"
3315,"HERR-0728","Chicote vibrador 2in x 6m","Grande","PIEZA","Herramienta y equipo"
3307,"HERR-0720","Cincel acero 1in","Concreto","PIEZA","Herramienta y equipo"
3291,"HERR-0704","Cinta larga 30m","Longimetro","PIEZA","Herramienta y equipo"
3292,"HERR-0705","Cinta larga 50m","Longimetro largo","PIEZA","Herramienta y equipo"
3286,"HERR-0699","Cizalla manual No.0","Varilla 1/4","PIEZA","Herramienta y equipo"
3287,"HERR-0700","Cizalla manual No.1","Varilla 3/8","PIEZA","Herramienta y equipo"
3344,"HERR-0757","Compresor aire 2HP 50L","Portatil","PIEZA","Herramienta y equipo"
3345,"HERR-0758","Compresor aire 3HP 100L","Mediano","PIEZA","Herramienta y equipo"
3346,"HERR-0759","Compresor aire 5HP 200L","Taller","PIEZA","Herramienta y equipo"
3271,"HERR-0684","Cortadora metales 14in","Tronzadora","PIEZA","Herramienta y equipo"
3319,"HERR-0732","Cortadora piso gasolina","Pavimentos","PIEZA","Herramienta y equipo"
3299,"HERR-0712","Cuchara albañil No.6","Mezcla","PIEZA","Herramienta y equipo"
3300,"HERR-0713","Cuchara albañil No.8","Grande","PIEZA","Herramienta y equipo"
3335,"HERR-0748","Diablo carga 300 kg","Carga","PIEZA","Herramienta y equipo"
3310,"HERR-0723","Distanciometro laser 50m","Medidor","PIEZA","Herramienta y equipo"
3288,"HERR-0701","Dobladora manual varilla","Grifa","PIEZA","Herramienta y equipo"
3332,"HERR-0745","Escalera extension 24 peldaños","Recta","PIEZA","Herramienta y equipo"
3330,"HERR-0743","Escalera tijera 6 peldaños","Tipo A","PIEZA","Herramienta y equipo"
3331,"HERR-0744","Escalera tijera 8 peldaños","Mediana","PIEZA","Herramienta y equipo"
3297,"HERR-0710","Escuadra albañil 24in","Metalica","PIEZA","Herramienta y equipo"
3266,"HERR-0679","Esmeriladora 4 1/2in 850W","Corte desbaste","PIEZA","Herramienta y equipo"
3267,"HERR-0680","Esmeriladora 7in 2200W","Grande","PIEZA","Herramienta y equipo"
3268,"HERR-0681","Esmeriladora 9in 2400W","Industrial","PIEZA","Herramienta y equipo"
3312,"HERR-0725","Estacion total basica","Topografia","PIEZA","Herramienta y equipo"
3289,"HERR-0702","Flexometro 5m","Cinta corta","PIEZA","Herramienta y equipo"
3290,"HERR-0703","Flexometro 8m","Cinta larga","PIEZA","Herramienta y equipo"
3337,"HERR-0750","Gato botella 12 ton","Izaje","PIEZA","Herramienta y equipo"
3338,"HERR-0751","Gato botella 20 ton","Grande","PIEZA","Herramienta y equipo"
3339,"HERR-0752","Gato patin 3 ton","Piso","PIEZA","Herramienta y equipo"
4389,"HERR-1802","Herramienta especializada -105","Equipo de trabajo","PIEZA","Herramienta y equipo"
4379,"HERR-1792","Herramienta especializada -115","Equipo de trabajo","PIEZA","Herramienta y equipo"
4369,"HERR-1782","Herramienta especializada -125","Equipo de trabajo","PIEZA","Herramienta y equipo"
4359,"HERR-1772","Herramienta especializada -135","Equipo de trabajo","PIEZA","Herramienta y equipo"
4349,"HERR-1762","Herramienta especializada -145","Equipo de trabajo","PIEZA","Herramienta y equipo"
4479,"HERR-1892","Herramienta especializada -15","Equipo de trabajo","PIEZA","Herramienta y equipo"
4339,"HERR-1752","Herramienta especializada -155","Equipo de trabajo","PIEZA","Herramienta y equipo"
4329,"HERR-1742","Herramienta especializada -165","Equipo de trabajo","PIEZA","Herramienta y equipo"
4319,"HERR-1732","Herramienta especializada -175","Equipo de trabajo","PIEZA","Herramienta y equipo"
4309,"HERR-1722","Herramienta especializada -185","Equipo de trabajo","PIEZA","Herramienta y equipo"
4299,"HERR-1712","Herramienta especializada -195","Equipo de trabajo","PIEZA","Herramienta y equipo"
4289,"HERR-1702","Herramienta especializada -205","Equipo de trabajo","PIEZA","Herramienta y equipo"
4279,"HERR-1692","Herramienta especializada -215","Equipo de trabajo","PIEZA","Herramienta y equipo"
4269,"HERR-1682","Herramienta especializada -225","Equipo de trabajo","PIEZA","Herramienta y equipo"
4259,"HERR-1672","Herramienta especializada -235","Equipo de trabajo","PIEZA","Herramienta y equipo"
4249,"HERR-1662","Herramienta especializada -245","Equipo de trabajo","PIEZA","Herramienta y equipo"
4469,"HERR-1882","Herramienta especializada -25","Equipo de trabajo","PIEZA","Herramienta y equipo"
4239,"HERR-1652","Herramienta especializada -255","Equipo de trabajo","PIEZA","Herramienta y equipo"
4229,"HERR-1642","Herramienta especializada -265","Equipo de trabajo","PIEZA","Herramienta y equipo"
4219,"HERR-1632","Herramienta especializada -275","Equipo de trabajo","PIEZA","Herramienta y equipo"
4209,"HERR-1622","Herramienta especializada -285","Equipo de trabajo","PIEZA","Herramienta y equipo"
4199,"HERR-1612","Herramienta especializada -295","Equipo de trabajo","PIEZA","Herramienta y equipo"
4189,"HERR-1602","Herramienta especializada -305","Equipo de trabajo","PIEZA","Herramienta y equipo"
4179,"HERR-1592","Herramienta especializada -315","Equipo de trabajo","PIEZA","Herramienta y equipo"
4169,"HERR-1582","Herramienta especializada -325","Equipo de trabajo","PIEZA","Herramienta y equipo"
4159,"HERR-1572","Herramienta especializada -335","Equipo de trabajo","PIEZA","Herramienta y equipo"
4149,"HERR-1562","Herramienta especializada -345","Equipo de trabajo","PIEZA","Herramienta y equipo"
4459,"HERR-1872","Herramienta especializada -35","Equipo de trabajo","PIEZA","Herramienta y equipo"
4139,"HERR-1552","Herramienta especializada -355","Equipo de trabajo","PIEZA","Herramienta y equipo"
4129,"HERR-1542","Herramienta especializada -365","Equipo de trabajo","PIEZA","Herramienta y equipo"
4119,"HERR-1532","Herramienta especializada -375","Equipo de trabajo","PIEZA","Herramienta y equipo"
4109,"HERR-1522","Herramienta especializada -385","Equipo de trabajo","PIEZA","Herramienta y equipo"
4099,"HERR-1512","Herramienta especializada -395","Equipo de trabajo","PIEZA","Herramienta y equipo"
4089,"HERR-1502","Herramienta especializada -405","Equipo de trabajo","PIEZA","Herramienta y equipo"
4079,"HERR-1492","Herramienta especializada -415","Equipo de trabajo","PIEZA","Herramienta y equipo"
4069,"HERR-1482","Herramienta especializada -425","Equipo de trabajo","PIEZA","Herramienta y equipo"
4059,"HERR-1472","Herramienta especializada -435","Equipo de trabajo","PIEZA","Herramienta y equipo"
4049,"HERR-1462","Herramienta especializada -445","Equipo de trabajo","PIEZA","Herramienta y equipo"
4449,"HERR-1862","Herramienta especializada -45","Equipo de trabajo","PIEZA","Herramienta y equipo"
4039,"HERR-1452","Herramienta especializada -455","Equipo de trabajo","PIEZA","Herramienta y equipo"
4029,"HERR-1442","Herramienta especializada -465","Equipo de trabajo","PIEZA","Herramienta y equipo"
4019,"HERR-1432","Herramienta especializada -475","Equipo de trabajo","PIEZA","Herramienta y equipo"
4009,"HERR-1422","Herramienta especializada -485","Equipo de trabajo","PIEZA","Herramienta y equipo"
3999,"HERR-1412","Herramienta especializada -495","Equipo de trabajo","PIEZA","Herramienta y equipo"
4489,"HERR-1902","Herramienta especializada -5","Equipo de trabajo","PIEZA","Herramienta y equipo"
3989,"HERR-1402","Herramienta especializada -505","Equipo de trabajo","PIEZA","Herramienta y equipo"
3979,"HERR-1392","Herramienta especializada -515","Equipo de trabajo","PIEZA","Herramienta y equipo"
3969,"HERR-1382","Herramienta especializada -525","Equipo de trabajo","PIEZA","Herramienta y equipo"
3959,"HERR-1372","Herramienta especializada -535","Equipo de trabajo","PIEZA","Herramienta y equipo"
3949,"HERR-1362","Herramienta especializada -545","Equipo de trabajo","PIEZA","Herramienta y equipo"
4439,"HERR-1852","Herramienta especializada -55","Equipo de trabajo","PIEZA","Herramienta y equipo"
3939,"HERR-1352","Herramienta especializada -555","Equipo de trabajo","PIEZA","Herramienta y equipo"
3929,"HERR-1342","Herramienta especializada -565","Equipo de trabajo","PIEZA","Herramienta y equipo"
3919,"HERR-1332","Herramienta especializada -575","Equipo de trabajo","PIEZA","Herramienta y equipo"
3909,"HERR-1322","Herramienta especializada -585","Equipo de trabajo","PIEZA","Herramienta y equipo"
3899,"HERR-1312","Herramienta especializada -595","Equipo de trabajo","PIEZA","Herramienta y equipo"
3889,"HERR-1302","Herramienta especializada -605","Equipo de trabajo","PIEZA","Herramienta y equipo"
3879,"HERR-1292","Herramienta especializada -615","Equipo de trabajo","PIEZA","Herramienta y equipo"
3869,"HERR-1282","Herramienta especializada -625","Equipo de trabajo","PIEZA","Herramienta y equipo"
3859,"HERR-1272","Herramienta especializada -635","Equipo de trabajo","PIEZA","Herramienta y equipo"
3849,"HERR-1262","Herramienta especializada -645","Equipo de trabajo","PIEZA","Herramienta y equipo"
4429,"HERR-1842","Herramienta especializada -65","Equipo de trabajo","PIEZA","Herramienta y equipo"
3839,"HERR-1252","Herramienta especializada -655","Equipo de trabajo","PIEZA","Herramienta y equipo"
3829,"HERR-1242","Herramienta especializada -665","Equipo de trabajo","PIEZA","Herramienta y equipo"
3819,"HERR-1232","Herramienta especializada -675","Equipo de trabajo","PIEZA","Herramienta y equipo"
3809,"HERR-1222","Herramienta especializada -685","Equipo de trabajo","PIEZA","Herramienta y equipo"
3799,"HERR-1212","Herramienta especializada -695","Equipo de trabajo","PIEZA","Herramienta y equipo"
3789,"HERR-1202","Herramienta especializada -705","Equipo de trabajo","PIEZA","Herramienta y equipo"
3779,"HERR-1192","Herramienta especializada -715","Equipo de trabajo","PIEZA","Herramienta y equipo"
3769,"HERR-1182","Herramienta especializada -725","Equipo de trabajo","PIEZA","Herramienta y equipo"
3759,"HERR-1172","Herramienta especializada -735","Equipo de trabajo","PIEZA","Herramienta y equipo"
3749,"HERR-1162","Herramienta especializada -745","Equipo de trabajo","PIEZA","Herramienta y equipo"
4419,"HERR-1832","Herramienta especializada -75","Equipo de trabajo","PIEZA","Herramienta y equipo"
3739,"HERR-1152","Herramienta especializada -755","Equipo de trabajo","PIEZA","Herramienta y equipo"
3729,"HERR-1142","Herramienta especializada -765","Equipo de trabajo","PIEZA","Herramienta y equipo"
3719,"HERR-1132","Herramienta especializada -775","Equipo de trabajo","PIEZA","Herramienta y equipo"
3709,"HERR-1122","Herramienta especializada -785","Equipo de trabajo","PIEZA","Herramienta y equipo"
3699,"HERR-1112","Herramienta especializada -795","Equipo de trabajo","PIEZA","Herramienta y equipo"
3689,"HERR-1102","Herramienta especializada -805","Equipo de trabajo","PIEZA","Herramienta y equipo"
3679,"HERR-1092","Herramienta especializada -815","Equipo de trabajo","PIEZA","Herramienta y equipo"
3669,"HERR-1082","Herramienta especializada -825","Equipo de trabajo","PIEZA","Herramienta y equipo"
3659,"HERR-1072","Herramienta especializada -835","Equipo de trabajo","PIEZA","Herramienta y equipo"
3649,"HERR-1062","Herramienta especializada -845","Equipo de trabajo","PIEZA","Herramienta y equipo"
4409,"HERR-1822","Herramienta especializada -85","Equipo de trabajo","PIEZA","Herramienta y equipo"
3639,"HERR-1052","Herramienta especializada -855","Equipo de trabajo","PIEZA","Herramienta y equipo"
3629,"HERR-1042","Herramienta especializada -865","Equipo de trabajo","PIEZA","Herramienta y equipo"
3619,"HERR-1032","Herramienta especializada -875","Equipo de trabajo","PIEZA","Herramienta y equipo"
3609,"HERR-1022","Herramienta especializada -885","Equipo de trabajo","PIEZA","Herramienta y equipo"
3599,"HERR-1012","Herramienta especializada -895","Equipo de trabajo","PIEZA","Herramienta y equipo"
3589,"HERR-1002","Herramienta especializada -905","Equipo de trabajo","PIEZA","Herramienta y equipo"
3579,"HERR-0992","Herramienta especializada -915","Equipo de trabajo","PIEZA","Herramienta y equipo"
3569,"HERR-0982","Herramienta especializada -925","Equipo de trabajo","PIEZA","Herramienta y equipo"
3559,"HERR-0972","Herramienta especializada -935","Equipo de trabajo","PIEZA","Herramienta y equipo"
3549,"HERR-0962","Herramienta especializada -945","Equipo de trabajo","PIEZA","Herramienta y equipo"
4399,"HERR-1812","Herramienta especializada -95","Equipo de trabajo","PIEZA","Herramienta y equipo"
4509,"HERR-1922","Herramienta especializada 15","Equipo de trabajo","PIEZA","Herramienta y equipo"
4519,"HERR-1932","Herramienta especializada 25","Equipo de trabajo","PIEZA","Herramienta y equipo"
4529,"HERR-1942","Herramienta especializada 35","Equipo de trabajo","PIEZA","Herramienta y equipo"
4539,"HERR-1952","Herramienta especializada 45","Equipo de trabajo","PIEZA","Herramienta y equipo"
4499,"HERR-1912","Herramienta especializada 5","Equipo de trabajo","PIEZA","Herramienta y equipo"
4549,"HERR-1962","Herramienta especializada 55","Equipo de trabajo","PIEZA","Herramienta y equipo"
4559,"HERR-1972","Herramienta especializada 65","Equipo de trabajo","PIEZA","Herramienta y equipo"
4569,"HERR-1982","Herramienta especializada 75","Equipo de trabajo","PIEZA","Herramienta y equipo"
4579,"HERR-1992","Herramienta especializada 85","Equipo de trabajo","PIEZA","Herramienta y equipo"
3306,"HERR-0719","Juego dados 1/2in","Matraca","PIEZA","Herramienta y equipo"
3305,"HERR-0718","Juego llaves mixtas 6-24mm","Combinadas","PIEZA","Herramienta y equipo"
3298,"HERR-0711","Llana acero","Acabados","PIEZA","Herramienta y equipo"
3302,"HERR-0715","Llave Stillson 18in","Tuberia","PIEZA","Herramienta y equipo"
3303,"HERR-0716","Llave Stillson 24in","Grande","PIEZA","Herramienta y equipo"
3304,"HERR-0717","Llave Stillson 36in","Extra grande","PIEZA","Herramienta y equipo"
3340,"HERR-0753","Malacate manual 1 ton","Tirfor","PIEZA","Herramienta y equipo"
3341,"HERR-0754","Malacate manual 3 ton","Pesado","PIEZA","Herramienta y equipo"
3279,"HERR-0692","Marro 12 libras","Extra pesado","PIEZA","Herramienta y equipo"
3277,"HERR-0690","Marro 4 libras","Acero","PIEZA","Herramienta y equipo"
3278,"HERR-0691","Marro 8 libras","Pesado","PIEZA","Herramienta y equipo"
3276,"HERR-0689","Martillo bola 32oz","Mecanico","PIEZA","Herramienta y equipo"
3275,"HERR-0688","Martillo uña 16oz","Carpintero","PIEZA","Herramienta y equipo"
3325,"HERR-0738","Motobomba 3HP gasolina","Autocebante","PIEZA","Herramienta y equipo"
3293,"HERR-0706","Nivel aluminio 24in","Burbuja","PIEZA","Herramienta y equipo"
3294,"HERR-0707","Nivel aluminio 48in","Largo","PIEZA","Herramienta y equipo"
3308,"HERR-0721","Nivel laser autonivelante","Cruz laser","PIEZA","Herramienta y equipo"
3309,"HERR-0722","Nivel laser rotativo","Construccion","PIEZA","Herramienta y equipo"
3295,"HERR-0708","Nivel manguera 10m","Agua","PIEZA","Herramienta y equipo"
3311,"HERR-0724","Odometro rueda","Distancias largas","PIEZA","Herramienta y equipo"
3283,"HERR-0696","Pala carbonera con mango","Cuchara","PIEZA","Herramienta y equipo"
3282,"HERR-0695","Pala cuadrada con mango","Concreto","PIEZA","Herramienta y equipo"
3281,"HERR-0694","Pala redonda con mango","Tierra","PIEZA","Herramienta y equipo"
3336,"HERR-0749","Patin hidraulico 2.5 ton","Tarimas","PIEZA","Herramienta y equipo"
3280,"HERR-0693","Pico acero con mango","Excavacion","PIEZA","Herramienta y equipo"
3301,"HERR-0714","Pinzas presion 10in","Mecanico","PIEZA","Herramienta y equipo"
3329,"HERR-0742","Plataforma andamio","Tablon","PIEZA","Herramienta y equipo"
3296,"HERR-0709","Plomada 16oz","Laton","PIEZA","Herramienta y equipo"
3342,"HERR-0755","Polipasto cadena 1 ton","Tecle","PIEZA","Herramienta y equipo"
3343,"HERR-0756","Polipasto cadena 2 ton","Mediano","PIEZA","Herramienta y equipo"
3316,"HERR-0729","Regla vibratoria 2m","Pisos","PIEZA","Herramienta y equipo"
3317,"HERR-0730","Regla vibratoria 3m","Larga","PIEZA","Herramienta y equipo"
3320,"HERR-0733","Revolvedora 1 saco","Mezcladora","PIEZA","Herramienta y equipo"
3321,"HERR-0734","Revolvedora 2 sacos","Grande","PIEZA","Herramienta y equipo"
3265,"HERR-0678","Rotomartillo SDS max 1500W","Demoledor","PIEZA","Herramienta y equipo"
3264,"HERR-0677","Rotomartillo SDS plus 800W","Martillo perforador","PIEZA","Herramienta y equipo"
3269,"HERR-0682","Sierra circular 7 1/4in 1400W","Madera","PIEZA","Herramienta y equipo"
3270,"HERR-0683","Sierra sable 1100W","Vaiven","PIEZA","Herramienta y equipo"
3272,"HERR-0685","Soldadora inversor 200A","Portatil","PIEZA","Herramienta y equipo"
3273,"HERR-0686","Soldadora MIG 200A","Semiautomatica","PIEZA","Herramienta y equipo"
3274,"HERR-0687","Soldadora TIG 200A","Aluminio inox","PIEZA","Herramienta y equipo"
3263,"HERR-0676","Taladro percutor 1/2in 800W","Rotomartillo","PIEZA","Herramienta y equipo"
3313,"HERR-0726","Vibrador concreto 2HP","Electrico","PIEZA","Herramienta y equipo"
5950,"JARD-0016","Aspersor emergente 4 pulgadas","Pop-up","PIEZA","Jardineria"
5949,"JARD-0015","Aspersor giratorio","Circular","PIEZA","Jardineria"
5960,"JARD-0026","Azadon mango madera","Para excavar","PIEZA","Jardineria"
5970,"JARD-0036","Bote basura jardin 120L con tapa","Con ruedas","PIEZA","Jardineria"
5969,"JARD-0035","Carretilla 5 pies cubicos","Llanta neumatica","PIEZA","Jardineria"
5940,"JARD-0006","Composta organica saco 40L","Fertilizante","SACO","Jardineria"
5954,"JARD-0020","Conector rapido 1/2 pulgada","Para manguera","PIEZA","Jardineria"
5944,"JARD-0010","Corteza de pino saco 60L","Mulch","SACO","Jardineria"
5965,"JARD-0031","Desbrozadora gasolina 43cc","Orilladora","PIEZA","Jardineria"
5974,"JARD-0040","Fertilizante triple 17 1kg","Granulado","PIEZA","Jardineria"
5953,"JARD-0019","Gotero autocompensante bolsa 100","4 L/h","BOLSA","Jardineria"
5941,"JARD-0007","Grava decorativa blanca saco 20kg","Marmol","SACO","Jardineria"
5942,"JARD-0008","Grava decorativa roja saco 20kg","Tezontle","SACO","Jardineria"
5973,"JARD-0039","Jardinera rectangular 60cm","Plastico","PIEZA","Jardineria"
5971,"JARD-0037","Maceta plastica 30cm","Con plato","PIEZA","Jardineria"
5972,"JARD-0038","Maceta plastica 50cm","Con plato","PIEZA","Jardineria"
5961,"JARD-0027","Machete 18 pulgadas","Con funda","PIEZA","Jardineria"
5945,"JARD-0011","Manguera jardin 1/2 pulgada 15m","Reforzada","PIEZA","Jardineria"
5946,"JARD-0012","Manguera jardin 1/2 pulgada 30m","Reforzada","PIEZA","Jardineria"
5947,"JARD-0013","Manguera jardin 3/4 pulgada 30m","Industrial","PIEZA","Jardineria"
5956,"JARD-0022","Pala cuadrada mango largo","Construccion","PIEZA","Jardineria"
5955,"JARD-0021","Pala redonda mango largo","Jardinera","PIEZA","Jardineria"
5935,"JARD-0001","Pasto en rollo m2","Alfombra natural","M2","Jardineria"
5936,"JARD-0002","Pasto sintetico 20mm m2","Residencial","M2","Jardineria"
5937,"JARD-0003","Pasto sintetico 35mm m2","Deportivo","M2","Jardineria"
5957,"JARD-0023","Pico mango madera","5 libras","PIEZA","Jardineria"
5943,"JARD-0009","Piedra bola rio saco 20kg","Decorativa","SACO","Jardineria"
5948,"JARD-0014","Pistola riego multiposicion","7 funciones","PIEZA","Jardineria"
5966,"JARD-0032","Podadora electrica 1200W","Para pasto","PIEZA","Jardineria"
5967,"JARD-0033","Podadora gasolina 6HP","20 pulgadas","PIEZA","Jardineria"
5959,"JARD-0025","Rastrillo jardinero 14 dientes","Para tierra","PIEZA","Jardineria"
5958,"JARD-0024","Rastrillo metalico 16 dientes","Para hojas","PIEZA","Jardineria"
5964,"JARD-0030","Serrote poda curvo 30cm","Para ramas","PIEZA","Jardineria"
5968,"JARD-0034","Sopladora mochila gasolina","Para hojas","PIEZA","Jardineria"
5939,"JARD-0005","Tierra de hoja saco 40L","Sustrato","SACO","Jardineria"
5938,"JARD-0004","Tierra negra preparada m3","Para jardin","M3","Jardineria"
5962,"JARD-0028","Tijera poda bypass","Profesional","PIEZA","Jardineria"
5963,"JARD-0029","Tijera poda dos manos 60cm","Ramas gruesas","PIEZA","Jardineria"
5951,"JARD-0017","Timer para riego digital","Programable","PIEZA","Jardineria"
5952,"JARD-0018","Tubo riego por goteo 16mm 100m","Con goteros","ROLLO","Jardineria"
5142,"LIMP-0008","Ajax polvo 500g","Limpiador abrasivo","PIEZA","Limpieza"
5167,"LIMP-0033","Aromatizante en aerosol 400ml","Ambiental","PIEZA","Limpieza"
5168,"LIMP-0034","Aromatizante liquido 1L","Concentrado","PIEZA","Limpieza"
5173,"LIMP-0039","Atomizador vacio 500ml","Rociador","PIEZA","Limpieza"
5121,"LIMP-004","Bolsa basura 90x120 negra","Bolsa jumbo paq 25","PAQUETE","Limpieza"
5156,"LIMP-0022","Bolsa basura chica 50x70 paq 25","Bolsas negras","PAQUETE","Limpieza"
5158,"LIMP-0024","Bolsa basura grande 90x120 paq 25","Bolsas negras","PAQUETE","Limpieza"
5159,"LIMP-0025","Bolsa basura jumbo 120x150 paq 10","Bolsas extra grandes","PAQUETE","Limpieza"
5157,"LIMP-0023","Bolsa basura mediana 60x90 paq 25","Bolsas negras","PAQUETE","Limpieza"
5084,"LIMP-004","Bolsa basura negra 90x120","Paq 25","PAQUETE","Limpieza"
5176,"LIMP-0042","Cepillo para baño","Con base","PIEZA","Limpieza"
5135,"LIMP-0001","Cloro concentrado 1L","Blanqueador y desinfectante","PIEZA","Limpieza"
5137,"LIMP-0003","Cloro concentrado 20L","Blanqueador y desinfectante","CUBETA","Limpieza"
5136,"LIMP-0002","Cloro concentrado 4L","Blanqueador y desinfectante","PIEZA","Limpieza"
5081,"LIMP-001","Cloro galón","Hipoclorito","GALON","Limpieza"
5154,"LIMP-0020","Cubeta de plastico 12L","Cubeta resistente","PIEZA","Limpieza"
5155,"LIMP-0021","Cubeta de plastico 19L","Cubeta grande","PIEZA","Limpieza"
5181,"LIMP-0047","Desengrasante industrial 1L","Uso pesado","PIEZA","Limpieza"
5182,"LIMP-0048","Desengrasante industrial 4L","Uso pesado","GALON","Limpieza"
5166,"LIMP-0032","Desinfectante en aerosol 400ml","Lysol o similar","PIEZA","Limpieza"
5177,"LIMP-0043","Destapacaños liquido 1L","Desatascador","PIEZA","Limpieza"
5149,"LIMP-0015","Escoba de mijo","Escoba natural","PIEZA","Limpieza"
5148,"LIMP-0014","Escoba de plastico","Escoba uso rudo","PIEZA","Limpieza"
5085,"LIMP-005","Escoba plástica","Barrer","PIEZA","Limpieza"
5170,"LIMP-0036","Esponja con fibra","Doble uso","PIEZA","Limpieza"
5140,"LIMP-0006","Fabuloso lavanda 1L","Limpiador multiusos","PIEZA","Limpieza"
5141,"LIMP-0007","Fabuloso lavanda 5L","Limpiador multiusos","GALON","Limpieza"
5169,"LIMP-0035","Fibra verde para trastes","Uso rudo","PIEZA","Limpieza"
5174,"LIMP-0040","Franela roja metro","Tela para limpieza","METRO","Limpieza"
5184,"LIMP-0050","Gel antibacterial 500ml","Para manos","PIEZA","Limpieza"
5172,"LIMP-0038","Guantes de hule par","Reutilizables","PAR","Limpieza"
5171,"LIMP-0037","Guantes de latex par","Desechables","PAR","Limpieza"
5145,"LIMP-0011","Jabon en polvo 1kg","Detergente para ropa","BOLSA","Limpieza"
5146,"LIMP-0012","Jabon en polvo 5kg","Detergente para ropa","BOLSA","Limpieza"
5082,"LIMP-002","Jabón líquido manos galón","Antibacterial","GALON","Limpieza"
5144,"LIMP-0010","Jabon liquido para manos 4L","Antibacterial","GALON","Limpieza"
5143,"LIMP-0009","Jabon liquido para manos 500ml","Antibacterial","PIEZA","Limpieza"
5175,"LIMP-0041","Jerga gris metro","Tela absorbente","METRO","Limpieza"
5179,"LIMP-0045","Limpiavidrios 4L","Refill","GALON","Limpieza"
5178,"LIMP-0044","Limpiavidrios 750ml","Con atomizador","PIEZA","Limpieza"
5152,"LIMP-0018","Mop completo con exprimidor","Sistema de limpieza","PIEZA","Limpieza"
5161,"LIMP-0027","Papel higienico 12 rollos","Papel suave","PAQUETE","Limpieza"
5160,"LIMP-0026","Papel higienico 4 rollos","Papel suave","PAQUETE","Limpieza"
5162,"LIMP-0028","Papel higienico jumbo 6 rollos","Para dispensador","PAQUETE","Limpieza"
5083,"LIMP-003","Papel higiénico jumbo 6 rollos","Institucional","PAQUETE","Limpieza"
5183,"LIMP-0049","Pastilla aromatizante WC","Para tanque","PIEZA","Limpieza"
5138,"LIMP-0004","Pinol limpiador multiusos 1L","Limpiador aromatizante","PIEZA","Limpieza"
5139,"LIMP-0005","Pinol limpiador multiusos 5L","Limpiador aromatizante","GALON","Limpieza"
5153,"LIMP-0019","Recogedor de basura plastico","Recogedor con mango","PIEZA","Limpieza"
5180,"LIMP-0046","Sarricida 1L","Quita sarro","PIEZA","Limpieza"
5165,"LIMP-0031","Servilletas paq 500","Servilletas blancas","PAQUETE","Limpieza"
5147,"LIMP-0013","Suavizante de telas 1L","Para ropa","PIEZA","Limpieza"
5163,"LIMP-0029","Toalla de papel rollo","Toalla absorbente","PIEZA","Limpieza"
5164,"LIMP-0030","Toalla interdoblada paq 100","Para dispensador","PAQUETE","Limpieza"
5150,"LIMP-0016","Trapeador de hilaza","Trapeador absorbente","PIEZA","Limpieza"
5151,"LIMP-0017","Trapeador de microfibra","Trapeador premium","PIEZA","Limpieza"
5735,"MADE-0011","Aglomerado 16mm 1.22x2.44","Melamina blanca","PIEZA","Maderas y tableros"
5736,"MADE-0012","Aglomerado 16mm 1.22x2.44 maple","Melamina","PIEZA","Maderas y tableros"
5737,"MADE-0013","Aglomerado 16mm 1.22x2.44 nogal","Melamina","PIEZA","Maderas y tableros"
5741,"MADE-0017","Barrote pino 2x4 x 10 pies","Seco","PIEZA","Maderas y tableros"
5740,"MADE-0016","Barrote pino 2x4 x 8 pies","Seco","PIEZA","Maderas y tableros"
5742,"MADE-0018","Barrote pino 2x6 x 8 pies","Seco","PIEZA","Maderas y tableros"
5754,"MADE-0030","Chambrana pino 6cm x 3m","Para marco","PIEZA","Maderas y tableros"
5750,"MADE-0026","Duela pino 1x4 x 8 pies","Machimbrada","PIEZA","Maderas y tableros"
5739,"MADE-0015","Fibracel 3mm 1.22x2.44","Duro","PIEZA","Maderas y tableros"
5733,"MADE-0009","MDF 12mm 1.22x2.44","Fibra media","PIEZA","Maderas y tableros"
5734,"MADE-0010","MDF 15mm 1.22x2.44","Fibra media","PIEZA","Maderas y tableros"
5730,"MADE-0006","MDF 3mm 1.22x2.44","Fibra media","PIEZA","Maderas y tableros"
5731,"MADE-0007","MDF 6mm 1.22x2.44","Fibra media","PIEZA","Maderas y tableros"
5732,"MADE-0008","MDF 9mm 1.22x2.44","Fibra media","PIEZA","Maderas y tableros"
5751,"MADE-0027","Moldura corona pino 3m","Decorativa","PIEZA","Maderas y tableros"
5752,"MADE-0028","Moldura media caña pino 3m","Decorativa","PIEZA","Maderas y tableros"
5738,"MADE-0014","OSB 11mm 1.22x2.44","Estructural","PIEZA","Maderas y tableros"
5764,"MADE-0040","Perfil final para piso laminado 2.4m","Terminacion","PIEZA","Maderas y tableros"
5763,"MADE-0039","Perfil T para piso laminado 2.4m","Union","PIEZA","Maderas y tableros"
5759,"MADE-0035","Piso laminado 7mm m2","Roble claro","M2","Maderas y tableros"
5760,"MADE-0036","Piso laminado 8mm m2","Nogal","M2","Maderas y tableros"
5761,"MADE-0037","Piso vinilico tipo madera m2","Click","M2","Maderas y tableros"
5744,"MADE-0020","Polin pino 4x4 x 10 pies","Estructural","PIEZA","Maderas y tableros"
5743,"MADE-0019","Polin pino 4x4 x 8 pies","Estructural","PIEZA","Maderas y tableros"
5755,"MADE-0031","Repisa de pino 20x60cm","Barnizada","PIEZA","Maderas y tableros"
5756,"MADE-0032","Repisa de pino 25x80cm","Barnizada","PIEZA","Maderas y tableros"
5748,"MADE-0024","Tabla pino 1x10 x 8 pies","Cepillada","PIEZA","Maderas y tableros"
5749,"MADE-0025","Tabla pino 1x12 x 8 pies","Cepillada","PIEZA","Maderas y tableros"
5745,"MADE-0021","Tabla pino 1x4 x 8 pies","Cepillada","PIEZA","Maderas y tableros"
5746,"MADE-0022","Tabla pino 1x6 x 8 pies","Cepillada","PIEZA","Maderas y tableros"
5747,"MADE-0023","Tabla pino 1x8 x 8 pies","Cepillada","PIEZA","Maderas y tableros"
5758,"MADE-0034","Tarima de madera 1x1.2m","Industrial","PIEZA","Maderas y tableros"
5757,"MADE-0033","Tarima de madera 1x1m","Industrial","PIEZA","Maderas y tableros"
5727,"MADE-0003","Triplay 12mm 1.22x2.44","Pino","PIEZA","Maderas y tableros"
5728,"MADE-0004","Triplay 16mm 1.22x2.44","Pino","PIEZA","Maderas y tableros"
5729,"MADE-0005","Triplay 19mm 1.22x2.44","Pino","PIEZA","Maderas y tableros"
5725,"MADE-0001","Triplay 6mm 1.22x2.44","Pino","PIEZA","Maderas y tableros"
5726,"MADE-0002","Triplay 9mm 1.22x2.44","Pino","PIEZA","Maderas y tableros"
5762,"MADE-0038","Underlay para piso laminado m2","Espuma","M2","Maderas y tableros"
5753,"MADE-0029","Zoclo pino 8cm x 3m","Rodapie","PIEZA","Maderas y tableros"
5305,"MANT-0031","Aceite 3 en 1 90ml","Lubricante","PIEZA","Mantenimiento edificio"
5313,"MANT-0039","Bisagra 3 pulgadas par","Para puerta","PAR","Mantenimiento edificio"
5300,"MANT-0026","Brocha 2 pulgadas","Para pintura","PIEZA","Mantenimiento edificio"
5301,"MANT-0027","Brocha 4 pulgadas","Para pintura","PIEZA","Mantenimiento edificio"
5311,"MANT-0037","Candado 40mm","Con llave","PIEZA","Mantenimiento edificio"
5312,"MANT-0038","Candado 50mm","Con llave","PIEZA","Mantenimiento edificio"
5310,"MANT-0036","Cerradura de sobreponer","Con llave","PIEZA","Mantenimiento edificio"
5309,"MANT-0035","Chapa de pomo con llave","Para puerta","PIEZA","Mantenimiento edificio"
5303,"MANT-0029","Charola para pintura","Plastica","PIEZA","Mantenimiento edificio"
5292,"MANT-0018","Cinta de aislar negra","19mm x 18m","PIEZA","Mantenimiento edificio"
5293,"MANT-0019","Cinta de aislar set colores","5 colores","PAQUETE","Mantenimiento edificio"
5294,"MANT-0020","Cinta teflon 1/2 pulgada","Para roscas","PIEZA","Mantenimiento edificio"
5319,"MANT-0045","Desarmador cruz mediano","6 pulgadas","PIEZA","Mantenimiento edificio"
5318,"MANT-0044","Desarmador plano mediano","6 pulgadas","PIEZA","Mantenimiento edificio"
5290,"MANT-0016","Extension electrica 10m","Uso rudo","PIEZA","Mantenimiento edificio"
5288,"MANT-0014","Extension electrica 3m","3 contactos","PIEZA","Mantenimiento edificio"
5289,"MANT-0015","Extension electrica 5m","3 contactos","PIEZA","Mantenimiento edificio"
5282,"MANT-0008","Foco ahorrador espiral 23W","Luz blanca","PIEZA","Mantenimiento edificio"
5276,"MANT-0002","Foco LED 12W luz blanca","E27 equivalente 75W","PIEZA","Mantenimiento edificio"
5277,"MANT-0003","Foco LED 15W luz blanca","E27 equivalente 100W","PIEZA","Mantenimiento edificio"
5275,"MANT-0001","Foco LED 9W luz blanca","E27 equivalente 60W","PIEZA","Mantenimiento edificio"
5278,"MANT-0004","Foco LED 9W luz calida","E27 luz amarilla","PIEZA","Mantenimiento edificio"
5281,"MANT-0007","Lampara LED panel 24W 60x60","Para plafon","PIEZA","Mantenimiento edificio"
5324,"MANT-0050","Linterna LED recargable","400 lumenes","PIEZA","Mantenimiento edificio"
5322,"MANT-0048","Llave ajustable 10 pulgadas","Perico","PIEZA","Mantenimiento edificio"
5291,"MANT-0017","Multicontacto 6 entradas","Con supresor picos","PIEZA","Mantenimiento edificio"
5323,"MANT-0049","Navaja cutter","Con repuestos","PIEZA","Mantenimiento edificio"
5307,"MANT-0033","Pegamento blanco 500ml","Resistol","PIEZA","Mantenimiento edificio"
5308,"MANT-0034","Pegamento instantaneo 3g","Kola Loka","PIEZA","Mantenimiento edificio"
5287,"MANT-0013","Pila 9V alcalina","Duracell o similar","PIEZA","Mantenimiento edificio"
5283,"MANT-0009","Pila AA alcalina paq 4","Duracell o similar","PAQUETE","Mantenimiento edificio"
5284,"MANT-0010","Pila AAA alcalina paq 4","Duracell o similar","PAQUETE","Mantenimiento edificio"
5285,"MANT-0011","Pila C alcalina paq 2","Duracell o similar","PAQUETE","Mantenimiento edificio"
5286,"MANT-0012","Pila D alcalina paq 2","Duracell o similar","PAQUETE","Mantenimiento edificio"
5299,"MANT-0025","Pintura vinilica blanca 19L","Interior/exterior","CUBETA","Mantenimiento edificio"
5298,"MANT-0024","Pintura vinilica blanca 4L","Interior/exterior","GALON","Mantenimiento edificio"
5320,"MANT-0046","Pinzas de electricista","8 pulgadas","PIEZA","Mantenimiento edificio"
5297,"MANT-0023","Pistola para silicon","Manual","PIEZA","Mantenimiento edificio"
5302,"MANT-0028","Rodillo de felpa 9 pulgadas","Con marco","PIEZA","Mantenimiento edificio"
5296,"MANT-0022","Silicón blanco 280ml","Cartucho","PIEZA","Mantenimiento edificio"
5295,"MANT-0021","Silicón transparente 280ml","Cartucho","PIEZA","Mantenimiento edificio"
5316,"MANT-0042","Taquete plastico No.8 bolsa 100","Con tornillo","BOLSA","Mantenimiento edificio"
5304,"MANT-0030","Thinner 1L","Solvente","PIEZA","Mantenimiento edificio"
5314,"MANT-0040","Tornillo pija 1 pulgada caja 100","Para madera","CAJA","Mantenimiento edificio"
5315,"MANT-0041","Tornillo pija 2 pulgadas caja 100","Para madera","CAJA","Mantenimiento edificio"
5279,"MANT-0005","Tubo LED T8 18W 120cm","Luz blanca","PIEZA","Mantenimiento edificio"
5280,"MANT-0006","Tubo LED T8 9W 60cm","Luz blanca","PIEZA","Mantenimiento edificio"
5306,"MANT-0032","WD-40 400ml","Aflojatodo","PIEZA","Mantenimiento edificio"
4387,"ELEC-1800","Accesorio electrico -105","Componente electrico","PIEZA","Material electrico"
4377,"ELEC-1790","Accesorio electrico -115","Componente electrico","PIEZA","Material electrico"
4367,"ELEC-1780","Accesorio electrico -125","Componente electrico","PIEZA","Material electrico"
4357,"ELEC-1770","Accesorio electrico -135","Componente electrico","PIEZA","Material electrico"
4347,"ELEC-1760","Accesorio electrico -145","Componente electrico","PIEZA","Material electrico"
4477,"ELEC-1890","Accesorio electrico -15","Componente electrico","PIEZA","Material electrico"
4337,"ELEC-1750","Accesorio electrico -155","Componente electrico","PIEZA","Material electrico"
4327,"ELEC-1740","Accesorio electrico -165","Componente electrico","PIEZA","Material electrico"
4317,"ELEC-1730","Accesorio electrico -175","Componente electrico","PIEZA","Material electrico"
4307,"ELEC-1720","Accesorio electrico -185","Componente electrico","PIEZA","Material electrico"
4297,"ELEC-1710","Accesorio electrico -195","Componente electrico","PIEZA","Material electrico"
4287,"ELEC-1700","Accesorio electrico -205","Componente electrico","PIEZA","Material electrico"
4277,"ELEC-1690","Accesorio electrico -215","Componente electrico","PIEZA","Material electrico"
4267,"ELEC-1680","Accesorio electrico -225","Componente electrico","PIEZA","Material electrico"
4257,"ELEC-1670","Accesorio electrico -235","Componente electrico","PIEZA","Material electrico"
4247,"ELEC-1660","Accesorio electrico -245","Componente electrico","PIEZA","Material electrico"
4467,"ELEC-1880","Accesorio electrico -25","Componente electrico","PIEZA","Material electrico"
4237,"ELEC-1650","Accesorio electrico -255","Componente electrico","PIEZA","Material electrico"
4227,"ELEC-1640","Accesorio electrico -265","Componente electrico","PIEZA","Material electrico"
4217,"ELEC-1630","Accesorio electrico -275","Componente electrico","PIEZA","Material electrico"
4207,"ELEC-1620","Accesorio electrico -285","Componente electrico","PIEZA","Material electrico"
4197,"ELEC-1610","Accesorio electrico -295","Componente electrico","PIEZA","Material electrico"
4187,"ELEC-1600","Accesorio electrico -305","Componente electrico","PIEZA","Material electrico"
4177,"ELEC-1590","Accesorio electrico -315","Componente electrico","PIEZA","Material electrico"
4167,"ELEC-1580","Accesorio electrico -325","Componente electrico","PIEZA","Material electrico"
4157,"ELEC-1570","Accesorio electrico -335","Componente electrico","PIEZA","Material electrico"
4147,"ELEC-1560","Accesorio electrico -345","Componente electrico","PIEZA","Material electrico"
4457,"ELEC-1870","Accesorio electrico -35","Componente electrico","PIEZA","Material electrico"
4137,"ELEC-1550","Accesorio electrico -355","Componente electrico","PIEZA","Material electrico"
4127,"ELEC-1540","Accesorio electrico -365","Componente electrico","PIEZA","Material electrico"
4117,"ELEC-1530","Accesorio electrico -375","Componente electrico","PIEZA","Material electrico"
4107,"ELEC-1520","Accesorio electrico -385","Componente electrico","PIEZA","Material electrico"
4097,"ELEC-1510","Accesorio electrico -395","Componente electrico","PIEZA","Material electrico"
4087,"ELEC-1500","Accesorio electrico -405","Componente electrico","PIEZA","Material electrico"
4077,"ELEC-1490","Accesorio electrico -415","Componente electrico","PIEZA","Material electrico"
4067,"ELEC-1480","Accesorio electrico -425","Componente electrico","PIEZA","Material electrico"
4057,"ELEC-1470","Accesorio electrico -435","Componente electrico","PIEZA","Material electrico"
4047,"ELEC-1460","Accesorio electrico -445","Componente electrico","PIEZA","Material electrico"
4447,"ELEC-1860","Accesorio electrico -45","Componente electrico","PIEZA","Material electrico"
4037,"ELEC-1450","Accesorio electrico -455","Componente electrico","PIEZA","Material electrico"
4027,"ELEC-1440","Accesorio electrico -465","Componente electrico","PIEZA","Material electrico"
4017,"ELEC-1430","Accesorio electrico -475","Componente electrico","PIEZA","Material electrico"
4007,"ELEC-1420","Accesorio electrico -485","Componente electrico","PIEZA","Material electrico"
3997,"ELEC-1410","Accesorio electrico -495","Componente electrico","PIEZA","Material electrico"
4487,"ELEC-1900","Accesorio electrico -5","Componente electrico","PIEZA","Material electrico"
3987,"ELEC-1400","Accesorio electrico -505","Componente electrico","PIEZA","Material electrico"
3977,"ELEC-1390","Accesorio electrico -515","Componente electrico","PIEZA","Material electrico"
3967,"ELEC-1380","Accesorio electrico -525","Componente electrico","PIEZA","Material electrico"
3957,"ELEC-1370","Accesorio electrico -535","Componente electrico","PIEZA","Material electrico"
3947,"ELEC-1360","Accesorio electrico -545","Componente electrico","PIEZA","Material electrico"
4437,"ELEC-1850","Accesorio electrico -55","Componente electrico","PIEZA","Material electrico"
3937,"ELEC-1350","Accesorio electrico -555","Componente electrico","PIEZA","Material electrico"
3927,"ELEC-1340","Accesorio electrico -565","Componente electrico","PIEZA","Material electrico"
3917,"ELEC-1330","Accesorio electrico -575","Componente electrico","PIEZA","Material electrico"
3907,"ELEC-1320","Accesorio electrico -585","Componente electrico","PIEZA","Material electrico"
3897,"ELEC-1310","Accesorio electrico -595","Componente electrico","PIEZA","Material electrico"
3887,"ELEC-1300","Accesorio electrico -605","Componente electrico","PIEZA","Material electrico"
3877,"ELEC-1290","Accesorio electrico -615","Componente electrico","PIEZA","Material electrico"
3867,"ELEC-1280","Accesorio electrico -625","Componente electrico","PIEZA","Material electrico"
3857,"ELEC-1270","Accesorio electrico -635","Componente electrico","PIEZA","Material electrico"
3847,"ELEC-1260","Accesorio electrico -645","Componente electrico","PIEZA","Material electrico"
4427,"ELEC-1840","Accesorio electrico -65","Componente electrico","PIEZA","Material electrico"
3837,"ELEC-1250","Accesorio electrico -655","Componente electrico","PIEZA","Material electrico"
3827,"ELEC-1240","Accesorio electrico -665","Componente electrico","PIEZA","Material electrico"
3817,"ELEC-1230","Accesorio electrico -675","Componente electrico","PIEZA","Material electrico"
3807,"ELEC-1220","Accesorio electrico -685","Componente electrico","PIEZA","Material electrico"
3797,"ELEC-1210","Accesorio electrico -695","Componente electrico","PIEZA","Material electrico"
3787,"ELEC-1200","Accesorio electrico -705","Componente electrico","PIEZA","Material electrico"
3777,"ELEC-1190","Accesorio electrico -715","Componente electrico","PIEZA","Material electrico"
3767,"ELEC-1180","Accesorio electrico -725","Componente electrico","PIEZA","Material electrico"
3757,"ELEC-1170","Accesorio electrico -735","Componente electrico","PIEZA","Material electrico"
3747,"ELEC-1160","Accesorio electrico -745","Componente electrico","PIEZA","Material electrico"
4417,"ELEC-1830","Accesorio electrico -75","Componente electrico","PIEZA","Material electrico"
3737,"ELEC-1150","Accesorio electrico -755","Componente electrico","PIEZA","Material electrico"
3727,"ELEC-1140","Accesorio electrico -765","Componente electrico","PIEZA","Material electrico"
3717,"ELEC-1130","Accesorio electrico -775","Componente electrico","PIEZA","Material electrico"
3707,"ELEC-1120","Accesorio electrico -785","Componente electrico","PIEZA","Material electrico"
3697,"ELEC-1110","Accesorio electrico -795","Componente electrico","PIEZA","Material electrico"
3687,"ELEC-1100","Accesorio electrico -805","Componente electrico","PIEZA","Material electrico"
3677,"ELEC-1090","Accesorio electrico -815","Componente electrico","PIEZA","Material electrico"
3667,"ELEC-1080","Accesorio electrico -825","Componente electrico","PIEZA","Material electrico"
3657,"ELEC-1070","Accesorio electrico -835","Componente electrico","PIEZA","Material electrico"
3647,"ELEC-1060","Accesorio electrico -845","Componente electrico","PIEZA","Material electrico"
4407,"ELEC-1820","Accesorio electrico -85","Componente electrico","PIEZA","Material electrico"
3637,"ELEC-1050","Accesorio electrico -855","Componente electrico","PIEZA","Material electrico"
3627,"ELEC-1040","Accesorio electrico -865","Componente electrico","PIEZA","Material electrico"
3617,"ELEC-1030","Accesorio electrico -875","Componente electrico","PIEZA","Material electrico"
3607,"ELEC-1020","Accesorio electrico -885","Componente electrico","PIEZA","Material electrico"
3597,"ELEC-1010","Accesorio electrico -895","Componente electrico","PIEZA","Material electrico"
3587,"ELEC-1000","Accesorio electrico -905","Componente electrico","PIEZA","Material electrico"
3577,"ELEC-0990","Accesorio electrico -915","Componente electrico","PIEZA","Material electrico"
3567,"ELEC-0980","Accesorio electrico -925","Componente electrico","PIEZA","Material electrico"
3557,"ELEC-0970","Accesorio electrico -935","Componente electrico","PIEZA","Material electrico"
3547,"ELEC-0960","Accesorio electrico -945","Componente electrico","PIEZA","Material electrico"
4397,"ELEC-1810","Accesorio electrico -95","Componente electrico","PIEZA","Material electrico"
4507,"ELEC-1920","Accesorio electrico 15","Componente electrico","PIEZA","Material electrico"
4517,"ELEC-1930","Accesorio electrico 25","Componente electrico","PIEZA","Material electrico"
4527,"ELEC-1940","Accesorio electrico 35","Componente electrico","PIEZA","Material electrico"
4537,"ELEC-1950","Accesorio electrico 45","Componente electrico","PIEZA","Material electrico"
4497,"ELEC-1910","Accesorio electrico 5","Componente electrico","PIEZA","Material electrico"
4547,"ELEC-1960","Accesorio electrico 55","Componente electrico","PIEZA","Material electrico"
4557,"ELEC-1970","Accesorio electrico 65","Componente electrico","PIEZA","Material electrico"
4567,"ELEC-1980","Accesorio electrico 75","Componente electrico","PIEZA","Material electrico"
4577,"ELEC-1990","Accesorio electrico 85","Componente electrico","PIEZA","Material electrico"
4587,"ELEC-2000","Accesorio electrico 95","Componente electrico","PIEZA","Material electrico"
3172,"ELEC-0585","Apagador sencillo","Control iluminacion","PIEZA","Material electrico"
3173,"ELEC-0586","Apagador tres vias","Control 2 puntos","PIEZA","Material electrico"
3170,"ELEC-0583","Brazo luminaria 1.5m","Mensula lampara","PIEZA","Material electrico"
3104,"ELEC-0517","Cable cobre desnudo 10 AWG","Tierra fisica","METRO_LINEAL","Material electrico"
3105,"ELEC-0518","Cable cobre desnudo 8 AWG","Tierra fisica gruesa","METRO_LINEAL","Material electrico"
3101,"ELEC-0514","Cable THW-LS 1/0 AWG","Cable electrico cal 1/0","METRO_LINEAL","Material electrico"
3096,"ELEC-0509","Cable THW-LS 10 AWG","Cable electrico cal 10","METRO_LINEAL","Material electrico"
3095,"ELEC-0508","Cable THW-LS 12 AWG","Cable electrico cal 12","METRO_LINEAL","Material electrico"
3094,"ELEC-0507","Cable THW-LS 14 AWG","Cable electrico cal 14","METRO_LINEAL","Material electrico"
3100,"ELEC-0513","Cable THW-LS 2 AWG","Cable electrico cal 2","METRO_LINEAL","Material electrico"
3102,"ELEC-0515","Cable THW-LS 2/0 AWG","Cable electrico cal 2/0","METRO_LINEAL","Material electrico"
3099,"ELEC-0512","Cable THW-LS 4 AWG","Cable electrico cal 4","METRO_LINEAL","Material electrico"
3103,"ELEC-0516","Cable THW-LS 4/0 AWG","Cable electrico cal 4/0","METRO_LINEAL","Material electrico"
3098,"ELEC-0511","Cable THW-LS 6 AWG","Cable electrico cal 6","METRO_LINEAL","Material electrico"
3097,"ELEC-0510","Cable THW-LS 8 AWG","Cable electrico cal 8","METRO_LINEAL","Material electrico"
3108,"ELEC-0521","Cable uso rudo 2x12 AWG","Exterior 2x12","METRO_LINEAL","Material electrico"
3106,"ELEC-0519","Cable uso rudo 3x10 AWG","Exterior 3x10","METRO_LINEAL","Material electrico"
3107,"ELEC-0520","Cable uso rudo 3x12 AWG","Exterior 3x12","METRO_LINEAL","Material electrico"
3109,"ELEC-0522","Cable uso rudo 3x14 AWG","Exterior 3x14","METRO_LINEAL","Material electrico"
3132,"ELEC-0545","Caja chalupa galvanizada","Apagadores","PIEZA","Material electrico"
3133,"ELEC-0546","Caja cuadrada 4x4","Registro","PIEZA","Material electrico"
3134,"ELEC-0547","Caja octagonal","Luminarias","PIEZA","Material electrico"
3135,"ELEC-0548","Caja registro 20x20","Paso grande","PIEZA","Material electrico"
3136,"ELEC-0549","Caja registro 30x30","Distribucion","PIEZA","Material electrico"
3140,"ELEC-0553","Centro carga 12 polos","Tablero 12 circuitos","PIEZA","Material electrico"
3141,"ELEC-0554","Centro carga 18 polos","Tablero 18 circuitos","PIEZA","Material electrico"
3137,"ELEC-0550","Centro carga 2 polos","Tablero 2 circuitos","PIEZA","Material electrico"
3142,"ELEC-0555","Centro carga 24 polos","Tablero 24 circuitos","PIEZA","Material electrico"
3143,"ELEC-0556","Centro carga 30 polos","Tablero 30 circuitos","PIEZA","Material electrico"
3138,"ELEC-0551","Centro carga 4 polos","Tablero 4 circuitos","PIEZA","Material electrico"
3139,"ELEC-0552","Centro carga 8 polos","Tablero 8 circuitos","PIEZA","Material electrico"
3176,"ELEC-0589","Cinta aislante negra","Empalmes","PIEZA","Material electrico"
3123,"ELEC-0536","Codo conduit PVC 1/2in","Codo 90° 1/2in","PIEZA","Material electrico"
3129,"ELEC-0542","Codo conduit PVC 1in","Codo 90° 1in","PIEZA","Material electrico"
3126,"ELEC-0539","Codo conduit PVC 3/4in","Codo 90° 3/4in","PIEZA","Material electrico"
3120,"ELEC-0533","Conduit flexible 1/2in","Flexible 1/2in","METRO_LINEAL","Material electrico"
3122,"ELEC-0535","Conduit flexible 1in","Flexible 1in","METRO_LINEAL","Material electrico"
3121,"ELEC-0534","Conduit flexible 3/4in","Flexible 3/4in","METRO_LINEAL","Material electrico"
3117,"ELEC-0530","Conduit galvanizado 1 1/2in","Metalico 1 1/2in","METRO_LINEAL","Material electrico"
3111,"ELEC-0524","Conduit galvanizado 1/2in","Metalico 1/2in","METRO_LINEAL","Material electrico"
3115,"ELEC-0528","Conduit galvanizado 1in","Metalico 1in","METRO_LINEAL","Material electrico"
3119,"ELEC-0532","Conduit galvanizado 2in","Metalico 2in","METRO_LINEAL","Material electrico"
3113,"ELEC-0526","Conduit galvanizado 3/4in","Metalico 3/4in","METRO_LINEAL","Material electrico"
3116,"ELEC-0529","Conduit PVC 1 1/2in","Canalizacion PVC 1 1/2in","METRO_LINEAL","Material electrico"
3110,"ELEC-0523","Conduit PVC 1/2in","Canalizacion PVC 1/2in","METRO_LINEAL","Material electrico"
3114,"ELEC-0527","Conduit PVC 1in","Canalizacion PVC 1in","METRO_LINEAL","Material electrico"
3118,"ELEC-0531","Conduit PVC 2in","Canalizacion PVC 2in","METRO_LINEAL","Material electrico"
3112,"ELEC-0525","Conduit PVC 3/4in","Canalizacion PVC 3/4in","METRO_LINEAL","Material electrico"
3124,"ELEC-0537","Conector conduit PVC 1/2in","Conector caja 1/2in","PIEZA","Material electrico"
3130,"ELEC-0543","Conector conduit PVC 1in","Conector caja 1in","PIEZA","Material electrico"
3127,"ELEC-0540","Conector conduit PVC 3/4in","Conector caja 3/4in","PIEZA","Material electrico"
3178,"ELEC-0591","Conector varilla tierra","Conexion","PIEZA","Material electrico"
3174,"ELEC-0587","Contacto duplex","Toma corriente","PIEZA","Material electrico"
3175,"ELEC-0588","Contacto GFCI","Areas humedas","PIEZA","Material electrico"
3125,"ELEC-0538","Cople conduit PVC 1/2in","Union 1/2in","PIEZA","Material electrico"
3131,"ELEC-0544","Cople conduit PVC 1in","Union 1in","PIEZA","Material electrico"
3128,"ELEC-0541","Cople conduit PVC 3/4in","Union 3/4in","PIEZA","Material electrico"
3171,"ELEC-0584","Fotocelda luminaria","Sensor dia/noche","PIEZA","Material electrico"
3157,"ELEC-0570","Lampara LED 18W tubo","Luminaria LED 18W","PIEZA","Material electrico"
3158,"ELEC-0571","Lampara LED 36W tubo","Luminaria LED 36W","PIEZA","Material electrico"
3164,"ELEC-0577","Luminaria vial LED 100W","Alumbrado publico 100W","PIEZA","Material electrico"
3165,"ELEC-0578","Luminaria vial LED 150W","Alumbrado publico 150W","PIEZA","Material electrico"
3166,"ELEC-0579","Luminaria vial LED 200W","Alumbrado publico 200W","PIEZA","Material electrico"
3169,"ELEC-0582","Poste metalico 12m","Poste alumbrado 12m","PIEZA","Material electrico"
3167,"ELEC-0580","Poste metalico 6m","Poste alumbrado 6m","PIEZA","Material electrico"
3168,"ELEC-0581","Poste metalico 9m","Poste alumbrado 9m","PIEZA","Material electrico"
3160,"ELEC-0573","Reflector LED 100W exterior","Iluminacion 100W","PIEZA","Material electrico"
3161,"ELEC-0574","Reflector LED 150W exterior","Iluminacion 150W","PIEZA","Material electrico"
3162,"ELEC-0575","Reflector LED 200W exterior","Iluminacion 200W","PIEZA","Material electrico"
3163,"ELEC-0576","Reflector LED 300W exterior","Iluminacion 300W","PIEZA","Material electrico"
3159,"ELEC-0572","Reflector LED 50W exterior","Iluminacion 50W","PIEZA","Material electrico"
3154,"ELEC-0567","Seguridad 2x30A","Cuchilla desconexion","PIEZA","Material electrico"
3156,"ELEC-0569","Seguridad 3x100A","Cuchilla 100A","PIEZA","Material electrico"
3155,"ELEC-0568","Seguridad 3x60A","Cuchilla trifasica","PIEZA","Material electrico"
3144,"ELEC-0557","Termomagnetico 1x15A","Pastilla 1 polo 15A","PIEZA","Material electrico"
3145,"ELEC-0558","Termomagnetico 1x20A","Pastilla 1 polo 20A","PIEZA","Material electrico"
3146,"ELEC-0559","Termomagnetico 1x30A","Pastilla 1 polo 30A","PIEZA","Material electrico"
3147,"ELEC-0560","Termomagnetico 2x30A","Pastilla 2 polos 30A","PIEZA","Material electrico"
3148,"ELEC-0561","Termomagnetico 2x50A","Pastilla 2 polos 50A","PIEZA","Material electrico"
3149,"ELEC-0562","Termomagnetico 2x70A","Pastilla 2 polos 70A","PIEZA","Material electrico"
3153,"ELEC-0566","Termomagnetico 3x100A","Pastilla 3 polos 100A","PIEZA","Material electrico"
3150,"ELEC-0563","Termomagnetico 3x30A","Pastilla 3 polos 30A","PIEZA","Material electrico"
3151,"ELEC-0564","Termomagnetico 3x50A","Pastilla 3 polos 50A","PIEZA","Material electrico"
3152,"ELEC-0565","Termomagnetico 3x60A","Pastilla 3 polos 60A","PIEZA","Material electrico"
3177,"ELEC-0590","Varilla cooperweld 5/8x3m","Tierra","PIEZA","Material electrico"
4807,"MATE-2220","- Pipa de agua","- Pipa de agua","LITRO","Materiales de construccion"
4984,"MATE-2397","?100 litros de thinner acrilico","?100 litros de thinner acrilico","LITRO","Materiales de construccion"
4989,"MATE-2402","?2 cubetas de chem sello autoanivelante","?2 cubetas de chem sello autoanivelante","CUBETA_19L","Materiales de construccion"
4985,"MATE-2398","?2 cubetas de pintura vinilica color a igualar","?2 cubetas de pintura vinilica color a igualar","CUBETA_19L","Materiales de construccion"
4778,"MATE-2191","?2 m3 de grava","?2 m3 de grava","METRO_CUBICO","Materiales de construccion"
4749,"MATE-2162","?32 pza Rondanas de 5/8""","?32 pza Rondanas de 5/8""","PIEZA","Materiales de construccion"
4748,"MATE-2161","?32 pza Tornillos de 5/8""x3""","?32 pza Tornillos de 5/8""x3""","PIEZA","Materiales de construccion"
4987,"MATE-2400","?4 cubetas de sellador acrilico transparente para piso de concreto","?4 cubetas de sellador acrilico transparente para piso de co...","CUBETA_19L","Materiales de construccion"
4986,"MATE-2399","?4 escobas","?4 escobas","PIEZA","Materiales de construccion"
4988,"MATE-2401","?5 lijas de agua #220","?5 lijas de agua #220","LITRO","Materiales de construccion"
4747,"MATE-2160","?8 pza Empaques de neopreno de 3""","?8 pza Empaques de neopreno de 3""","PIEZA","Materiales de construccion"
4746,"MATE-2159","?Tee de fofo de 3""","?Tee de fofo de 3""","PIEZA","Materiales de construccion"
4792,"MATE-2205",".5 m3 arena fina o de rio",".5 m3 arena fina o de rio","METRO_CUBICO","Materiales de construccion"
4793,"MATE-2206",".5 m3 de piedra bola o de rio/piedra braza",".5 m3 de piedra bola o de rio/piedra braza","METRO_CUBICO","Materiales de construccion"
4801,"MATE-2214",".77m unicamente contramarco doble de 2 (2 pzas)",".77m unicamente contramarco doble de 2 (2 pzas)","PIEZA","Materiales de construccion"
4915,"MATE-2328","A 225$ EL M3","A 225$ EL M3","METRO_CUBICO","Materiales de construccion"
4871,"MATE-2284","Abastecimiento de agua","Abastecimiento de agua","LITRO","Materiales de construccion"
4726,"MATE-2139","ABASTECIMIENTO DE MAQUINARIA (Cubeta de Aceite Hidraulico para maquinaria)","ABASTECIMIENTO DE MAQUINARIA (Cubeta de Aceite Hidraulico pa...","CUBETA_19L","Materiales de construccion"
4914,"MATE-2327","ABONO DE BASE HIDRAULICA","ABONO DE BASE HIDRAULICA","PIEZA","Materiales de construccion"
4737,"MATE-2150","Abrazaderas 5/8","Abrazaderas 5/8","PIEZA","Materiales de construccion"
4868,"MATE-2281","Abrazaderas sin fin","abrazaderas sin fin","PIEZA","Materiales de construccion"
5017,"MATE-2430","Abrazaderas sin fin 1/2","Abrazaderas sin fin 1/2","PIEZA","Materiales de construccion"
4879,"MATE-2292","Aditivos","Aditivos","PIEZA","Materiales de construccion"
4730,"MATE-2143","ALMACENAMIENTO Y ABASTECIMIENTO DE AGUA (1 pipa de agua 10","ALMACENAMIENTO Y ABASTECIMIENTO DE AGUA (1 pipa de agua 10","LITRO","Materiales de construccion"
4762,"MATE-2175","Anticongelante","anticongelante","PIEZA","Materiales de construccion"
4932,"MATE-2345","Autozone","Autozone","PIEZA","Materiales de construccion"
4931,"MATE-2344","Bateria para Motoconformadora","Bateria para Motoconformadora","PIEZA","Materiales de construccion"
4882,"MATE-2295","Bidon de 50 lt","bidon de 50 lt","PIEZA","Materiales de construccion"
4968,"MATE-2381","BOBINA DE PLASTICO NEGRO","BOBINA DE PLASTICO NEGRO","PIEZA","Materiales de construccion"
4949,"MATE-2362","Bolsa de estopa","bolsa de estopa","SACO","Materiales de construccion"
4731,"MATE-2144","Bomba de agua sumergible (con todas las conexiones necesarias)","bomba de agua sumergible (con todas las conexiones necesaria...","LITRO","Materiales de construccion"
4870,"MATE-2283","Bomba sumergible de agua","bomba sumergible de agua","LITRO","Materiales de construccion"
4756,"MATE-2169","Botes de Lubricante","botes de Lubricante","PIEZA","Materiales de construccion"
4765,"MATE-2178","Broca de 1 SDS","Broca de 1 SDS","PIEZA","Materiales de construccion"
4760,"MATE-2173","Caja de aceite para motor 5w-30","caja de aceite para motor 5w-30","PIEZA","Materiales de construccion"
4761,"MATE-2174","Caja de aditivo de tiempos","caja de aditivo de tiempos","PIEZA","Materiales de construccion"
4957,"MATE-2370","Calefateo de cemento","Calefateo de cemento","PIEZA","Materiales de construccion"
4813,"MATE-2226","Cama de Arena","Cama de Arena","PIEZA","Materiales de construccion"
4869,"MATE-2282","Candado","candado","PIEZA","Materiales de construccion"
4734,"MATE-2147","Candado ?? )","candado ?? )","PIEZA","Materiales de construccion"
4883,"MATE-2296","Carga de diesel","Carga de diesel","PIEZA","Materiales de construccion"
4903,"MATE-2316","CEMEX","CEMEX","PIEZA","Materiales de construccion"
4729,"MATE-2142","Cinta delimitadora PROHIBIDO)","cinta delimitadora PROHIBIDO)","PIEZA","Materiales de construccion"
5003,"MATE-2416","CISTERNA 3MIL LTS","CISTERNA 3MIL LTS","PIEZA","Materiales de construccion"
4863,"MATE-2276","Codo 90 de 1 de cpvc","codo 90 de 1 de cpvc","PIEZA","Materiales de construccion"
4854,"MATE-2267","Codo 90 x 3 PVC RD-26","Codo 90 x 3 PVC RD-26","PIEZA","Materiales de construccion"
4849,"MATE-2262","Codos 45 x 3 PVC RD-26","Codos 45 x 3 PVC RD-26","PIEZA","Materiales de construccion"
4824,"MATE-2237","Codos 90 x 3 PVC RD-26","codos 90 x 3 PVC RD-26","PIEZA","Materiales de construccion"
4753,"MATE-2166","Colado de banquetas","colado de banquetas","PIEZA","Materiales de construccion"
4779,"MATE-2192","Colado de dentellones de escaleras","colado de dentellones de escaleras","PIEZA","Materiales de construccion"
4818,"MATE-2231","Colado de escaleras","Colado de escaleras","PIEZA","Materiales de construccion"
4913,"MATE-2326","Colado de losas","Colado de losas","PIEZA","Materiales de construccion"
4902,"MATE-2315","Colado de plantilla","Colado de plantilla","PIEZA","Materiales de construccion"
4918,"MATE-2331","Colado de registros y dentellon","Colado de registros y dentellon","PIEZA","Materiales de construccion"
4786,"MATE-2199","Colado de zapatas eje 13","Colado de zapatas eje 13","PIEZA","Materiales de construccion"
4910,"MATE-2323","Colar descanso y parte de la losa del estacionamiento","Colar descanso y parte de la losa del estacionamiento","PIEZA","Materiales de construccion"
4772,"MATE-2185","Colar estampado abanico y descanso escaleras","Colar estampado abanico y descanso escaleras","PIEZA","Materiales de construccion"
4790,"MATE-2203","Colocacion de conectores en tomas","Colocacion de conectores en tomas","PIEZA","Materiales de construccion"
4775,"MATE-2188","Colocacion de tomas","Colocacion de tomas","PIEZA","Materiales de construccion"
4740,"MATE-2153","Colocacion de tomas domiciliarias","Colocacion de tomas domiciliarias","PIEZA","Materiales de construccion"
4757,"MATE-2170","Colocacion de Tuberia","Colocacion de Tuberia","PIEZA","Materiales de construccion"
4755,"MATE-2168","Colocacion en reparacion de cableado en SCT","Colocacion en reparacion de cableado en SCT","PIEZA","Materiales de construccion"
4880,"MATE-2293","Compactacion de bases para plantilla","Compactacion de bases para plantilla","PIEZA","Materiales de construccion"
4805,"MATE-2218","Complementacion de trabajos y pasteo en bombeo de concreto SE SUMA EN REQ 58","Complementacion de trabajos y pasteo en bombeo de concreto S...","SERVICIO","Materiales de construccion"
4795,"MATE-2208","Concreto fluido de relleno en zona de zapata con obstruccion de zapata corrida d","Concreto fluido de relleno en zona de zapata con obstruccion...","PIEZA","Materiales de construccion"
4889,"MATE-2302","CONCRETO JESUS TERAN 3M3","CONCRETO JESUS TERAN 3M3","METRO_CUBICO","Materiales de construccion"
4916,"MATE-2329","Concreto MR38","concreto MR38","PIEZA","Materiales de construccion"
4781,"MATE-2194","Concreto premezclado bombeable fc= 250 kg/cm2","Concreto premezclado bombeable fc= 250 kg/cm2","PIEZA","Materiales de construccion"
4823,"MATE-2236","Coneccion 1","Coneccion 1","PIEZA","Materiales de construccion"
4859,"MATE-2272","Conecciones de linea nueva a linea existente","Conecciones de linea nueva a linea existente","PIEZA","Materiales de construccion"
4866,"MATE-2279","Conector de manguera a fierro de 1","conector de manguera a fierro de 1","PIEZA","Materiales de construccion"
4864,"MATE-2277","Conector hembra cpvc 1","conector hembra cpvc 1","PIEZA","Materiales de construccion"
5016,"MATE-2429","Conectores de PVC 1/2","Conectores de PVC 1/2","PIEZA","Materiales de construccion"
4739,"MATE-2152","Conectores hembra 5/8","Conectores hembra 5/8","PIEZA","Materiales de construccion"
4738,"MATE-2151","Conectores macho 5/8","Conectores macho 5/8","PIEZA","Materiales de construccion"
4751,"MATE-2164","Conexion a linea de agua potable existente SE PAGA EN EL GRUPO COMO REQ 200","Conexion a linea de agua potable existente SE PAGA EN EL GRU...","LITRO","Materiales de construccion"
4961,"MATE-2374","Contrajuntas","contrajuntas","PIEZA","Materiales de construccion"
4919,"MATE-2332","Contrajuntas 10/11","contrajuntas 10/11","PIEZA","Materiales de construccion"
4938,"MATE-2351","Convenio:","Convenio:","PIEZA","Materiales de construccion"
4847,"MATE-2260","Cople Reparacion 3 PVC RD-26","Cople Reparacion 3 PVC RD-26","PIEZA","Materiales de construccion"
4836,"MATE-2249","Coples de Reparacion 3","Coples de Reparacion 3","PIEZA","Materiales de construccion"
4840,"MATE-2253","Coples de Reparacion 3 RD-26","Coples de Reparacion 3 RD-26","PIEZA","Materiales de construccion"
4998,"MATE-2411","Coples de reparacion 4 RD 26","coples de reparacion 4 RD 26","PIEZA","Materiales de construccion"
4995,"MATE-2408","Coples de reparacion 6 serie 20","coples de reparacion 6 serie 20","PIEZA","Materiales de construccion"
4810,"MATE-2223","Coples de Reparacion Sanitarios 6 Serie 20","Coples de Reparacion Sanitarios 6 Serie 20","PIEZA","Materiales de construccion"
4873,"MATE-2286","Coples kitec de 5/8","coples kitec de 5/8","PIEZA","Materiales de construccion"
4832,"MATE-2245","Coples reparacion","Coples reparacion","PIEZA","Materiales de construccion"
4844,"MATE-2257","Coples Reparacion 3 PVC RD-26","Coples Reparacion 3 PVC RD-26","PIEZA","Materiales de construccion"
4962,"MATE-2375","CORTE DE PLANTILLAS PARA LABORATORIO","CORTE DE PLANTILLAS PARA LABORATORIO","PIEZA","Materiales de construccion"
4845,"MATE-2258","Crucero 10","Crucero 10","PIEZA","Materiales de construccion"
4852,"MATE-2265","Crucero 11","Crucero 11","PIEZA","Materiales de construccion"
4848,"MATE-2261","Crucero 15","Crucero 15","PIEZA","Materiales de construccion"
4855,"MATE-2268","Crucero 17","Crucero 17","PIEZA","Materiales de construccion"
4829,"MATE-2242","Crucero 2 - 9 - 13 - 16","Crucero 2 - 9 - 13 - 16","PIEZA","Materiales de construccion"
4833,"MATE-2246","Crucero 3 - 5 - 7","Crucero 3 - 5 - 7","PIEZA","Materiales de construccion"
4838,"MATE-2251","Crucero 4 - 14","Crucero 4 - 14","PIEZA","Materiales de construccion"
4842,"MATE-2255","Crucero 6 - 8 - 12","Crucero 6 - 8 - 12","PIEZA","Materiales de construccion"
4892,"MATE-2305","Cubeta de pintura de esmalte color negro petroleo codigo 311-07","cubeta de pintura de esmalte color negro petroleo codigo 311...","CUBETA_19L","Materiales de construccion"
4759,"MATE-2172","Cubetas de aceite hidraulico para maquinaria pesada","Cubetas de aceite hidraulico para maquinaria pesada","CUBETA_19L","Materiales de construccion"
4948,"MATE-2361","Cubetas de grasa para chasis","cubetas de grasa para chasis","CUBETA_19L","Materiales de construccion"
4983,"MATE-2396","Cubetas de pintura de esmalte color gris motor 316-05","cubetas de pintura de esmalte color gris motor 316-05","CUBETA_19L","Materiales de construccion"
4952,"MATE-2365","Cubetas de sellador acrilico 3 RODILLOS 9""","cubetas de sellador acrilico 3 RODILLOS 9""","CUBETA_19L","Materiales de construccion"
4956,"MATE-2369","Cubetas de sellador autoanivelante","cubetas de sellador autoanivelante","CUBETA_19L","Materiales de construccion"
4937,"MATE-2350","Cuenta BBVA:","Cuenta BBVA:","PIEZA","Materiales de construccion"
4728,"MATE-2141","DELIMITACION PARA DESCARGA DE AGUA EN CISTERNA (3 conos viales o trafitambos","DELIMITACION PARA DESCARGA DE AGUA EN CISTERNA (3 conos vial...","LITRO","Materiales de construccion"
4905,"MATE-2318","Destapar niveles","Destapar niveles","PIEZA","Materiales de construccion"
5001,"MATE-2414","Destapar pozo de visita","Destapar pozo de visita","PIEZA","Materiales de construccion"
4977,"MATE-2390","Dinamica Alro","Dinamica Alro","PIEZA","Materiales de construccion"
4945,"MATE-2358","DISCO CORTE DIAMANTE 14""","DISCO CORTE DIAMANTE 14""","DIA","Materiales de construccion"
4787,"MATE-2200","Eje G y eje G","eje G y eje G","PIEZA","Materiales de construccion"
4827,"MATE-2240","Empaques de Neopreno 3","Empaques de Neopreno 3","PIEZA","Materiales de construccion"
4887,"MATE-2300","Excavaciones","Excavaciones","PIEZA","Materiales de construccion"
4857,"MATE-2270","Extremidad Campana 3 PVC RD-26","Extremidad Campana 3 PVC RD-26","PIEZA","Materiales de construccion"
4858,"MATE-2271","Extremidad Espiga 3 PVC RD-26","Extremidad Espiga 3 PVC RD-26","PIEZA","Materiales de construccion"
4826,"MATE-2239","Extremidades Campana 3","Extremidades Campana 3","PIEZA","Materiales de construccion"
4846,"MATE-2259","Extremidades Campana 3 PVC","Extremidades Campana 3 PVC","PIEZA","Materiales de construccion"
4955,"MATE-2368","FALTAN 2","FALTAN 2","PIEZA","Materiales de construccion"
4941,"MATE-2354","Fc250 BOMBEADO - 28 M3 ZAPATAS","Fc250 BOMBEADO - 28 M3 ZAPATAS","METRO_CUBICO","Materiales de construccion"
4960,"MATE-2373","Foamtech","foamtech","PIEZA","Materiales de construccion"
4780,"MATE-2193","Foamtech 1/2 x 10 2 diablo rojo","foamtech 1/2 x 10 2 diablo rojo","DIA","Materiales de construccion"
4965,"MATE-2378","FOAMTECH PINAR","FOAMTECH PINAR","PIEZA","Materiales de construccion"
4888,"MATE-2301","FUNCIONAMIENTO DE LA RETRO","FUNCIONAMIENTO DE LA RETRO","PIEZA","Materiales de construccion"
4758,"MATE-2171","Galon de aceite para direccion hidraulica para coches","Galon de aceite para direccion hidraulica para coches","PIEZA","Materiales de construccion"
4901,"MATE-2314","Grava triturada gris","grava triturada gris","PIEZA","Materiales de construccion"
4959,"MATE-2372","GRAVA Y ARENA LAVADA","GRAVA Y ARENA LAVADA","PIEZA","Materiales de construccion"
4794,"MATE-2207","Hoja de triplay 1/2 espesor (1.22 x 2.44 mts)","hoja de triplay 1/2 espesor (1.22 x 2.44 mts)","PIEZA","Materiales de construccion"
4925,"MATE-2338","Impresion de juego de planos 90x60 (EST-01 al EST-08)","Impresion de juego de planos 90x60 (EST-01 al EST-08)","PIEZA","Materiales de construccion"
4920,"MATE-2333","Impresora","Impresora","PIEZA","Materiales de construccion"
4950,"MATE-2363","Inyector de grasa","inyector de grasa","PIEZA","Materiales de construccion"
4993,"MATE-2406","INYECTORES MAQUINAS","INYECTORES MAQUINAS","PIEZA","Materiales de construccion"
5012,"MATE-2425","Juan Diego","Juan Diego","PIEZA","Materiales de construccion"
4946,"MATE-2359","JUEGO DE SUJECION","JUEGO DE SUJECION","PIEZA","Materiales de construccion"
4942,"MATE-2355","Kg de alambron","kg de alambron","PIEZA","Materiales de construccion"
4876,"MATE-2289","Kilo de pijas 3 1/2","kilo de pijas 3 1/2","PIEZA","Materiales de construccion"
4803,"MATE-2216","LAB SEMICONDUCTORES ITA","LAB SEMICONDUCTORES ITA","PIEZA","Materiales de construccion"
4796,"MATE-2209","Ladrillos","Ladrillos","PIEZA","Materiales de construccion"
4929,"MATE-2342","Lata de aerosol","lata de aerosol","PIEZA","Materiales de construccion"
5013,"MATE-2426","Letrina","Letrina","PIEZA","Materiales de construccion"
5014,"MATE-2427","Litros de thinner acrilico","litros de thinner acrilico","LITRO","Materiales de construccion"
5009,"MATE-2422","LLANTA Y ALINEACION","LLANTA Y ALINEACION","PIEZA","Materiales de construccion"
4891,"MATE-2304","LLAVES PARA LAS BAILARINAS","LLAVES PARA LAS BAILARINAS","PIEZA","Materiales de construccion"
4972,"MATE-2385","Llenado de totem para compactaciones","Llenado de totem para compactaciones","PIEZA","Materiales de construccion"
4973,"MATE-2386","Llenado de totem para prueba hidrostatica","Llenado de totem para prueba hidrostatica","PIEZA","Materiales de construccion"
4881,"MATE-2294","LUMINARIA ZENDE","LUMINARIA ZENDE","PIEZA","Materiales de construccion"
4785,"MATE-2198","M3 + ajuste","m3 + ajuste","METRO_CUBICO","Materiales de construccion"
4812,"MATE-2225","M3 Arena","m3 Arena","METRO_CUBICO","Materiales de construccion"
4804,"MATE-2217","M3 arena fina","m3 arena fina","METRO_CUBICO","Materiales de construccion"
4969,"MATE-2382","M3 CONCRETO HIDRAULICO MR 45 KG/CM2 TMA 1-1/2"" R.R. A 3 DIAS","m3 CONCRETO HIDRAULICO MR 45 KG/CM2 TMA 1-1/2"" R.R. A 3 DIAS","METRO_CUBICO","Materiales de construccion"
4777,"MATE-2190","M3 de arena","m3 de arena","METRO_CUBICO","Materiales de construccion"
4909,"MATE-2322","M3 de cemento premesclado Fc 200 a las 10 de l mañana","m3 de cemento premesclado Fc 200 a las 10 de l mañana","METRO_CUBICO","Materiales de construccion"
4900,"MATE-2313","M3 de concreto fc = 100 kg/cm2 bombeado","m3 de concreto fc = 100 kg/cm2 bombeado","METRO_CUBICO","Materiales de construccion"
4752,"MATE-2165","M3 de concreto mas ajuste","m3 de concreto mas ajuste","METRO_CUBICO","Materiales de construccion"
4933,"MATE-2346","M3 de concreto para guarnicion","m3 de concreto para guarnicion","METRO_CUBICO","Materiales de construccion"
4935,"MATE-2348","M3 de concreto para pavimento","m3 de concreto para pavimento","METRO_CUBICO","Materiales de construccion"
4927,"MATE-2340","M3 de grava","m3 de grava","METRO_CUBICO","Materiales de construccion"
4928,"MATE-2341","M3 de Tepetate","m3 de Tepetate","METRO_CUBICO","Materiales de construccion"
4814,"MATE-2227","M3 ZAPATAS","M3 ZAPATAS","METRO_CUBICO","Materiales de construccion"
4732,"MATE-2145","Manguera o duraducto de 40 a 50 mts de longitud","manguera o duraducto de 40 a 50 mts de longitud","PIEZA","Materiales de construccion"
4798,"MATE-2211","Manguera para roto martillo","Manguera para roto martillo","PIEZA","Materiales de construccion"
4951,"MATE-2364","Mantenimiento de la maquinaria","Mantenimiento de la maquinaria","PIEZA","Materiales de construccion"
4763,"MATE-2176","Mantenimiento de los coches","Mantenimiento de los coches","PIEZA","Materiales de construccion"
4799,"MATE-2212","Mantenimiento de Maquinaria","Mantenimiento de Maquinaria","PIEZA","Materiales de construccion"
4923,"MATE-2336","Marca textos","marca textos","PIEZA","Materiales de construccion"
4924,"MATE-2337","Marcador de cera o plumon negro","marcador de cera o plumon negro","PIEZA","Materiales de construccion"
4930,"MATE-2343","Marcaje de cortes para su posterior colado","Marcaje de cortes para su posterior colado","PIEZA","Materiales de construccion"
4922,"MATE-2335","Masquint o cinta adhesiva transparente","masquint o cinta adhesiva transparente","PIEZA","Materiales de construccion"
5007,"MATE-2420","MATERIAL FOFO","MATERIAL FOFO","PIEZA","Materiales de construccion"
4936,"MATE-2349","MATERIAL HIDRAULICO COT 018337A","MATERIAL HIDRAULICO COT 018337A","PIEZA","Materiales de construccion"
4943,"MATE-2356","Material para reparacion de red hidraulica","Material para reparacion de red hidraulica","PIEZA","Materiales de construccion"
4776,"MATE-2189","MATERIALES","MATERIALES","PIEZA","Materiales de construccion"
4822,"MATE-2235","Materiales en Cruceros y Conexiones","Materiales en Cruceros y Conexiones","PIEZA","Materiales de construccion"
4819,"MATE-2232","Materiales santa rosa","Materiales santa rosa","PIEZA","Materiales de construccion"
4934,"MATE-2347","Matra","Matra","PIEZA","Materiales de construccion"
5011,"MATE-2424","Metro de arena","metro de arena","METRO_LINEAL","Materiales de construccion"
4867,"MATE-2280","Mts de manguera o duraducto 3/4","mts de manguera o duraducto 3/4","PIEZA","Materiales de construccion"
4862,"MATE-2275","Mts tubo cpvc 1","mts tubo cpvc 1","METRO_LINEAL","Materiales de construccion"
4766,"MATE-2179","Nivel de mano","nivel de mano","PIEZA","Materiales de construccion"
5008,"MATE-2421","OFICINA MOVIL","OFICINA MOVIL","PIEZA","Materiales de construccion"
4904,"MATE-2317","Palas","palas","PIEZA","Materiales de construccion"
4926,"MATE-2339","Papeleria en sitio","Papeleria en sitio","PIEZA","Materiales de construccion"
4921,"MATE-2334","Paquete de hojas blancas papel bond tamaño carta","paquete de hojas blancas papel bond tamaño carta","PIEZA","Materiales de construccion"
5000,"MATE-2413","Par de botas para el agua del #9","par de botas para el agua del #9","LITRO","Materiales de construccion"
4896,"MATE-2309","Pasto en rollo","Pasto en rollo","PIEZA","Materiales de construccion"
4947,"MATE-2360","Pinar de Lago","Pinar de Lago","PIEZA","Materiales de construccion"
4893,"MATE-2306","Pintar pentagono y abanico","Pintar pentagono y abanico","PIEZA","Materiales de construccion"
4990,"MATE-2403","Pintura de pasamanos","Pintura de pasamanos","PIEZA","Materiales de construccion"
4944,"MATE-2357","Pintura en spray","Pintura en spray","PIEZA","Materiales de construccion"
4992,"MATE-2405","Pinturas Macias","Pinturas Macias","PIEZA","Materiales de construccion"
4821,"MATE-2234","Pipa de agua","Pipa de agua","LITRO","Materiales de construccion"
4963,"MATE-2376","PIPA DE AGUA 3MIL LTS","PIPA DE AGUA 3MIL LTS","LITRO","Materiales de construccion"
4899,"MATE-2312","PIPA DE AGUA 3MIL LTS PARA RIEGO Y PARA LLENADO DE CISTERNA","PIPA DE AGUA 3MIL LTS PARA RIEGO Y PARA LLENADO DE CISTERNA","LITRO","Materiales de construccion"
4971,"MATE-2384","Pipa de agua chica","Pipa de agua chica","LITRO","Materiales de construccion"
4816,"MATE-2229","PIPA DE AGUA PARA RIEGO","PIPA DE AGUA PARA RIEGO","LITRO","Materiales de construccion"
4741,"MATE-2154","PIPA DE AGUA PARA TENERLA EN PLANTA EN OBRA","PIPA DE AGUA PARA TENERLA EN PLANTA EN OBRA","LITRO","Materiales de construccion"
4997,"MATE-2410","Plantilla de arena","Plantilla de arena","PIEZA","Materiales de construccion"
4820,"MATE-2233","Por los 6 sacos","por los 6 sacos","SACO","Materiales de construccion"
5015,"MATE-2428","Preparar pintura para pintar pasa manos","Preparar pintura para pintar pasa manos","PIEZA","Materiales de construccion"
4808,"MATE-2221","Prueba hidrostatica","Prueba hidrostatica","PIEZA","Materiales de construccion"
4886,"MATE-2299","Puntas","Puntas","PIEZA","Materiales de construccion"
5004,"MATE-2417","PZA CEMENTO GRIS MAGNO 2 PZAS CEMENTO GRIS MAGNO 25 KG","PZA CEMENTO GRIS MAGNO 2 PZAS CEMENTO GRIS MAGNO 25 KG","PIEZA","Materiales de construccion"
4767,"MATE-2180","Pza de pasajuntas de 1 de plastico","pza de pasajuntas de 1 de plastico","PIEZA","Materiales de construccion"
4743,"MATE-2156","Pza de tabique","pza de tabique","PIEZA","Materiales de construccion"
4745,"MATE-2158","Pza Extremidad campaña de 3"" PVC","pza Extremidad campaña de 3"" PVC","PIEZA","Materiales de construccion"
4750,"MATE-2163","Pza Tuercas de 5/8""?","pza Tuercas de 5/8""?","PIEZA","Materiales de construccion"
4975,"MATE-2388","Pzs Contrajuntas","pzs Contrajuntas","PIEZA","Materiales de construccion"
4872,"MATE-2285","Pzs de teflon 3/4","pzs de teflon 3/4","PIEZA","Materiales de construccion"
4860,"MATE-2273","REEMPLAZA REQ 114","REEMPLAZA REQ 114","PIEZA","Materiales de construccion"
4939,"MATE-2352","Referencia :","Referencia :","PIEZA","Materiales de construccion"
4800,"MATE-2213","Registro de 0.88","Registro de 0.88","PIEZA","Materiales de construccion"
4754,"MATE-2167","Registro Electrico de 40 x 40 cm","Registro Electrico de 40 x 40 cm","PIEZA","Materiales de construccion"
4797,"MATE-2210","Registro sanitario","Registro sanitario","PIEZA","Materiales de construccion"
4811,"MATE-2224","Reparacion de descargas","Reparacion de descargas","PIEZA","Materiales de construccion"
4996,"MATE-2409","Reparacion de descargas sanitarias","Reparacion de descargas sanitarias","PIEZA","Materiales de construccion"
4802,"MATE-2215","Reparacion de losas de registro","Reparacion de losas de registro","PIEZA","Materiales de construccion"
4874,"MATE-2287","Reparacion de tomas","Reparacion de tomas","PIEZA","Materiales de construccion"
5018,"MATE-2431","Reparacion de tomas domiciliarias","Reparacion de tomas domiciliarias","PIEZA","Materiales de construccion"
4999,"MATE-2412","Reparaciones y conexiones en linea de agua","Reparaciones y conexiones en linea de agua","LITRO","Materiales de construccion"
4970,"MATE-2383","Reposicion de concreto en zanja","Reposicion de concreto en zanja","PIEZA","Materiales de construccion"
4940,"MATE-2353","REQ. 226 LABORATORIO ITA","REQ. 226 LABORATORIO ITA","PIEZA","Materiales de construccion"
4727,"MATE-2140","RETIRO DE ESCOMBRO EN CAMION DE 14M3","RETIRO DE ESCOMBRO EN CAMION DE 14M3","METRO_CUBICO","Materiales de construccion"
4782,"MATE-2195","Rev +- 14 cm","rev +- 14 cm","PIEZA","Materiales de construccion"
4770,"MATE-2183","Revenimiento 14","revenimiento 14","PIEZA","Materiales de construccion"
4742,"MATE-2155","RIEGO DE TERRACERIAS","RIEGO DE TERRACERIAS","PIEZA","Materiales de construccion"
4773,"MATE-2186","Rollo de manguera Kitec 5/8","Rollo de manguera Kitec 5/8","PIEZA","Materiales de construccion"
4735,"MATE-2148","Rollo de poliducto 1 1/2","Rollo de poliducto 1 1/2","PIEZA","Materiales de construccion"
4774,"MATE-2187","Rollo de poliducto de 1 1/2","Rollo de poliducto de 1 1/2","PIEZA","Materiales de construccion"
4736,"MATE-2149","Rollo manguera kitec 5/8","Rollo manguera kitec 5/8","PIEZA","Materiales de construccion"
4911,"MATE-2324","Rollos de foamtech 15 cm","rollos de foamtech 15 cm","PIEZA","Materiales de construccion"
4877,"MATE-2290","Rollos de hilo cañamo","rollos de hilo cañamo","PIEZA","Materiales de construccion"
4912,"MATE-2325","Rollos de plastico","rollos de plastico","PIEZA","Materiales de construccion"
4784,"MATE-2197","RR a 7 dias","RR a 7 dias","DIA","Materiales de construccion"
4875,"MATE-2288","Russell","Russell","PIEZA","Materiales de construccion"
4817,"MATE-2230","Sacos de cemento","sacos de cemento","SACO","Materiales de construccion"
4791,"MATE-2204","Sacos de cemento (50 kg)","sacos de cemento (50 kg)","SACO","Materiales de construccion"
4953,"MATE-2366","Sellar el cemento estampado","Sellar el cemento estampado","PIEZA","Materiales de construccion"
4967,"MATE-2380","SERIVICIO DE TIRADERO DE ESCOMBRO POR VIAJE","SERIVICIO DE TIRADERO DE ESCOMBRO POR VIAJE","PIEZA","Materiales de construccion"
4885,"MATE-2298","SUMINISTRO 1 TONELADA DE CEMENTO","SUMINISTRO 1 TONELADA DE CEMENTO","TONELADA","Materiales de construccion"
4958,"MATE-2371","SUMINISTRO ARENA","SUMINISTRO ARENA","PIEZA","Materiales de construccion"
4788,"MATE-2201","SUMINISTRO DE PIPA DE 20MIL LTS","SUMINISTRO DE PIPA DE 20MIL LTS","LITRO","Materiales de construccion"
4815,"MATE-2228","SUMINISTRO DE PIPA DE AGUA DE 20MIL LTS","SUMINISTRO DE PIPA DE AGUA DE 20MIL LTS","LITRO","Materiales de construccion"
4897,"MATE-2310","SUMINISTRO DE PIPA DE AGUA POTABLE 10MIL LTS","SUMINISTRO DE PIPA DE AGUA POTABLE 10MIL LTS","LITRO","Materiales de construccion"
4884,"MATE-2297","SUMINISTRO MEDIA TONELADA DE CEMENTO","SUMINISTRO MEDIA TONELADA DE CEMENTO","TONELADA","Materiales de construccion"
5010,"MATE-2423","Tabiques","tabiques","PIEZA","Materiales de construccion"
4856,"MATE-2269","Tapon 3 PVC RD-26","Tapon 3 PVC RD-26","PIEZA","Materiales de construccion"
4851,"MATE-2264","Tapon Campana 3 PVC RD-26","Tapon Campana 3 PVC RD-26","PIEZA","Materiales de construccion"
4843,"MATE-2256","Tapones 3 PVC RD-26","Tapones 3 PVC RD-26","PIEZA","Materiales de construccion"
4831,"MATE-2244","Tapones campana 3 PVC RD-26","Tapones campana 3 PVC RD-26","PIEZA","Materiales de construccion"
4835,"MATE-2248","Tapones Campana de 3","Tapones Campana de 3","PIEZA","Materiales de construccion"
4841,"MATE-2254","Tapones de 3 PVC RD-26","Tapones de 3 PVC RD-26","PIEZA","Materiales de construccion"
4806,"MATE-2219","Tapones espiga 3 PVC RD-26","Tapones espiga 3 PVC RD-26","PIEZA","Materiales de construccion"
4898,"MATE-2311","TAQUETE DE 3/8"" X 4""","TAQUETE DE 3/8"" X 4""","PIEZA","Materiales de construccion"
4853,"MATE-2266","Tee 3 x 3 PVC RD- 26","Tee 3 x 3 PVC RD- 26","PIEZA","Materiales de construccion"
4850,"MATE-2263","Tee 3 x 3 PVC RD-26","Tee 3 x 3 PVC RD-26","PIEZA","Materiales de construccion"
4830,"MATE-2243","Tee 3x3 PVC RD-26","Tee 3x3 PVC RD-26","PIEZA","Materiales de construccion"
5005,"MATE-2418","TEE PVC ANGER 3""","TEE PVC ANGER 3""","PIEZA","Materiales de construccion"
4839,"MATE-2252","Tee PVC RD-26 3 x 3","Tee PVC RD-26 3 x 3","PIEZA","Materiales de construccion"
4834,"MATE-2247","Tee PVC RD-26 3x 3","Tee PVC RD-26 3x 3","PIEZA","Materiales de construccion"
4789,"MATE-2202","Teflones","Teflones","PIEZA","Materiales de construccion"
4907,"MATE-2320","TERMINAR TRABAJOS DE LA OBRA","TERMINAR TRABAJOS DE LA OBRA","SERVICIO","Materiales de construccion"
4783,"MATE-2196","TMA 19 mm","TMA 19 mm","PIEZA","Materiales de construccion"
4982,"MATE-2395","TON DE CEMENTO se suministra 1 ton 18/11 y otra 19/11","TON DE CEMENTO se suministra 1 ton 18/11 y otra 19/11","TONELADA","Materiales de construccion"
4861,"MATE-2274","Tonelada de cemento","tonelada de cemento","TONELADA","Materiales de construccion"
4828,"MATE-2241","Tornillos 3 x 5/8 con tuerca","Tornillos 3 x 5/8 con tuerca","PIEZA","Materiales de construccion"
4733,"MATE-2146","Totem de almacenamiento","totem de almacenamiento","PIEZA","Materiales de construccion"
5006,"MATE-2419","TOTEM GOBIERNO","TOTEM GOBIERNO","PIEZA","Materiales de construccion"
4769,"MATE-2182","Trabajo de terracerias sub base","Trabajo de terracerias sub base","SERVICIO","Materiales de construccion"
4809,"MATE-2222","Tramo de Tubo Sanitario de 6 Serie 20","Tramo de Tubo Sanitario de 6 Serie 20","METRO_LINEAL","Materiales de construccion"
4994,"MATE-2407","Tramos de tubo serie 20 sanitario de 6","tramos de tubo serie 20 sanitario de 6","METRO_LINEAL","Materiales de construccion"
4980,"MATE-2393","Tramos de tubos","tramos de tubos","METRO_LINEAL","Materiales de construccion"
4878,"MATE-2291","Trazado de ejes en puentes","Trazado de ejes en puentes","PIEZA","Materiales de construccion"
4764,"MATE-2177","Una broca de 3/8 SDS","Una broca de 3/8 SDS","PIEZA","Materiales de construccion"
4966,"MATE-2379","VALES DE AGUA PARA PIPA DE AGUA","VALES DE AGUA PARA PIPA DE AGUA","LITRO","Materiales de construccion"
4894,"MATE-2307","Vales de agua potable","vales de agua potable","LITRO","Materiales de construccion"
4744,"MATE-2157","Valvula compuerta de 3""","Valvula compuerta de 3""","PIEZA","Materiales de construccion"
4825,"MATE-2238","Valvula de compuerta 3","Valvula de compuerta 3","PIEZA","Materiales de construccion"
4865,"MATE-2278","Valvula de esfera cpvc 1","valvula de esfera cpvc 1","PIEZA","Materiales de construccion"
4837,"MATE-2250","Valvulas de Compuerta 3","Valvulas de Compuerta 3","PIEZA","Materiales de construccion"
4917,"MATE-2330","VALVULAS Y ACCESORIOS","VALVULAS Y ACCESORIOS","PIEZA","Materiales de construccion"
4979,"MATE-2392","Viaje de arena","viaje de arena","PIEZA","Materiales de construccion"
4978,"MATE-2391","Viajes de 14m3 de tepetate","viajes de 14m3 de tepetate","METRO_CUBICO","Materiales de construccion"
4906,"MATE-2319","VIAJES DE AGUA Y 2 GARRAFAS DE 20 LTS","VIAJES DE AGUA Y 2 GARRAFAS DE 20 LTS","LITRO","Materiales de construccion"
4768,"MATE-2181","Viajes de Tepetate","viajes de Tepetate","PIEZA","Materiales de construccion"
4981,"MATE-2394","Y una retro con disel","Y una retro con disel","PIEZA","Materiales de construccion"
4954,"MATE-2367","YA SE PAGARON 2","YA SE PAGARON 2","PIEZA","Materiales de construccion"
3522,"MISC-0935","Acetona litro","Limpiador industrial","LITRO","Miscelaneos de obra"
3540,"MISC-0953","Agua potable garrafon 20 L","Consumo humano","PIEZA","Miscelaneos de obra"
3539,"MISC-0952","Agua potable pipa 10,000 L","Suministro agua","VIAJE","Miscelaneos de obra"
5053,"MISC-2466","APOYO ECONOMICO A CHALAN DE IVAN PARA LLEVAR LA LUV IDA Y VUELTA","APOYO ECONOMICO A CHALAN DE IVAN PARA LLEVAR LA LUV IDA Y VU...","PIEZA","Miscelaneos de obra"
3527,"MISC-0940","Bitacora de obra 100 hojas","Registro diario","PIEZA","Miscelaneos de obra"
3526,"MISC-0939","Bolsa basura grande negra","Recoleccion residuos","PAQUETE","Miscelaneos de obra"
3538,"MISC-0951","Cemento plastico cubeta","Reparacion asfalto","CUBETA_19L","Miscelaneos de obra"
5052,"MISC-2465","CEPILLO INDUSTRIAL LIMPIEZA","CEPILLO INDUSTRIAL LIMPIEZA","PIEZA","Miscelaneos de obra"
3532,"MISC-0945","Crayon industrial","Marcado metal","CAJA","Miscelaneos de obra"
3523,"MISC-0936","Escoba industrial","Limpieza general","PIEZA","Miscelaneos de obra"
5054,"MISC-2467","ESTIMACION 02 Y RESIDENCIA","ESTIMACION 02 Y RESIDENCIA","PIEZA","Miscelaneos de obra"
5047,"MISC-2460","GARRAFON DE AGUA PARA HIDRATACION DEL PERSONAL","GARRAFON DE AGUA PARA HIDRATACION DEL PERSONAL","LITRO","Miscelaneos de obra"
3521,"MISC-0934","Gasolina blanca litro","Limpieza","LITRO","Miscelaneos de obra"
3505,"MISC-0918","Geodren planar 10 mm","Drenaje subterraneo","METRO_CUADRADO","Miscelaneos de obra"
3503,"MISC-0916","Geomalla biaxial 30 kN","Refuerzo suelos","METRO_CUADRADO","Miscelaneos de obra"
3504,"MISC-0917","Geomalla uniaxial 80 kN","Muros MSE","METRO_CUADRADO","Miscelaneos de obra"
3506,"MISC-0919","Geomembrana HDPE 1.0 mm","Impermeabilizacion","METRO_CUADRADO","Miscelaneos de obra"
3507,"MISC-0920","Geomembrana HDPE 1.5 mm","Mayor espesor","METRO_CUADRADO","Miscelaneos de obra"
3500,"MISC-0913","Geotextil no tejido 200 g/m2","Separacion filtracion","METRO_CUADRADO","Miscelaneos de obra"
3501,"MISC-0914","Geotextil no tejido 300 g/m2","Mayor resistencia","METRO_CUADRADO","Miscelaneos de obra"
3502,"MISC-0915","Geotextil tejido 400 g/m2","Refuerzo estructural","METRO_CUADRADO","Miscelaneos de obra"
3531,"MISC-0944","Gis de obra","Trazo temporal","CAJA","Miscelaneos de obra"
3541,"MISC-0954","Hielo bolsa 5 kg","Enfriamiento bebidas","BOLSA","Miscelaneos de obra"
3534,"MISC-0947","Impermeabilizante acrilico 10 años cubeta","Mayor durabilidad","CUBETA_19L","Miscelaneos de obra"
3533,"MISC-0946","Impermeabilizante acrilico 5 años cubeta","Techos azoteas","CUBETA_19L","Miscelaneos de obra"
3535,"MISC-0948","Impermeabilizante prefabricado 4mm rollo","Membrana asfaltica","ROLLO","Miscelaneos de obra"
3528,"MISC-0941","Libreta topografo","Registro campo","PIEZA","Miscelaneos de obra"
5049,"MISC-2462","LIMPIEZA DE LAS AREAS DE DOMICILIOS","LIMPIEZA DE LAS AREAS DE DOMICILIOS","PIEZA","Miscelaneos de obra"
5050,"MISC-2463","LIMPIEZA PARA ENTREGA DE OBRA Y PUEDAN SEÑALIZAR CON PINTURA","LIMPIEZA PARA ENTREGA DE OBRA Y PUEDAN SEÑALIZAR CON PINTURA","PIEZA","Miscelaneos de obra"
3509,"MISC-0922","Lona vinilica 18 oz blanca","Cubierta reflectiva","METRO_CUADRADO","Miscelaneos de obra"
3508,"MISC-0921","Lona vinilica 18 oz negra","Cubierta proteccion","METRO_CUADRADO","Miscelaneos de obra"
3510,"MISC-0923","Malla sombra 80%","Proteccion solar","METRO_CUADRADO","Miscelaneos de obra"
3530,"MISC-0943","Marcador industrial grueso","Marcado","PIEZA","Miscelaneos de obra"
3516,"MISC-0929","Microesferas vidrio reflejantes","Retroreflectividad","SACO_25KG","Miscelaneos de obra"
3517,"MISC-0930","Pintura termoplastica amarilla","Alta durabilidad","SACO_25KG","Miscelaneos de obra"
3518,"MISC-0931","Pintura termoplastica blanca","Alta durabilidad blanca","SACO_25KG","Miscelaneos de obra"
3512,"MISC-0925","Pintura trafico amarilla cubeta","Base solvente","CUBETA_19L","Miscelaneos de obra"
3514,"MISC-0927","Pintura trafico base agua amarilla","Ecologica","CUBETA_19L","Miscelaneos de obra"
3515,"MISC-0928","Pintura trafico base agua blanca","Ecologica blanca","CUBETA_19L","Miscelaneos de obra"
3513,"MISC-0926","Pintura trafico blanca cubeta","Base solvente","CUBETA_19L","Miscelaneos de obra"
3529,"MISC-0942","Planos impresos 90x60","Impresion planos","PIEZA","Miscelaneos de obra"
3511,"MISC-0924","Plastico negro 600 galga","Membrana polietileno","METRO_CUADRADO","Miscelaneos de obra"
3536,"MISC-0949","Primario asfaltico cubeta","Base membranas","CUBETA_19L","Miscelaneos de obra"
5055,"MISC-2468","RECARGA DE 3 GARRAFONES DE AGUA","RECARGA DE 3 GARRAFONES DE AGUA","LITRO","Miscelaneos de obra"
3524,"MISC-0937","Recogedor grande","Recoleccion","PIEZA","Miscelaneos de obra"
5048,"MISC-2461","SEGUIMIENTO DE MAQUINARIA Y AUTOMOVIL UTILITARIO","SEGUIMIENTO DE MAQUINARIA Y AUTOMOVIL UTILITARIO","PIEZA","Miscelaneos de obra"
3537,"MISC-0950","Sellador elastomerico cartucho","Juntas grietas","CARTUCHO","Miscelaneos de obra"
3525,"MISC-0938","Tambo basura 200 L","Contenedor","PIEZA","Miscelaneos de obra"
3520,"MISC-0933","Thinner estandar cubeta","Diluyente cubeta","CUBETA_19L","Miscelaneos de obra"
3519,"MISC-0932","Thinner estandar litro","Diluyente pintura","LITRO","Miscelaneos de obra"
6233,"MOBI-0024","Anaquel metalico 5 niveles","85x45x220cm","PIEZA","Mobiliario oficina"
6234,"MOBI-0025","Anaquel metalico 6 niveles","100x45x220cm","PIEZA","Mobiliario oficina"
6224,"MOBI-0015","Archivero 2 gavetas","Metalico","PIEZA","Mobiliario oficina"
6225,"MOBI-0016","Archivero 3 gavetas","Metalico","PIEZA","Mobiliario oficina"
6226,"MOBI-0017","Archivero 4 gavetas","Metalico","PIEZA","Mobiliario oficina"
6240,"MOBI-0031","Bote basura oficina 10L","Plastico","PIEZA","Mobiliario oficina"
6241,"MOBI-0032","Bote basura oficina 20L","Con tapa","PIEZA","Mobiliario oficina"
6245,"MOBI-0036","Cafetera 12 tazas","Goteo","PIEZA","Mobiliario oficina"
6249,"MOBI-0040","Clima minisplit 1 tonelada","Inverter","PIEZA","Mobiliario oficina"
6227,"MOBI-0018","Credenza 1.80m","Con puertas","PIEZA","Mobiliario oficina"
6244,"MOBI-0035","Dispensador agua fria/caliente","Electrico","PIEZA","Mobiliario oficina"
6210,"MOBI-0001","Escritorio ejecutivo 1.60m","Madera","PIEZA","Mobiliario oficina"
6212,"MOBI-0003","Escritorio en L 1.60x1.40m","Ejecutivo","PIEZA","Mobiliario oficina"
6211,"MOBI-0002","Escritorio secretarial 1.20m","Melamina","PIEZA","Mobiliario oficina"
6246,"MOBI-0037","Horno microondas 1.1 pies","1000W","PIEZA","Mobiliario oficina"
6228,"MOBI-0019","Librero 5 repisas","Melamina","PIEZA","Mobiliario oficina"
6229,"MOBI-0020","Librero con puertas","Melamina","PIEZA","Mobiliario oficina"
6230,"MOBI-0021","Locker metalico 1 puerta","Personal","PIEZA","Mobiliario oficina"
6231,"MOBI-0022","Locker metalico 2 puertas","Personal","PIEZA","Mobiliario oficina"
6232,"MOBI-0023","Locker metalico 4 puertas","Personal","PIEZA","Mobiliario oficina"
6214,"MOBI-0005","Mesa de juntas 2.40x1.20m","8 personas","PIEZA","Mobiliario oficina"
6215,"MOBI-0006","Mesa de juntas 3.00x1.20m","10 personas","PIEZA","Mobiliario oficina"
6213,"MOBI-0004","Mesa de trabajo 1.20x0.60m","Multiusos","PIEZA","Mobiliario oficina"
6242,"MOBI-0033","Perchero de pie","Metal","PIEZA","Mobiliario oficina"
6236,"MOBI-0027","Pizarron blanco 120x90cm","Magnetico","PIEZA","Mobiliario oficina"
6237,"MOBI-0028","Pizarron blanco 180x90cm","Magnetico","PIEZA","Mobiliario oficina"
6235,"MOBI-0026","Pizarron blanco 90x60cm","Magnetico","PIEZA","Mobiliario oficina"
6238,"MOBI-0029","Pizarron corcho 60x90cm","Con marco","PIEZA","Mobiliario oficina"
6243,"MOBI-0034","Porta garrafon con llaves","Para 20L","PIEZA","Mobiliario oficina"
6247,"MOBI-0038","Refrigerador frigobar 4 pies","Oficina","PIEZA","Mobiliario oficina"
6239,"MOBI-0030","Rotafolio con ruedas","Ajustable","PIEZA","Mobiliario oficina"
6217,"MOBI-0008","Silla ejecutiva malla","Ergonomica","PIEZA","Mobiliario oficina"
6216,"MOBI-0007","Silla ejecutiva respaldo alto","Piel sintetica","PIEZA","Mobiliario oficina"
6219,"MOBI-0010","Silla secretarial malla","Sin brazos","PIEZA","Mobiliario oficina"
6218,"MOBI-0009","Silla secretarial tapizada","Con brazos","PIEZA","Mobiliario oficina"
6221,"MOBI-0012","Silla visita apilable","Metal","PIEZA","Mobiliario oficina"
6220,"MOBI-0011","Silla visita tapizada","Fija","PIEZA","Mobiliario oficina"
6222,"MOBI-0013","Sillon espera 2 plazas","Vinil","PIEZA","Mobiliario oficina"
6223,"MOBI-0014","Sillon espera 3 plazas","Vinil","PIEZA","Mobiliario oficina"
6248,"MOBI-0039","Ventilador de piso 18 pulgadas","Pedestal","PIEZA","Mobiliario oficina"
6199,"BANO-0030","Asiento WC blanco economico","Plastico","PIEZA","Muebles de bano"
6200,"BANO-0031","Asiento WC blanco premium","Cierre lento","PIEZA","Muebles de bano"
6201,"BANO-0032","Asiento WC elongado blanco","Cierre lento","PIEZA","Muebles de bano"
6196,"BANO-0027","Brazo regadera 40cm","Cromado","PIEZA","Muebles de bano"
6209,"BANO-0040","Dispensador jabon liquido","Acero inox","PIEZA","Muebles de bano"
6202,"BANO-0033","Espejo bano 50x70cm","Con marco","PIEZA","Muebles de bano"
6203,"BANO-0034","Espejo bano 60x80cm","Con marco","PIEZA","Muebles de bano"
6198,"BANO-0029","Fluxometro mingitorio cromado","Descarga","PIEZA","Muebles de bano"
6197,"BANO-0028","Fluxometro WC cromado","Descarga","PIEZA","Muebles de bano"
6185,"BANO-0016","Fregadero lavadero concreto","Con base","PIEZA","Muebles de bano"
6204,"BANO-0035","Gabinete espejo bano 45cm","Con repisa","PIEZA","Muebles de bano"
6208,"BANO-0039","Jabonera cromada","Pared","PIEZA","Muebles de bano"
6178,"BANO-0009","Lavabo empotrar blanco","Bajo cubierta","PIEZA","Muebles de bano"
6175,"BANO-0006","Lavabo ovalado blanco","Sobreponer","PIEZA","Muebles de bano"
6179,"BANO-0010","Lavabo pared blanco","Sin pedestal","PIEZA","Muebles de bano"
6177,"BANO-0008","Lavabo pedestal blanco","Con columna","PIEZA","Muebles de bano"
6176,"BANO-0007","Lavabo rectangular blanco","Sobreponer","PIEZA","Muebles de bano"
6189,"BANO-0020","Llave fregadero cuello ganso","Cromada","PIEZA","Muebles de bano"
6190,"BANO-0021","Llave fregadero extraible","Con manguera","PIEZA","Muebles de bano"
6187,"BANO-0018","Llave lavabo 4 pulgadas cromada","Centerset","PIEZA","Muebles de bano"
6186,"BANO-0017","Llave lavabo monomaneral cromada","Mezcladora","PIEZA","Muebles de bano"
6188,"BANO-0019","Llave lavabo muro cromada","Empotrar","PIEZA","Muebles de bano"
6191,"BANO-0022","Mezcladora regadera cromada","Con regadera","PIEZA","Muebles de bano"
6192,"BANO-0023","Mezcladora regadera termostatica","Temperatura","PIEZA","Muebles de bano"
6180,"BANO-0011","Mingitorio blanco","Con fluxometro","PIEZA","Muebles de bano"
6181,"BANO-0012","Mingitorio seco","Sin agua","PIEZA","Muebles de bano"
6207,"BANO-0038","Portarrollo cromado","Con tapa","PIEZA","Muebles de bano"
6195,"BANO-0026","Regadera telefono con soporte","Manual","PIEZA","Muebles de bano"
6193,"BANO-0024","Regadera tipo lluvia 20cm","Cromada","PIEZA","Muebles de bano"
6194,"BANO-0025","Regadera tipo lluvia 25cm","Cuadrada","PIEZA","Muebles de bano"
6182,"BANO-0013","Tarja cocina 1 tina 60x40","Acero inox","PIEZA","Muebles de bano"
6183,"BANO-0014","Tarja cocina 2 tinas 80x50","Acero inox","PIEZA","Muebles de bano"
6184,"BANO-0015","Tarja cocina con escurridor","Acero inox","PIEZA","Muebles de bano"
6206,"BANO-0037","Toallero argolla cromado","Pared","PIEZA","Muebles de bano"
6205,"BANO-0036","Toallero barra 60cm cromado","Pared","PIEZA","Muebles de bano"
6171,"BANO-0002","WC elongado blanco","2 piezas","PIEZA","Muebles de bano"
6174,"BANO-0005","WC institucional fluxometro","Sin tanque","PIEZA","Muebles de bano"
6173,"BANO-0004","WC one piece blanco","Una pieza","PIEZA","Muebles de bano"
6170,"BANO-0001","WC redondo blanco","2 piezas","PIEZA","Muebles de bano"
6172,"BANO-0003","WC redondo bone","2 piezas","PIEZA","Muebles de bano"
5232,"PAPE-0048","Agenda 2026","Ejecutiva","PIEZA","Papeleria y oficina"
5193,"PAPE-0009","Caja de lapices x12","12 lapices","CAJA","Papeleria y oficina"
5191,"PAPE-0007","Caja de plumas azules x12","12 plumas","CAJA","Papeleria y oficina"
5233,"PAPE-0049","Calculadora de escritorio","12 digitos","PIEZA","Papeleria y oficina"
5211,"PAPE-0027","Carpeta 3 argollas 1 pulgada","Carpeta blanca","PIEZA","Papeleria y oficina"
5212,"PAPE-0028","Carpeta 3 argollas 2 pulgadas","Carpeta blanca","PIEZA","Papeleria y oficina"
5213,"PAPE-0029","Carpeta 3 argollas 3 pulgadas","Carpeta blanca","PIEZA","Papeleria y oficina"
5220,"PAPE-0036","Cinta adhesiva transparente","18mm x 33m","PIEZA","Papeleria y oficina"
5221,"PAPE-0037","Cinta masking tape 1 pulgada","Cinta de papel","PIEZA","Papeleria y oficina"
5222,"PAPE-0038","Cinta masking tape 2 pulgadas","Cinta de papel","PIEZA","Papeleria y oficina"
5202,"PAPE-0018","Clips chicos caja 100","Clips metalicos","CAJA","Papeleria y oficina"
5203,"PAPE-0019","Clips grandes caja 50","Clips metalicos","CAJA","Papeleria y oficina"
5204,"PAPE-0020","Clips mariposa caja 12","Clips grandes","CAJA","Papeleria y oficina"
5228,"PAPE-0044","Corrector en cinta","Seco","PIEZA","Papeleria y oficina"
5227,"PAPE-0043","Corrector liquido","Con brocha","PIEZA","Papeleria y oficina"
5223,"PAPE-0039","Cuaderno profesional 100 hojas","Cuadro o raya","PIEZA","Papeleria y oficina"
5216,"PAPE-0032","Engrapadora estandar","Uso normal","PIEZA","Papeleria y oficina"
5217,"PAPE-0033","Engrapadora uso rudo","50+ hojas","PIEZA","Papeleria y oficina"
5210,"PAPE-0026","Folder colores carta paq 25","Varios colores","PAQUETE","Papeleria y oficina"
5208,"PAPE-0024","Folder manila carta paq 100","Carpetas","PAQUETE","Papeleria y oficina"
5209,"PAPE-0025","Folder manila oficio paq 100","Carpetas","PAQUETE","Papeleria y oficina"
5226,"PAPE-0042","Goma de borrar blanca","Para lapiz","PIEZA","Papeleria y oficina"
5205,"PAPE-0021","Grapas estandar caja 5000","26/6","CAJA","Papeleria y oficina"
5206,"PAPE-0022","Grapas uso rudo caja 1000","Para engrapadora grande","CAJA","Papeleria y oficina"
5192,"PAPE-0008","Lapiz No.2 c/goma","Lapiz grafito","PIEZA","Papeleria y oficina"
5224,"PAPE-0040","Libreta de taquigrafia","Para notas","PIEZA","Papeleria y oficina"
5207,"PAPE-0023","Ligas No.18 bolsa 100g","Ligas elasticas","BOLSA","Papeleria y oficina"
5195,"PAPE-0011","Marcador permanente azul","Sharpie o similar","PIEZA","Papeleria y oficina"
5194,"PAPE-0010","Marcador permanente negro","Sharpie o similar","PIEZA","Papeleria y oficina"
5196,"PAPE-0012","Marcador permanente rojo","Sharpie o similar","PIEZA","Papeleria y oficina"
5197,"PAPE-0013","Marcatextos amarillo","Resaltador","PIEZA","Papeleria y oficina"
5198,"PAPE-0014","Marcatextos set 4 colores","Resaltadores","PAQUETE","Papeleria y oficina"
5187,"PAPE-0003","Papel bond carta caja 5000","10 paquetes","CAJA","Papeleria y oficina"
5185,"PAPE-0001","Papel bond carta paq 500","Papel blanco 75g","PAQUETE","Papeleria y oficina"
5186,"PAPE-0002","Papel bond oficio paq 500","Papel blanco 75g","PAQUETE","Papeleria y oficina"
5218,"PAPE-0034","Perforadora 2 orificios","Estandar","PIEZA","Papeleria y oficina"
5219,"PAPE-0035","Perforadora 3 orificios","Para carpeta","PIEZA","Papeleria y oficina"
5188,"PAPE-0004","Pluma punto fino azul","Tinta permanente","PIEZA","Papeleria y oficina"
5189,"PAPE-0005","Pluma punto fino negro","Tinta permanente","PIEZA","Papeleria y oficina"
5190,"PAPE-0006","Pluma punto fino rojo","Tinta permanente","PIEZA","Papeleria y oficina"
5234,"PAPE-0050","Portaminas 0.5mm","Con goma","PIEZA","Papeleria y oficina"
5199,"PAPE-0015","Post-it amarillo 3x3 paq 100","Notas adhesivas","PAQUETE","Papeleria y oficina"
5200,"PAPE-0016","Post-it colores 3x3 paq 100","Notas adhesivas","PAQUETE","Papeleria y oficina"
5201,"PAPE-0017","Post-it grande 4x6 paq 50","Notas adhesivas","PAQUETE","Papeleria y oficina"
5214,"PAPE-0030","Protector de hojas paq 100","Micas transparentes","PAQUETE","Papeleria y oficina"
5225,"PAPE-0041","Sacapuntas metalico","Simple","PIEZA","Papeleria y oficina"
5231,"PAPE-0047","Sobre blanco carta paq 50","Para correspondencia","PAQUETE","Papeleria y oficina"
5229,"PAPE-0045","Sobre manila carta paq 50","Sin ventana","PAQUETE","Papeleria y oficina"
5230,"PAPE-0046","Sobre manila oficio paq 50","Sin ventana","PAQUETE","Papeleria y oficina"
5215,"PAPE-0031","Tijeras de oficina 8 pulgadas","Acero inoxidable","PIEZA","Papeleria y oficina"
5072,"PAP-002","Engrapadora de escritorio","20 hojas","PIEZA","Papelería y oficina"
5075,"PAP-005","Folder carta paq 100","Manila","PAQUETE","Papelería y oficina"
5112,"PAP-002","Folder tamaño carta paq 100","Folder manila","PAQUETE","Papelería y oficina"
5071,"PAP-001","Papel bond carta 500 hojas","Resma","PAQUETE","Papelería y oficina"
5074,"PAP-004","Plumas azul caja 12","Bolígrafos","CAJA","Papelería y oficina"
5073,"PAP-003","Tijeras de oficina 8 pulg","Acero","PIEZA","Papelería y oficina"
5128,"PINT-002","Impermeabilizante 5 años 19L","Impermeabilizante acrílico","CUBETA","Pintura"
5127,"PINT-001","Pintura vinílica blanca 19L","Pintura interior/exterior","CUBETA","Pintura"
5537,"PINT-0023","Aguarras 4L","Solvente","GALON","Pintura y acabados"
5538,"PINT-0024","Barniz para madera brillante 4L","Acabado","GALON","Pintura y acabados"
5539,"PINT-0025","Barniz para madera mate 4L","Acabado","GALON","Pintura y acabados"
5549,"PINT-0035","Bastidor para rodillo 9 pulgadas","Marco","PIEZA","Pintura y acabados"
5542,"PINT-0028","Brocha 1 pulgada","Detalles","PIEZA","Pintura y acabados"
5544,"PINT-0030","Brocha 3 pulgadas","Uso general","PIEZA","Pintura y acabados"
5562,"PINT-0048","Cinta masking azul 1 pulgada","Delicada","PIEZA","Pintura y acabados"
5563,"PINT-0049","Cinta masking azul 2 pulgadas","Delicada","PIEZA","Pintura y acabados"
5552,"PINT-0038","Cubeta para pintura 19L","Plastica","PIEZA","Pintura y acabados"
5559,"PINT-0045","Espatula 2 pulgadas","Resanar","PIEZA","Pintura y acabados"
5560,"PINT-0046","Espatula 4 pulgadas","Resanar","PIEZA","Pintura y acabados"
5550,"PINT-0036","Extension para rodillo 2m","Techos","PIEZA","Pintura y acabados"
5553,"PINT-0039","Lija de agua 100","Para acabados","PIEZA","Pintura y acabados"
5554,"PINT-0040","Lija de agua 150","Para acabados","PIEZA","Pintura y acabados"
5555,"PINT-0041","Lija de agua 220","Acabado fino","PIEZA","Pintura y acabados"
5557,"PINT-0043","Lija para madera 120","Medio","PIEZA","Pintura y acabados"
5556,"PINT-0042","Lija para madera 80","Desbaste","PIEZA","Pintura y acabados"
5558,"PINT-0044","Lija para metal 60","Oxido","PIEZA","Pintura y acabados"
5561,"PINT-0047","Llana metalica","Acabados","PIEZA","Pintura y acabados"
5534,"PINT-0020","Masilla para madera 250g","Relleno","PIEZA","Pintura y acabados"
5531,"PINT-0017","Pasta texturizada 19L","Acabado rustico","CUBETA","Pintura y acabados"
5526,"PINT-0012","Pintura anticorrosiva gris 4L","Primer metal","GALON","Pintura y acabados"
5525,"PINT-0011","Pintura anticorrosiva roja 4L","Primer metal","GALON","Pintura y acabados"
5523,"PINT-0009","Pintura esmalte azul 4L","Metal y madera","GALON","Pintura y acabados"
5520,"PINT-0006","Pintura esmalte blanco 4L","Metal y madera","GALON","Pintura y acabados"
5521,"PINT-0007","Pintura esmalte negro 4L","Metal y madera","GALON","Pintura y acabados"
5522,"PINT-0008","Pintura esmalte rojo 4L","Metal y madera","GALON","Pintura y acabados"
5524,"PINT-0010","Pintura esmalte verde 4L","Metal y madera","GALON","Pintura y acabados"
5527,"PINT-0013","Pintura trafico amarilla 19L","Señalizacion","CUBETA","Pintura y acabados"
5528,"PINT-0014","Pintura trafico blanca 19L","Señalizacion","CUBETA","Pintura y acabados"
5518,"PINT-0004","Pintura vinilica beige 19L","Interior/exterior","CUBETA","Pintura y acabados"
5519,"PINT-0005","Pintura vinilica gris 19L","Interior/exterior","CUBETA","Pintura y acabados"
5517,"PINT-0003","Pintura vinilica hueso 19L","Interior/exterior","CUBETA","Pintura y acabados"
5564,"PINT-0050","Plastico para cubrir rollo 50m","Proteccion","ROLLO","Pintura y acabados"
5532,"PINT-0018","Resanador plastico 1kg","Para grietas","PIEZA","Pintura y acabados"
5533,"PINT-0019","Resanador plastico 4kg","Para grietas","PIEZA","Pintura y acabados"
5548,"PINT-0034","Rodillo antigoteo 9 pulgadas","Textura","PIEZA","Pintura y acabados"
5546,"PINT-0032","Rodillo de felpa 4 pulgadas","Pequeño","PIEZA","Pintura y acabados"
5529,"PINT-0015","Sellador vinilico 19L","Base","CUBETA","Pintura y acabados"
5530,"PINT-0016","Sellador vinilico 4L","Base","GALON","Pintura y acabados"
5536,"PINT-0022","Thinner estandar 19L","Solvente","CUBETA","Pintura y acabados"
5535,"PINT-0021","Thinner estandar 4L","Solvente","GALON","Pintura y acabados"
5541,"PINT-0027","Tinte para madera caoba 1L","Color","PIEZA","Pintura y acabados"
5540,"PINT-0026","Tinte para madera nogal 1L","Color","PIEZA","Pintura y acabados"
5581,"PISO-0017","Adhesivo para ceramico 20kg","Pegazulejo","SACO","Pisos y azulejos"
5582,"PISO-0018","Adhesivo para porcelanato 20kg","Alta adherencia","SACO","Pisos y azulejos"
5575,"PISO-0011","Azulejo 20x30 beige m2","Baños","M2","Pisos y azulejos"
5574,"PISO-0010","Azulejo 20x30 blanco m2","Baños","M2","Pisos y azulejos"
5576,"PISO-0012","Azulejo 25x40 blanco m2","Cocinas","M2","Pisos y azulejos"
5577,"PISO-0013","Azulejo 25x40 gris m2","Cocinas","M2","Pisos y azulejos"
5578,"PISO-0014","Azulejo tipo metro 7.5x15 blanco m2","Decorativo","M2","Pisos y azulejos"
5585,"PISO-0021","Boquilla con arena 10kg blanca","Junta gruesa","SACO","Pisos y azulejos"
5583,"PISO-0019","Boquilla sin arena 10kg blanca","Junta fina","SACO","Pisos y azulejos"
5584,"PISO-0020","Boquilla sin arena 10kg gris","Junta fina","SACO","Pisos y azulejos"
5580,"PISO-0016","Cenefa decorativa pieza","Acabado","PIEZA","Pisos y azulejos"
5588,"PISO-0024","Cortador de ceramica manual","50cm","PIEZA","Pisos y azulejos"
5589,"PISO-0025","Disco diamante 4 pulgadas","Corte","PIEZA","Pisos y azulejos"
5591,"PISO-0027","Llana dentada 10mm","Aplicar adhesivo","PIEZA","Pisos y azulejos"
5590,"PISO-0026","Llana dentada 6mm","Aplicar adhesivo","PIEZA","Pisos y azulejos"
5579,"PISO-0015","Mosaico veneciano 2x2 blanco m2","Decorativo","M2","Pisos y azulejos"
5594,"PISO-0030","Nivel de burbuja 60cm","Verificar","PIEZA","Pisos y azulejos"
5587,"PISO-0023","Perfil para escalon aluminio 2.5m","Nariz","PIEZA","Pisos y azulejos"
5586,"PISO-0022","Perfil para piso aluminio 2.5m","Terminacion","PIEZA","Pisos y azulejos"
5572,"PISO-0008","Piso antiderrapante 30x30 gris m2","Exterior","M2","Pisos y azulejos"
5573,"PISO-0009","Piso antiderrapante 30x30 rojo m2","Exterior","M2","Pisos y azulejos"
5566,"PISO-0002","Piso ceramico 33x33 beige m2","Interior","M2","Pisos y azulejos"
5565,"PISO-0001","Piso ceramico 33x33 blanco m2","Interior","M2","Pisos y azulejos"
5568,"PISO-0004","Piso ceramico 45x45 beige m2","Interior","M2","Pisos y azulejos"
5567,"PISO-0003","Piso ceramico 45x45 blanco m2","Interior","M2","Pisos y azulejos"
5569,"PISO-0005","Piso ceramico 60x60 blanco m2","Interior","M2","Pisos y azulejos"
5571,"PISO-0007","Piso porcelanato 60x60 beige m2","Alto trafico","M2","Pisos y azulejos"
5570,"PISO-0006","Piso porcelanato 60x60 gris m2","Alto trafico","M2","Pisos y azulejos"
5592,"PISO-0028","Separadores 2mm bolsa","100 piezas","BOLSA","Pisos y azulejos"
5593,"PISO-0029","Separadores 3mm bolsa","100 piezas","BOLSA","Pisos y azulejos"
5414,"PLOM-0050","Boiler de paso gas LP","6 litros","PIEZA","Plomeria"
5410,"PLOM-0046","Bomba de agua 1 HP","Periferica","PIEZA","Plomeria"
5409,"PLOM-0045","Bomba de agua 1/2 HP","Periferica","PIEZA","Plomeria"
5403,"PLOM-0039","Cespol para fregadero","PVC","PIEZA","Plomeria"
5402,"PLOM-0038","Cespol para lavabo","Cromado","PIEZA","Plomeria"
5378,"PLOM-0014","Codo PVC 45 grados 1/2 pulgada","Conexion","PIEZA","Plomeria"
5379,"PLOM-0015","Codo PVC 45 grados 3/4 pulgada","Conexion","PIEZA","Plomeria"
5377,"PLOM-0013","Codo PVC 90 grados 1 pulgada","Conexion","PIEZA","Plomeria"
5375,"PLOM-0011","Codo PVC 90 grados 1/2 pulgada","Conexion","PIEZA","Plomeria"
5376,"PLOM-0012","Codo PVC 90 grados 3/4 pulgada","Conexion","PIEZA","Plomeria"
5404,"PLOM-0040","Contra para lavabo","Cromada","PIEZA","Plomeria"
5383,"PLOM-0019","Cople PVC 1/2 pulgada","Union","PIEZA","Plomeria"
5384,"PLOM-0020","Cople PVC 3/4 pulgada","Union","PIEZA","Plomeria"
5398,"PLOM-0034","Flotador para WC","Completo","PIEZA","Plomeria"
5399,"PLOM-0035","Fluxometro para WC","Cromado","PIEZA","Plomeria"
5408,"PLOM-0044","Limpiador PVC 500ml","Preparador","PIEZA","Plomeria"
5395,"PLOM-0031","Llave de fregadero cuello ganso","Cromada","PIEZA","Plomeria"
5394,"PLOM-0030","Llave de lavabo monomaneral","Cromada","PIEZA","Plomeria"
5393,"PLOM-0029","Llave de nariz 1/2 pulgada","Para manguera","PIEZA","Plomeria"
5401,"PLOM-0037","Manguera flexible para lavabo","Acero inox","PIEZA","Plomeria"
5400,"PLOM-0036","Manguera flexible para WC","Acero inox","PIEZA","Plomeria"
5397,"PLOM-0033","Mezcladora para regadera","Cromada","PIEZA","Plomeria"
5407,"PLOM-0043","Pegamento CPVC amarillo 250ml","Agua caliente","PIEZA","Plomeria"
5405,"PLOM-0041","Pegamento PVC azul 250ml","Para tuberias","PIEZA","Plomeria"
5406,"PLOM-0042","Pegamento PVC azul 500ml","Para tuberias","PIEZA","Plomeria"
5386,"PLOM-0022","Reduccion PVC 1 a 3/4 pulgada","Conexion","PIEZA","Plomeria"
5385,"PLOM-0021","Reduccion PVC 3/4 a 1/2 pulgada","Conexion","PIEZA","Plomeria"
5396,"PLOM-0032","Regadera con brazo cromado","Estandar","PIEZA","Plomeria"
5382,"PLOM-0018","Tee PVC 1 pulgada","Conexion","PIEZA","Plomeria"
5380,"PLOM-0016","Tee PVC 1/2 pulgada","Conexion","PIEZA","Plomeria"
5381,"PLOM-0017","Tee PVC 3/4 pulgada","Conexion","PIEZA","Plomeria"
5413,"PLOM-0049","Tinaco 1100 litros","Rotoplas o similar","PIEZA","Plomeria"
5411,"PLOM-0047","Tinaco 450 litros","Rotoplas o similar","PIEZA","Plomeria"
5412,"PLOM-0048","Tinaco 750 litros","Rotoplas o similar","PIEZA","Plomeria"
5373,"PLOM-0009","Tubo CPVC 1/2 pulgada 3m","Agua caliente","TRAMO","Plomeria"
5374,"PLOM-0010","Tubo CPVC 3/4 pulgada 3m","Agua caliente","TRAMO","Plomeria"
5367,"PLOM-0003","Tubo PVC hidraulico 1 pulgada 6m","Agua fria","TRAMO","Plomeria"
5368,"PLOM-0004","Tubo PVC hidraulico 1-1/2 pulgada 6m","Agua fria","TRAMO","Plomeria"
5365,"PLOM-0001","Tubo PVC hidraulico 1/2 pulgada 6m","Agua fria","TRAMO","Plomeria"
5369,"PLOM-0005","Tubo PVC hidraulico 2 pulgadas 6m","Agua fria","TRAMO","Plomeria"
5366,"PLOM-0002","Tubo PVC hidraulico 3/4 pulgada 6m","Agua fria","TRAMO","Plomeria"
5370,"PLOM-0006","Tubo PVC sanitario 2 pulgadas 6m","Drenaje","TRAMO","Plomeria"
5371,"PLOM-0007","Tubo PVC sanitario 4 pulgadas 6m","Drenaje","TRAMO","Plomeria"
5372,"PLOM-0008","Tubo PVC sanitario 6 pulgadas 6m","Drenaje","TRAMO","Plomeria"
5391,"PLOM-0027","Valvula check 1/2 pulgada","Antiretorno","PIEZA","Plomeria"
5392,"PLOM-0028","Valvula check 3/4 pulgada","Antiretorno","PIEZA","Plomeria"
5389,"PLOM-0025","Valvula esfera bronce 1/2 pulgada","Llave de paso","PIEZA","Plomeria"
5390,"PLOM-0026","Valvula esfera bronce 3/4 pulgada","Llave de paso","PIEZA","Plomeria"
5387,"PLOM-0023","Valvula esfera PVC 1/2 pulgada","Llave de paso","PIEZA","Plomeria"
5388,"PLOM-0024","Valvula esfera PVC 3/4 pulgada","Llave de paso","PIEZA","Plomeria"
5132,"PREF-002","Adoquín rectangular","Adoquín de concreto","M2","Prefabricados"
5131,"PREF-001","Block hueco 15x20x40","Block de concreto","PIEZA","Prefabricados"
5609,"PUER-0015","Bisagra de bandera 3 pulgadas par","Desmontable","PAR","Puertas y herrajes"
5606,"PUER-0012","Bisagra de libro 3 pulgadas par","Acero","PAR","Puertas y herrajes"
5607,"PUER-0013","Bisagra de libro 3.5 pulgadas par","Acero","PAR","Puertas y herrajes"
5608,"PUER-0014","Bisagra de libro 4 pulgadas par","Acero","PAR","Puertas y herrajes"
5630,"PUER-0036","Burlete para puerta adhesivo","Sellador","METRO","Puertas y herrajes"
5624,"PUER-0030","Cadena de seguridad para puerta","Laton","PIEZA","Puertas y herrajes"
5615,"PUER-0021","Cerradura de embutir","Seguridad","PIEZA","Puertas y herrajes"
5614,"PUER-0020","Cerradura de sobreponer derecha","Exterior","PIEZA","Puertas y herrajes"
5613,"PUER-0019","Cerradura de sobreponer izquierda","Exterior","PIEZA","Puertas y herrajes"
5610,"PUER-0016","Chapa de bola con llave","Interior","PIEZA","Puertas y herrajes"
5612,"PUER-0018","Chapa de bola para baño","Con seguro","PIEZA","Puertas y herrajes"
5611,"PUER-0017","Chapa de bola sin llave","Paso","PIEZA","Puertas y herrajes"
5622,"PUER-0028","Cierra puertas hidraulico","Automatico","PIEZA","Puertas y herrajes"
5631,"PUER-0037","Felpa para puerta rollo 5m","Sellador","ROLLO","Puertas y herrajes"
5627,"PUER-0033","Jaladera tipo barra 12 pulgadas","Acero inox","PIEZA","Puertas y herrajes"
5626,"PUER-0032","Jaladera tipo estribo 6 pulgadas","Acero inox","PIEZA","Puertas y herrajes"
5616,"PUER-0022","Manija tipo palanca cromada","Moderna","PIEZA","Puertas y herrajes"
5617,"PUER-0023","Manija tipo tubular cromada","Clasica","PIEZA","Puertas y herrajes"
5605,"PUER-0011","Marco puerta metalico 90cm","Galvanizado","PIEZA","Puertas y herrajes"
5603,"PUER-0009","Marco puerta pino 80cm","Con moldura","PIEZA","Puertas y herrajes"
5604,"PUER-0010","Marco puerta pino 90cm","Con moldura","PIEZA","Puertas y herrajes"
5623,"PUER-0029","Mirilla para puerta dorada","180 grados","PIEZA","Puertas y herrajes"
5628,"PUER-0034","Moldura para puerta pino 2.5m","Chambrana","PIEZA","Puertas y herrajes"
5618,"PUER-0024","Pasador de barril 4 pulgadas","Seguro","PIEZA","Puertas y herrajes"
5619,"PUER-0025","Pasador de barril 6 pulgadas","Seguro","PIEZA","Puertas y herrajes"
5625,"PUER-0031","Picaporte de gancho","Seguro","PIEZA","Puertas y herrajes"
5632,"PUER-0038","Puerta corrediza closet 90x240","Blanca","PIEZA","Puertas y herrajes"
5601,"PUER-0007","Puerta metalica lisa 90x210","Exterior","PIEZA","Puertas y herrajes"
5602,"PUER-0008","Puerta metalica multiacanalada 90x210","Exterior","PIEZA","Puertas y herrajes"
5599,"PUER-0005","Puerta multipanel 6 tableros 80x210","Interior","PIEZA","Puertas y herrajes"
5600,"PUER-0006","Puerta multipanel 6 tableros 90x210","Interior","PIEZA","Puertas y herrajes"
5595,"PUER-0001","Puerta tambor blanca 80x210","Interior","PIEZA","Puertas y herrajes"
5596,"PUER-0002","Puerta tambor blanca 90x210","Interior","PIEZA","Puertas y herrajes"
5597,"PUER-0003","Puerta tambor caoba 80x210","Interior","PIEZA","Puertas y herrajes"
5598,"PUER-0004","Puerta tambor caoba 90x210","Interior","PIEZA","Puertas y herrajes"
5633,"PUER-0039","Riel para puerta corrediza 2m","Aluminio","PIEZA","Puertas y herrajes"
5634,"PUER-0040","Rueda para puerta corrediza par","Nylon","PAR","Puertas y herrajes"
5621,"PUER-0027","Tope de puerta de pared","Con goma","PIEZA","Puertas y herrajes"
5620,"PUER-0026","Tope de puerta de piso","Acero inox","PIEZA","Puertas y herrajes"
5629,"PUER-0035","Umbral de aluminio 90cm","Para puerta","PIEZA","Puertas y herrajes"
6025,"QUIM-0011","Adhesivo epoxico bicomponente 1kg","Anclajes","JUEGO","Quimicos construccion"
6026,"QUIM-0012","Adhesivo epoxico bicomponente 4kg","Anclajes","JUEGO","Quimicos construccion"
6015,"QUIM-0001","Aditivo acelerante concreto 20L","Fraguado rapido","CUBETA","Quimicos construccion"
6019,"QUIM-0005","Aditivo inclusor aire 20L","Climas frios","CUBETA","Quimicos construccion"
6020,"QUIM-0006","Aditivo integral impermeabilizante 20L","Para mezcla","CUBETA","Quimicos construccion"
6016,"QUIM-0002","Aditivo retardante concreto 20L","Fraguado lento","CUBETA","Quimicos construccion"
6018,"QUIM-0004","Aditivo superplastificante 20L","Alta resistencia","CUBETA","Quimicos construccion"
6042,"QUIM-0028","Cemento plastico 19kg","Reparaciones","CUBETA","Quimicos construccion"
6041,"QUIM-0027","Cemento plastico 4kg","Reparaciones","PIEZA","Quimicos construccion"
6021,"QUIM-0007","Curador concreto base agua 20L","Membrana","CUBETA","Quimicos construccion"
6022,"QUIM-0008","Curador concreto base solvente 20L","Membrana","CUBETA","Quimicos construccion"
6024,"QUIM-0010","Desmoldante para cimbra 200L","Base aceite","TAMBO","Quimicos construccion"
6034,"QUIM-0020","Espuma poliuretano 750ml","Expansiva","PIEZA","Quimicos construccion"
6044,"QUIM-0030","Fibra polipropileno 1kg","Microrefuerzo","BOLSA","Quimicos construccion"
6043,"QUIM-0029","Fibra polipropileno 600g","Microrefuerzo","BOLSA","Quimicos construccion"
6027,"QUIM-0013","Grout cementicio 25kg","Nivelacion","SACO","Quimicos construccion"
6028,"QUIM-0014","Grout epoxico 5kg","Alta resistencia","JUEGO","Quimicos construccion"
6037,"QUIM-0023","Impermeabilizante acrilico 10 años 19L","Fibratado","CUBETA","Quimicos construccion"
6035,"QUIM-0021","Impermeabilizante acrilico 5 años 19L","Blanco","CUBETA","Quimicos construccion"
6036,"QUIM-0022","Impermeabilizante acrilico 7 años 19L","Blanco","CUBETA","Quimicos construccion"
6038,"QUIM-0024","Impermeabilizante prefabricado 3mm 10m2","Asfaltico","ROLLO","Quimicos construccion"
6039,"QUIM-0025","Impermeabilizante prefabricado 4mm 10m2","APP","ROLLO","Quimicos construccion"
6045,"QUIM-0031","Inhibidor corrosion 20L","Acero refuerzo","CUBETA","Quimicos construccion"
6048,"QUIM-0034","Limpiador eflorescencias 4L","Acido","GALON","Quimicos construccion"
6030,"QUIM-0016","Mortero autonivelante 25kg","Pisos","SACO","Quimicos construccion"
6029,"QUIM-0015","Mortero de reparacion 25kg","Rapida resistencia","SACO","Quimicos construccion"
6040,"QUIM-0026","Primer impermeabilizante 19L","Base agua","CUBETA","Quimicos construccion"
6046,"QUIM-0032","Puente adherencia 20L","Concreto nuevo","CUBETA","Quimicos construccion"
6047,"QUIM-0033","Recubrimiento anticorrosivo 4L","Para acero","GALON","Quimicos construccion"
6033,"QUIM-0019","Sellador acrilico 300ml","Grietas","PIEZA","Quimicos construccion"
6049,"QUIM-0035","Sellador penetrante 20L","Hidrofugante","CUBETA","Quimicos construccion"
6031,"QUIM-0017","Sellador poliuretano 300ml","Juntas","PIEZA","Quimicos construccion"
6032,"QUIM-0018","Sellador poliuretano 600ml salchicha","Juntas","PIEZA","Quimicos construccion"
5134,"SENAL-002","Cinta delimitadora rollo","Cinta amarilla/negra","ROLLO","Señalización"
5133,"SENAL-001","Cono de seguridad 28 pulgadas","Cono naranja","PIEZA","Señalización"
5894,"VIAL-0050","Abrazadera para señal vial","Galvanizada","PIEZA","Senalizacion vial"
5886,"VIAL-0042","Adhesivo para vialetas 1kg","Bituminoso","PIEZA","Senalizacion vial"
5876,"VIAL-0032","Aplicador de pintura para lineas","Manual con ruedas","PIEZA","Senalizacion vial"
5889,"VIAL-0045","Base para poste delineador","Hule reciclado","PIEZA","Senalizacion vial"
5850,"VIAL-0006","Boya vial metalica amarilla","Aluminio fundido","PIEZA","Senalizacion vial"
5852,"VIAL-0008","Boya vial metalica bidireccional","Con reflejante","PIEZA","Senalizacion vial"
5851,"VIAL-0007","Boya vial metalica roja","Aluminio fundido","PIEZA","Senalizacion vial"
5845,"VIAL-0001","Boya vial plastica amarilla","Redonda 10cm","PIEZA","Senalizacion vial"
5848,"VIAL-0004","Boya vial plastica bidireccional amarilla","Con reflejante","PIEZA","Senalizacion vial"
5849,"VIAL-0005","Boya vial plastica bidireccional roja","Con reflejante","PIEZA","Senalizacion vial"
5847,"VIAL-0003","Boya vial plastica blanca","Redonda 10cm","PIEZA","Senalizacion vial"
5846,"VIAL-0002","Boya vial plastica roja","Redonda 10cm","PIEZA","Senalizacion vial"
5884,"VIAL-0040","Cinta masking para lineas 10cm","Para bordes","PIEZA","Senalizacion vial"
5883,"VIAL-0039","Cinta masking para lineas 5cm","Para bordes","PIEZA","Senalizacion vial"
5877,"VIAL-0033","Maquina pintar lineas manual","Stripper","PIEZA","Senalizacion vial"
5872,"VIAL-0028","Microesfera vidrio reflejante 25kg","Para pintura","SACO","Senalizacion vial"
5885,"VIAL-0041","Pegamento epoxico para boyas","Bicomponente","PIEZA","Senalizacion vial"
5871,"VIAL-0027","Pintura termoplastica amarilla 25kg","Alta durabilidad","SACO","Senalizacion vial"
5870,"VIAL-0026","Pintura termoplastica blanca 25kg","Alta durabilidad","SACO","Senalizacion vial"
5867,"VIAL-0023","Pintura trafico amarilla 4L","Base solvente","GALON","Senalizacion vial"
5869,"VIAL-0025","Pintura trafico azul 4L","Discapacitados","GALON","Senalizacion vial"
5866,"VIAL-0022","Pintura trafico blanca 4L","Base solvente","GALON","Senalizacion vial"
5868,"VIAL-0024","Pintura trafico roja 4L","Base solvente","GALON","Senalizacion vial"
5880,"VIAL-0036","Plantilla discapacitados","Simbolo","PIEZA","Senalizacion vial"
5879,"VIAL-0035","Plantilla flecha direccional","Plastico","PIEZA","Senalizacion vial"
5881,"VIAL-0037","Plantilla letras ALTO","Juego completo","PIEZA","Senalizacion vial"
5882,"VIAL-0038","Plantilla numeros estacionamiento","0-9","JUEGO","Senalizacion vial"
5878,"VIAL-0034","Plantilla paso peatonal 50x200cm","Plastico","PIEZA","Senalizacion vial"
5888,"VIAL-0044","Poste delineador flexible 120cm","Naranja","PIEZA","Senalizacion vial"
5887,"VIAL-0043","Poste delineador flexible 75cm","Naranja","PIEZA","Senalizacion vial"
5893,"VIAL-0049","Poste para señal galvanizado 3m","2 pulgadas","PIEZA","Senalizacion vial"
5874,"VIAL-0030","Rodillo para lineas 10cm","Para rayas","PIEZA","Senalizacion vial"
5875,"VIAL-0031","Rodillo para lineas 15cm","Para rayas","PIEZA","Senalizacion vial"
5873,"VIAL-0029","Rodillo para pintura trafico 23cm","Felpa gruesa","PIEZA","Senalizacion vial"
5890,"VIAL-0046","Señal ALTO octagonal 60cm","Reflejante","PIEZA","Senalizacion vial"
5891,"VIAL-0047","Señal CEDA EL PASO triangular","Reflejante","PIEZA","Senalizacion vial"
5892,"VIAL-0048","Señal velocidad maxima 60cm","Reflejante","PIEZA","Senalizacion vial"
5861,"VIAL-0017","Tope de estacionamiento hule 180cm","Industrial","PIEZA","Senalizacion vial"
5859,"VIAL-0015","Tope de estacionamiento plastico 55cm","Amarillo/negro","PIEZA","Senalizacion vial"
5860,"VIAL-0016","Tope de estacionamiento plastico 90cm","Amarillo/negro","PIEZA","Senalizacion vial"
5863,"VIAL-0019","Tope reductor velocidad hule 100cm","Industrial","PIEZA","Senalizacion vial"
5862,"VIAL-0018","Tope reductor velocidad plastico 50cm","Amarillo/negro","PIEZA","Senalizacion vial"
5853,"VIAL-0009","Vialeta ceramica amarilla","21x10cm","PIEZA","Senalizacion vial"
5854,"VIAL-0010","Vialeta ceramica blanca","21x10cm","PIEZA","Senalizacion vial"
5855,"VIAL-0011","Vialeta plastica amarilla cuadrada","10x10cm","PIEZA","Senalizacion vial"
5856,"VIAL-0012","Vialeta plastica blanca cuadrada","10x10cm","PIEZA","Senalizacion vial"
5857,"VIAL-0013","Vialeta reflejante ojo de gato amarillo","Doble cara","PIEZA","Senalizacion vial"
5858,"VIAL-0014","Vialeta reflejante ojo de gato rojo","Doble cara","PIEZA","Senalizacion vial"
5841,"SENA-0037","Alarma de evacuacion manual","Estacion","PIEZA","Senalizacion y seguridad"
5829,"SENA-0025","Arnes de seguridad 3 puntos","Con anillos","PIEZA","Senalizacion y seguridad"
5830,"SENA-0026","Arnes de seguridad 5 puntos","Cuerpo completo","PIEZA","Senalizacion y seguridad"
5836,"SENA-0032","Bandera de señalizacion","Roja","PIEZA","Senalizacion y seguridad"
5808,"SENA-0004","Barricada plastica","Naranja/blanco","PIEZA","Senalizacion y seguridad"
5825,"SENA-0021","Botiquin primeros auxilios basico","25 personas","PIEZA","Senalizacion y seguridad"
5826,"SENA-0022","Botiquin primeros auxilios completo","50 personas","PIEZA","Senalizacion y seguridad"
5843,"SENA-0039","Candado de bloqueo rojo","LOTO","PIEZA","Senalizacion y seguridad"
5834,"SENA-0030","Chaleco reflejante amarillo","Malla","PIEZA","Senalizacion y seguridad"
5833,"SENA-0029","Chaleco reflejante naranja","Malla","PIEZA","Senalizacion y seguridad"
5810,"SENA-0006","Cinta de peligro rollo 100m","Amarilla","ROLLO","Senalizacion y seguridad"
5811,"SENA-0007","Cinta de precaucion rollo 100m","Amarilla","ROLLO","Senalizacion y seguridad"
5805,"SENA-0001","Cono de seguridad 45cm","Naranja","PIEZA","Senalizacion y seguridad"
5806,"SENA-0002","Cono de seguridad 70cm","Naranja","PIEZA","Senalizacion y seguridad"
5807,"SENA-0003","Cono de seguridad 90cm","Naranja reflejante","PIEZA","Senalizacion y seguridad"
5831,"SENA-0027","Cuerda de seguridad 15m","Nylon","PIEZA","Senalizacion y seguridad"
5839,"SENA-0035","Detector de humo","Con bateria","PIEZA","Senalizacion y seguridad"
5840,"SENA-0036","Detector de monoxido","Con alarma","PIEZA","Senalizacion y seguridad"
5844,"SENA-0040","Etiqueta de bloqueo paq 10","LOTO","PAQUETE","Senalizacion y seguridad"
5824,"SENA-0020","Extintor CO2 4.5kg","Electrico","PIEZA","Senalizacion y seguridad"
5821,"SENA-0017","Extintor PQS 4.5kg","ABC","PIEZA","Senalizacion y seguridad"
5822,"SENA-0018","Extintor PQS 6kg","ABC","PIEZA","Senalizacion y seguridad"
5823,"SENA-0019","Extintor PQS 9kg","ABC","PIEZA","Senalizacion y seguridad"
5835,"SENA-0031","Lampara de señalizacion LED","Ambar","PIEZA","Senalizacion y seguridad"
5816,"SENA-0012","Letrero area restringida","40x60cm","PIEZA","Senalizacion y seguridad"
5819,"SENA-0015","Letrero extintor","Fotoluminiscente","PIEZA","Senalizacion y seguridad"
5813,"SENA-0009","Letrero peligro excavacion","40x60cm","PIEZA","Senalizacion y seguridad"
5817,"SENA-0013","Letrero prohibido el paso","40x60cm","PIEZA","Senalizacion y seguridad"
5820,"SENA-0016","Letrero punto de reunion","50x70cm","PIEZA","Senalizacion y seguridad"
5818,"SENA-0014","Letrero salida de emergencia","Fotoluminiscente","PIEZA","Senalizacion y seguridad"
5814,"SENA-0010","Letrero uso obligatorio casco","40x60cm","PIEZA","Senalizacion y seguridad"
5815,"SENA-0011","Letrero uso obligatorio chaleco","40x60cm","PIEZA","Senalizacion y seguridad"
5828,"SENA-0024","Linea de vida retractil 15m","Cable acero","PIEZA","Senalizacion y seguridad"
5842,"SENA-0038","Luz de emergencia LED","Recargable","PIEZA","Senalizacion y seguridad"
5812,"SENA-0008","Malla de seguridad naranja rollo 50m","1m alto","ROLLO","Senalizacion y seguridad"
5832,"SENA-0028","Mosqueton de seguridad","Acero","PIEZA","Senalizacion y seguridad"
5838,"SENA-0034","Silbato de seguridad","Metalico","PIEZA","Senalizacion y seguridad"
5809,"SENA-0005","Tambor de señalizacion","Naranja","PIEZA","Senalizacion y seguridad"
5066,"SERV-2479","APOYO EN PRUEBAS DE LABORATORIO EN CAMPO PINAR DE LAGO","APOYO EN PRUEBAS DE LABORATORIO EN CAMPO PINAR DE LAGO","PIEZA","Servicios y rentas"
5022,"SERV-2435","ARMADO DE ACERO PARA ZAPATAS","ARMADO DE ACERO PARA ZAPATAS","PIEZA","Servicios y rentas"
5021,"SERV-2434","ARMADOS DE ACEROS EN ESCALONES","ARMADOS DE ACEROS EN ESCALONES","PIEZA","Servicios y rentas"
5030,"SERV-2443","ARMADOS Y HABILITADO DE ZAPATA","ARMADOS Y HABILITADO DE ZAPATA","PIEZA","Servicios y rentas"
4666,"SERV-2079","Camion de volteo de 14m3 medio dia","Camion de volteo de 14m3 medio dia","METRO_CUBICO","Servicios y rentas"
5041,"SERV-2454","CIMBRA DE DADOS EN ZAPATAS","CIMBRA DE DADOS EN ZAPATAS","PIEZA","Servicios y rentas"
5035,"SERV-2448","CIMBRA DE ZAPATAS","CIMBRA DE ZAPATAS","PIEZA","Servicios y rentas"
5037,"SERV-2450","COLADO DE GUARNICIONES","COLADO DE GUARNICIONES","PIEZA","Servicios y rentas"
5036,"SERV-2449","COLADO DE ZAPATAS","COLADO DE ZAPATAS","PIEZA","Servicios y rentas"
5038,"SERV-2451","COLOCACION DE LUMINARIA Y CONEXION DE RED ELECTRICA","COLOCACION DE LUMINARIA Y CONEXION DE RED ELECTRICA","PIEZA","Servicios y rentas"
5065,"SERV-2478","COMPRA DE 50 TIMBRES","COMPRA DE 50 TIMBRES","PIEZA","Servicios y rentas"
5019,"SERV-2432","CONCRETOS ESTAMPADOS COLOR","CONCRETOS ESTAMPADOS COLOR","PIEZA","Servicios y rentas"
5020,"SERV-2433","CORTE CON DISCO SOBRE PAVIMENTO","CORTE CON DISCO SOBRE PAVIMENTO","PIEZA","Servicios y rentas"
5039,"SERV-2452","CORTE DE LINEAS DE AGUA","CORTE DE LINEAS DE AGUA","LITRO","Servicios y rentas"
5027,"SERV-2440","CORTES DE PAVIMENTO","CORTES DE PAVIMENTO","PIEZA","Servicios y rentas"
5042,"SERV-2455","CORTES DE PAVIMENTO CALLE JUAN DIEGO","CORTES DE PAVIMENTO CALLE JUAN DIEGO","PIEZA","Servicios y rentas"
5059,"SERV-2472","DENIVEL Y TERRACRET","DENIVEL Y TERRACRET","PIEZA","Servicios y rentas"
5031,"SERV-2444","DESTAJO DE COLADO DE ZAPATAS","DESTAJO DE COLADO DE ZAPATAS","PIEZA","Servicios y rentas"
4679,"SERV-2092","DIAS OPERADOR Y 9 HRS SABADO","DIAS OPERADOR Y 9 HRS SABADO","DIA","Servicios y rentas"
4683,"SERV-2096","DO ABONO PRESTACION DE SERVICIOS","DO ABONO PRESTACION DE SERVICIOS","SERVICIO","Servicios y rentas"
4678,"SERV-2091","ER ABONO DE SUS SERVICIOS PRESTADOS","ER ABONO DE SUS SERVICIOS PRESTADOS","SERVICIO","Servicios y rentas"
5034,"SERV-2447","ESTIMACIONES Y VALES DE OBRA","ESTIMACIONES Y VALES DE OBRA","PIEZA","Servicios y rentas"
5023,"SERV-2436","EXACAVACION A MANO Y TOMAS DOMICILIARIAS","EXACAVACION A MANO Y TOMAS DOMICILIARIAS","PIEZA","Servicios y rentas"
4667,"SERV-2080","Excavacion de zapatas movimiento de tierras","Excavacion de zapatas movimiento de tierras","PIEZA","Servicios y rentas"
3496,"SERV-0909","Flete agregados por m3 foraneo","Transporte petreos largo","METRO_CUBICO","Servicios y rentas"
3495,"SERV-0908","Flete agregados por m3 local","Transporte petreos local","METRO_CUBICO","Servicios y rentas"
3498,"SERV-0911","Flete cemento por tonelada","Transporte cemento","TONELADA","Servicios y rentas"
4669,"SERV-2082","FLETE DE MAQUINARIA A DIFERENTES OBRAS","FLETE DE MAQUINARIA A DIFERENTES OBRAS","PIEZA","Servicios y rentas"
3497,"SERV-0910","Flete varilla por tonelada","Transporte acero","TONELADA","Servicios y rentas"
5043,"SERV-2456","FLETES","FLETES","PIEZA","Servicios y rentas"
4680,"SERV-2093","JORNADA VELADOR SEM 47","JORNADA VELADOR SEM 47","SERVICIO","Servicios y rentas"
4681,"SERV-2094","JORNADAS CHALAN Y 5 JORNADAS MAESTRO","JORNADAS CHALAN Y 5 JORNADAS MAESTRO","SERVICIO","Servicios y rentas"
4671,"SERV-2084","JORNADAS DE TRABAJO DE OPERADOR c/U","JORNADAS DE TRABAJO DE OPERADOR c/U","SERVICIO","Servicios y rentas"
5060,"SERV-2473","LIMPIEZA OFICINA MIERCOLES 12 NOV","LIMPIEZA OFICINA MIERCOLES 12 NOV","PIEZA","Servicios y rentas"
5070,"SERV-2483","LONA PARA OBRA 1.22 X 2.44 HD","LONA PARA OBRA 1.22 X 2.44 HD","PIEZA","Servicios y rentas"
3499,"SERV-0912","Maniobra carga descarga","Carga y descarga","SERVICIO","Servicios y rentas"
5068,"SERV-2481","MATERIAL PAGADO POR DANIEL SAUCEDO EN OBRA","MATERIAL PAGADO POR DANIEL SAUCEDO EN OBRA","PIEZA","Servicios y rentas"
5064,"SERV-2477","MENSUALIDAD 14 UNIDADES","MENSUALIDAD 14 UNIDADES","PIEZA","Servicios y rentas"
4673,"SERV-2086","OPERADOR DE MOTOCONFORMADORA","OPERADOR DE MOTOCONFORMADORA","PIEZA","Servicios y rentas"
4677,"SERV-2090","OPERADOR DE RETRO","OPERADOR DE RETRO","PIEZA","Servicios y rentas"
5028,"SERV-2441","PERFILADO DE CONCRETOS","PERFILADO DE CONCRETOS","PIEZA","Servicios y rentas"
4674,"SERV-2087","PERSONAS SOLICITADAS","PERSONAS SOLICITADAS","PIEZA","Servicios y rentas"
4675,"SERV-2088","PERSONAS SOLICITADAS PARA LIMPIEZA","PERSONAS SOLICITADAS PARA LIMPIEZA","PIEZA","Servicios y rentas"
5061,"SERV-2474","REALIZACION DE 3 PAQUETES","REALIZACION DE 3 PAQUETES","PIEZA","Servicios y rentas"
5058,"SERV-2471","RECARGA TIEMPO AIRE A TELEFONO COMPRAS","RECARGA TIEMPO AIRE A TELEFONO COMPRAS","PIEZA","Servicios y rentas"
5029,"SERV-2442","REDES HIDRAULICAS","REDES HIDRAULICAS","PIEZA","Servicios y rentas"
3470,"SERV-0883","Renta alisadora helicoptero dia","Allanadora","DIA","Servicios y rentas"
3464,"SERV-0877","Renta autobomba concreto servicio","Telescopica","SERVICIO","Servicios y rentas"
3433,"SERV-0846","Renta bailarina compactador dia","Saltarin","DIA","Servicios y rentas"
3480,"SERV-0893","Renta bodega movil 6x2.4m mes","Contenedor almacen","MES","Servicios y rentas"
3463,"SERV-0876","Renta bomba concreto estacionaria dia","Estacionaria","DIA","Servicios y rentas"
3472,"SERV-0885","Renta bomba lodos dia","Agua solidos","DIA","Servicios y rentas"
3471,"SERV-0884","Renta bomba sumergible dia","Achique","DIA","Servicios y rentas"
3437,"SERV-0850","Renta camion volteo 14 m3 dia","Caja grande","DIA","Servicios y rentas"
3436,"SERV-0849","Renta camion volteo 7 m3 dia","7 metros cubicos","DIA","Servicios y rentas"
3439,"SERV-0852","Renta camion volteo mensual","Con operador","MES","Servicios y rentas"
3438,"SERV-0851","Renta camion volteo por viaje","Pago viaje","VIAJE","Servicios y rentas"
3445,"SERV-0858","Renta camioneta pick up dia","Apoyo","DIA","Servicios y rentas"
3446,"SERV-0859","Renta camioneta pick up mes","Mensual","MES","Servicios y rentas"
3428,"SERV-0841","Renta cargador frontal 950 con operador dia","3 yd3","DIA","Servicios y rentas"
3429,"SERV-0842","Renta cargador frontal 966 con operador dia","4 yd3","DIA","Servicios y rentas"
3430,"SERV-0843","Renta cargador frontal mensual","Con operador","MES","Servicios y rentas"
3481,"SERV-0894","Renta comedor movil mes","Contenedor comedor","MES","Servicios y rentas"
3425,"SERV-0838","Renta compactador doble rodillo dia","Doble tambor","DIA","Servicios y rentas"
3458,"SERV-0871","Renta compresor aire 185 CFM dia","Neumatica","DIA","Servicios y rentas"
3459,"SERV-0872","Renta compresor aire 375 CFM dia","Grande","DIA","Servicios y rentas"
3460,"SERV-0873","Renta compresor mensual","Continuo","MES","Servicios y rentas"
3466,"SERV-0879","Renta cortadora piso dia","Pavimentos","DIA","Servicios y rentas"
4668,"SERV-2081","RENTA DE RETRO PARA LIMPIEZAS","RENTA DE RETRO PARA LIMPIEZAS","SERVICIO","Servicios y rentas"
3416,"SERV-0829","Renta excavadora 320 con operador dia","20 ton","DIA","Servicios y rentas"
3417,"SERV-0830","Renta excavadora 320 mensual","20 ton mensual","MES","Servicios y rentas"
3418,"SERV-0831","Renta excavadora 336 con operador dia","36 ton","DIA","Servicios y rentas"
3447,"SERV-0860","Renta grua hidraulica 15 ton dia","Maniobras","DIA","Servicios y rentas"
3448,"SERV-0861","Renta grua hidraulica 25 ton dia","Mayor capacidad","DIA","Servicios y rentas"
3449,"SERV-0862","Renta grua hidraulica 50 ton dia","Grande","DIA","Servicios y rentas"
3450,"SERV-0863","Renta grua titan 80 ton dia","Especiales","DIA","Servicios y rentas"
3478,"SERV-0891","Renta lavamanos portatil semanal","Lavamanos","SEMANA","Servicios y rentas"
3462,"SERV-0875","Renta martillo hidraulico retro dia","Para retro","DIA","Servicios y rentas"
3461,"SERV-0874","Renta martillo neumatico 90 lb dia","Rompedor","DIA","Servicios y rentas"
3431,"SERV-0844","Renta minicargador Bobcat con operador dia","Multifuncional","DIA","Servicios y rentas"
3432,"SERV-0845","Renta minicargador mensual","Con operador","MES","Servicios y rentas"
3419,"SERV-0832","Renta miniexcavadora con operador dia","Compacta","DIA","Servicios y rentas"
3420,"SERV-0833","Renta motoconformadora con operador dia","Motoniveladora","DIA","Servicios y rentas"
3421,"SERV-0834","Renta motoconformadora mensual","Con operador","MES","Servicios y rentas"
3479,"SERV-0892","Renta oficina movil 6x2.4m mes","Contenedor oficina","MES","Servicios y rentas"
3440,"SERV-0853","Renta pipa agua 10,000 L dia","Riego","DIA","Servicios y rentas"
3441,"SERV-0854","Renta pipa agua 20,000 L dia","Grande","DIA","Servicios y rentas"
3442,"SERV-0855","Renta pipa agua por viaje","Pago viaje","VIAJE","Servicios y rentas"
3434,"SERV-0847","Renta placa vibratoria dia","Compactador placa","DIA","Servicios y rentas"
3453,"SERV-0866","Renta planta luz 100 KVA dia","Grande","DIA","Servicios y rentas"
3451,"SERV-0864","Renta planta luz 20 KVA dia","Herramienta","DIA","Servicios y rentas"
3454,"SERV-0867","Renta planta luz 250 KVA dia","Industrial","DIA","Servicios y rentas"
3452,"SERV-0865","Renta planta luz 50 KVA dia","Mediano","DIA","Servicios y rentas"
3455,"SERV-0868","Renta planta luz mensual","Generador","MES","Servicios y rentas"
3469,"SERV-0882","Renta regla vibratoria dia","Vibradora","DIA","Servicios y rentas"
3413,"SERV-0826","Renta retroexcavadora con operador dia","Case 580","DIA","Servicios y rentas"
3415,"SERV-0828","Renta retroexcavadora mensual","Con operador","MES","Servicios y rentas"
3414,"SERV-0827","Renta retroexcavadora sin operador dia","Solo maquina","DIA","Servicios y rentas"
3467,"SERV-0880","Renta revolvedora 1 saco dia","Mezcladora","DIA","Servicios y rentas"
3468,"SERV-0881","Renta revolvedora 2 sacos dia","Grande","DIA","Servicios y rentas"
3435,"SERV-0848","Renta rodillo compactador manual dia","Vibratorio","DIA","Servicios y rentas"
3476,"SERV-0889","Renta sanitario portatil mensual","Baño mensual","MES","Servicios y rentas"
3475,"SERV-0888","Renta sanitario portatil semanal","Baño portatil","SEMANA","Servicios y rentas"
3473,"SERV-0886","Renta soldadora inversor dia","Portatil","DIA","Servicios y rentas"
3474,"SERV-0887","Renta soldadora MIG dia","Semiautomatica","DIA","Servicios y rentas"
3456,"SERV-0869","Renta torre iluminacion dia","LED","DIA","Servicios y rentas"
3457,"SERV-0870","Renta torre iluminacion mes","Mensual","MES","Servicios y rentas"
3443,"SERV-0856","Renta tractocamion cama baja viaje","Transporte maq","VIAJE","Servicios y rentas"
3444,"SERV-0857","Renta tractocamion gondola viaje","Transporte agregados","VIAJE","Servicios y rentas"
3426,"SERV-0839","Renta tractor D6 con operador dia","Orugas","DIA","Servicios y rentas"
3427,"SERV-0840","Renta tractor D8 con operador dia","Grande","DIA","Servicios y rentas"
3465,"SERV-0878","Renta vibrador concreto dia","Con chicote","DIA","Servicios y rentas"
3422,"SERV-0835","Renta vibrocompactador liso con operador dia","Rodillo liso","DIA","Servicios y rentas"
3424,"SERV-0837","Renta vibrocompactador mensual","Con operador","MES","Servicios y rentas"
3423,"SERV-0836","Renta vibrocompactador pata cabra dia","Rodillo pata","DIA","Servicios y rentas"
5046,"SERV-2459","REPARACION DE MANGUERA DEL ROTOMARTILLO","REPARACION DE MANGUERA DEL ROTOMARTILLO","PIEZA","Servicios y rentas"
5069,"SERV-2482","SANITARIO PORTATIL","SANITARIO PORTATIL","PIEZA","Servicios y rentas"
5040,"SERV-2453","SELLADO Y CALAFATEO DE PISOS ESTAMPADOS","SELLADO Y CALAFATEO DE PISOS ESTAMPADOS","PIEZA","Servicios y rentas"
3485,"SERV-0898","Servicio cubicacion terracerias","Medicion volumenes","SERVICIO","Servicios y rentas"
4672,"SERV-2085","SERVICIO DE OPERADOR SEM 45","SERVICIO DE OPERADOR SEM 45","SERVICIO","Servicios y rentas"
4676,"SERV-2089","SERVICIO DE VELADOR SEM 46","SERVICIO DE VELADOR SEM 46","SERVICIO","Servicios y rentas"
4391,"SERV-1804","Servicio especializado -105","Servicio de obra","SERVICIO","Servicios y rentas"
4381,"SERV-1794","Servicio especializado -115","Servicio de obra","SERVICIO","Servicios y rentas"
4371,"SERV-1784","Servicio especializado -125","Servicio de obra","SERVICIO","Servicios y rentas"
4361,"SERV-1774","Servicio especializado -135","Servicio de obra","SERVICIO","Servicios y rentas"
4351,"SERV-1764","Servicio especializado -145","Servicio de obra","SERVICIO","Servicios y rentas"
4481,"SERV-1894","Servicio especializado -15","Servicio de obra","SERVICIO","Servicios y rentas"
4341,"SERV-1754","Servicio especializado -155","Servicio de obra","SERVICIO","Servicios y rentas"
4331,"SERV-1744","Servicio especializado -165","Servicio de obra","SERVICIO","Servicios y rentas"
4321,"SERV-1734","Servicio especializado -175","Servicio de obra","SERVICIO","Servicios y rentas"
4311,"SERV-1724","Servicio especializado -185","Servicio de obra","SERVICIO","Servicios y rentas"
4301,"SERV-1714","Servicio especializado -195","Servicio de obra","SERVICIO","Servicios y rentas"
4291,"SERV-1704","Servicio especializado -205","Servicio de obra","SERVICIO","Servicios y rentas"
4281,"SERV-1694","Servicio especializado -215","Servicio de obra","SERVICIO","Servicios y rentas"
4271,"SERV-1684","Servicio especializado -225","Servicio de obra","SERVICIO","Servicios y rentas"
4261,"SERV-1674","Servicio especializado -235","Servicio de obra","SERVICIO","Servicios y rentas"
4251,"SERV-1664","Servicio especializado -245","Servicio de obra","SERVICIO","Servicios y rentas"
4471,"SERV-1884","Servicio especializado -25","Servicio de obra","SERVICIO","Servicios y rentas"
4241,"SERV-1654","Servicio especializado -255","Servicio de obra","SERVICIO","Servicios y rentas"
4231,"SERV-1644","Servicio especializado -265","Servicio de obra","SERVICIO","Servicios y rentas"
4221,"SERV-1634","Servicio especializado -275","Servicio de obra","SERVICIO","Servicios y rentas"
4211,"SERV-1624","Servicio especializado -285","Servicio de obra","SERVICIO","Servicios y rentas"
4201,"SERV-1614","Servicio especializado -295","Servicio de obra","SERVICIO","Servicios y rentas"
4191,"SERV-1604","Servicio especializado -305","Servicio de obra","SERVICIO","Servicios y rentas"
4181,"SERV-1594","Servicio especializado -315","Servicio de obra","SERVICIO","Servicios y rentas"
4171,"SERV-1584","Servicio especializado -325","Servicio de obra","SERVICIO","Servicios y rentas"
4161,"SERV-1574","Servicio especializado -335","Servicio de obra","SERVICIO","Servicios y rentas"
4151,"SERV-1564","Servicio especializado -345","Servicio de obra","SERVICIO","Servicios y rentas"
4461,"SERV-1874","Servicio especializado -35","Servicio de obra","SERVICIO","Servicios y rentas"
4141,"SERV-1554","Servicio especializado -355","Servicio de obra","SERVICIO","Servicios y rentas"
4131,"SERV-1544","Servicio especializado -365","Servicio de obra","SERVICIO","Servicios y rentas"
4121,"SERV-1534","Servicio especializado -375","Servicio de obra","SERVICIO","Servicios y rentas"
4111,"SERV-1524","Servicio especializado -385","Servicio de obra","SERVICIO","Servicios y rentas"
4101,"SERV-1514","Servicio especializado -395","Servicio de obra","SERVICIO","Servicios y rentas"
4091,"SERV-1504","Servicio especializado -405","Servicio de obra","SERVICIO","Servicios y rentas"
4081,"SERV-1494","Servicio especializado -415","Servicio de obra","SERVICIO","Servicios y rentas"
4071,"SERV-1484","Servicio especializado -425","Servicio de obra","SERVICIO","Servicios y rentas"
4061,"SERV-1474","Servicio especializado -435","Servicio de obra","SERVICIO","Servicios y rentas"
4051,"SERV-1464","Servicio especializado -445","Servicio de obra","SERVICIO","Servicios y rentas"
4451,"SERV-1864","Servicio especializado -45","Servicio de obra","SERVICIO","Servicios y rentas"
4041,"SERV-1454","Servicio especializado -455","Servicio de obra","SERVICIO","Servicios y rentas"
4031,"SERV-1444","Servicio especializado -465","Servicio de obra","SERVICIO","Servicios y rentas"
4021,"SERV-1434","Servicio especializado -475","Servicio de obra","SERVICIO","Servicios y rentas"
4011,"SERV-1424","Servicio especializado -485","Servicio de obra","SERVICIO","Servicios y rentas"
4001,"SERV-1414","Servicio especializado -495","Servicio de obra","SERVICIO","Servicios y rentas"
4491,"SERV-1904","Servicio especializado -5","Servicio de obra","SERVICIO","Servicios y rentas"
3991,"SERV-1404","Servicio especializado -505","Servicio de obra","SERVICIO","Servicios y rentas"
3981,"SERV-1394","Servicio especializado -515","Servicio de obra","SERVICIO","Servicios y rentas"
3971,"SERV-1384","Servicio especializado -525","Servicio de obra","SERVICIO","Servicios y rentas"
3961,"SERV-1374","Servicio especializado -535","Servicio de obra","SERVICIO","Servicios y rentas"
3951,"SERV-1364","Servicio especializado -545","Servicio de obra","SERVICIO","Servicios y rentas"
4441,"SERV-1854","Servicio especializado -55","Servicio de obra","SERVICIO","Servicios y rentas"
3941,"SERV-1354","Servicio especializado -555","Servicio de obra","SERVICIO","Servicios y rentas"
3931,"SERV-1344","Servicio especializado -565","Servicio de obra","SERVICIO","Servicios y rentas"
3921,"SERV-1334","Servicio especializado -575","Servicio de obra","SERVICIO","Servicios y rentas"
3911,"SERV-1324","Servicio especializado -585","Servicio de obra","SERVICIO","Servicios y rentas"
3901,"SERV-1314","Servicio especializado -595","Servicio de obra","SERVICIO","Servicios y rentas"
3891,"SERV-1304","Servicio especializado -605","Servicio de obra","SERVICIO","Servicios y rentas"
3881,"SERV-1294","Servicio especializado -615","Servicio de obra","SERVICIO","Servicios y rentas"
3871,"SERV-1284","Servicio especializado -625","Servicio de obra","SERVICIO","Servicios y rentas"
3861,"SERV-1274","Servicio especializado -635","Servicio de obra","SERVICIO","Servicios y rentas"
3851,"SERV-1264","Servicio especializado -645","Servicio de obra","SERVICIO","Servicios y rentas"
4431,"SERV-1844","Servicio especializado -65","Servicio de obra","SERVICIO","Servicios y rentas"
3841,"SERV-1254","Servicio especializado -655","Servicio de obra","SERVICIO","Servicios y rentas"
3831,"SERV-1244","Servicio especializado -665","Servicio de obra","SERVICIO","Servicios y rentas"
3821,"SERV-1234","Servicio especializado -675","Servicio de obra","SERVICIO","Servicios y rentas"
3811,"SERV-1224","Servicio especializado -685","Servicio de obra","SERVICIO","Servicios y rentas"
3801,"SERV-1214","Servicio especializado -695","Servicio de obra","SERVICIO","Servicios y rentas"
3791,"SERV-1204","Servicio especializado -705","Servicio de obra","SERVICIO","Servicios y rentas"
3781,"SERV-1194","Servicio especializado -715","Servicio de obra","SERVICIO","Servicios y rentas"
3771,"SERV-1184","Servicio especializado -725","Servicio de obra","SERVICIO","Servicios y rentas"
3761,"SERV-1174","Servicio especializado -735","Servicio de obra","SERVICIO","Servicios y rentas"
3751,"SERV-1164","Servicio especializado -745","Servicio de obra","SERVICIO","Servicios y rentas"
4421,"SERV-1834","Servicio especializado -75","Servicio de obra","SERVICIO","Servicios y rentas"
3741,"SERV-1154","Servicio especializado -755","Servicio de obra","SERVICIO","Servicios y rentas"
3731,"SERV-1144","Servicio especializado -765","Servicio de obra","SERVICIO","Servicios y rentas"
3721,"SERV-1134","Servicio especializado -775","Servicio de obra","SERVICIO","Servicios y rentas"
3711,"SERV-1124","Servicio especializado -785","Servicio de obra","SERVICIO","Servicios y rentas"
3701,"SERV-1114","Servicio especializado -795","Servicio de obra","SERVICIO","Servicios y rentas"
3691,"SERV-1104","Servicio especializado -805","Servicio de obra","SERVICIO","Servicios y rentas"
3681,"SERV-1094","Servicio especializado -815","Servicio de obra","SERVICIO","Servicios y rentas"
3671,"SERV-1084","Servicio especializado -825","Servicio de obra","SERVICIO","Servicios y rentas"
3661,"SERV-1074","Servicio especializado -835","Servicio de obra","SERVICIO","Servicios y rentas"
3651,"SERV-1064","Servicio especializado -845","Servicio de obra","SERVICIO","Servicios y rentas"
4411,"SERV-1824","Servicio especializado -85","Servicio de obra","SERVICIO","Servicios y rentas"
3641,"SERV-1054","Servicio especializado -855","Servicio de obra","SERVICIO","Servicios y rentas"
3631,"SERV-1044","Servicio especializado -865","Servicio de obra","SERVICIO","Servicios y rentas"
3621,"SERV-1034","Servicio especializado -875","Servicio de obra","SERVICIO","Servicios y rentas"
3611,"SERV-1024","Servicio especializado -885","Servicio de obra","SERVICIO","Servicios y rentas"
3601,"SERV-1014","Servicio especializado -895","Servicio de obra","SERVICIO","Servicios y rentas"
3591,"SERV-1004","Servicio especializado -905","Servicio de obra","SERVICIO","Servicios y rentas"
3581,"SERV-0994","Servicio especializado -915","Servicio de obra","SERVICIO","Servicios y rentas"
3571,"SERV-0984","Servicio especializado -925","Servicio de obra","SERVICIO","Servicios y rentas"
3561,"SERV-0974","Servicio especializado -935","Servicio de obra","SERVICIO","Servicios y rentas"
3551,"SERV-0964","Servicio especializado -945","Servicio de obra","SERVICIO","Servicios y rentas"
4401,"SERV-1814","Servicio especializado -95","Servicio de obra","SERVICIO","Servicios y rentas"
4511,"SERV-1924","Servicio especializado 15","Servicio de obra","SERVICIO","Servicios y rentas"
4521,"SERV-1934","Servicio especializado 25","Servicio de obra","SERVICIO","Servicios y rentas"
4531,"SERV-1944","Servicio especializado 35","Servicio de obra","SERVICIO","Servicios y rentas"
4541,"SERV-1954","Servicio especializado 45","Servicio de obra","SERVICIO","Servicios y rentas"
4501,"SERV-1914","Servicio especializado 5","Servicio de obra","SERVICIO","Servicios y rentas"
4551,"SERV-1964","Servicio especializado 55","Servicio de obra","SERVICIO","Servicios y rentas"
4561,"SERV-1974","Servicio especializado 65","Servicio de obra","SERVICIO","Servicios y rentas"
4571,"SERV-1984","Servicio especializado 75","Servicio de obra","SERVICIO","Servicios y rentas"
4581,"SERV-1994","Servicio especializado 85","Servicio de obra","SERVICIO","Servicios y rentas"
3492,"SERV-0905","Servicio laboratorio CBR","Valor soporte","PRUEBA","Servicios y rentas"
3489,"SERV-0902","Servicio laboratorio cilindros concreto","Muestreo ensaye","JUEGO","Servicios y rentas"
3488,"SERV-0901","Servicio laboratorio diseño mezcla concreto","Diseño fc","SERVICIO","Servicios y rentas"
3494,"SERV-0907","Servicio laboratorio extraccion nucleos","Extraccion y ensaye","NUCLEO","Servicios y rentas"
3490,"SERV-0903","Servicio laboratorio granulometria","Curva granulometrica","PRUEBA","Servicios y rentas"
3491,"SERV-0904","Servicio laboratorio limites Atterberg","Limites plasticidad","PRUEBA","Servicios y rentas"
3487,"SERV-0900","Servicio laboratorio prueba compactacion","Verificacion campo","PRUEBA","Servicios y rentas"
3493,"SERV-0906","Servicio laboratorio prueba Marshall","Estabilidad asfalto","PRUEBA","Servicios y rentas"
3486,"SERV-0899","Servicio laboratorio prueba Proctor","Densidad maxima","PRUEBA","Servicios y rentas"
3477,"SERV-0890","Servicio limpieza sanitario","Limpieza y succion","SERVICIO","Servicios y rentas"
3484,"SERV-0897","Servicio topografia control obra mes","Control permanente","MES","Servicios y rentas"
3482,"SERV-0895","Servicio topografia levantamiento","Levantamiento topografico","HECTAREA","Servicios y rentas"
3483,"SERV-0896","Servicio topografia trazo y nivelacion dia","Trazo ejes","DIA","Servicios y rentas"
5032,"SERV-2445","SUMINISTRO Y TENDIDO DE CARPETA ASFALTICA","SUMINISTRO Y TENDIDO DE CARPETA ASFALTICA","PIEZA","Servicios y rentas"
5044,"SERV-2457","SUMINISTTROS Y ACARREOS DE ESCOMBRO Y TEPETATE","SUMINISTTROS Y ACARREOS DE ESCOMBRO Y TEPETATE","PIEZA","Servicios y rentas"
5045,"SERV-2458","TALACHE DE LLANTA VIBRO SERV A DOMICILIO","TALACHE DE LLANTA VIBRO SERV A DOMICILIO","PIEZA","Servicios y rentas"
4682,"SERV-2095","TRABAJO DIA SABADO 15 NOV Y 2 HRS EXTRA","TRABAJO DIA SABADO 15 NOV Y 2 HRS EXTRA","SERVICIO","Servicios y rentas"
4670,"SERV-2083","TRABAJOS DE TERRACERIAS","TRABAJOS DE TERRACERIAS","SERVICIO","Servicios y rentas"
5033,"SERV-2446","TRABAJOS DE TOPOGRAFIA","TRABAJOS DE TOPOGRAFIA","SERVICIO","Servicios y rentas"
5067,"SERV-2480","TRASLADO DE ANGEL A OBRA DEL PARQUE POR LA FRONTIER CARGADA","TRASLADO DE ANGEL A OBRA DEL PARQUE POR LA FRONTIER CARGADA","PIEZA","Servicios y rentas"
5063,"SERV-2476","VALE 17784 POR 73 M3","VALE 17784 POR 73 M3","METRO_CUBICO","Servicios y rentas"
5062,"SERV-2475","VALES17775 POR 476 M3 Y VALE 17792 POR 109 M3","VALES17775 POR 476 M3 Y VALE 17792 POR 109 M3","METRO_CUBICO","Servicios y rentas"
5026,"SERV-2439","VIAJES DE ESCOMBRO EN CAMION DE 14M3","VIAJES DE ESCOMBRO EN CAMION DE 14M3","METRO_CUBICO","Servicios y rentas"
5025,"SERV-2438","VIAJES DE TEPETATE EN CAMION DE 14M3","VIAJES DE TEPETATE EN CAMION DE 14M3","METRO_CUBICO","Servicios y rentas"
5024,"SERV-2437","VIAJES ESCOMBRO EN CAMION DE 14M3","VIAJES ESCOMBRO EN CAMION DE 14M3","METRO_CUBICO","Servicios y rentas"
5928,"TABL-0034","Aislante fibra vidrio rollo 15m2","R11","ROLLO","Tablaroca y plafones"
5925,"TABL-0031","Alambre galvanizado para colgar","Calibre 18","ROLLO","Tablaroca y plafones"
5905,"TABL-0011","Canal metalico 2-1/2 x 3m","Cal 26","PIEZA","Tablaroca y plafones"
5904,"TABL-0010","Canal metalico 3-5/8 x 3m","Cal 26","PIEZA","Tablaroca y plafones"
5933,"TABL-0039","Charola para compuesto","Acero inox","PIEZA","Tablaroca y plafones"
5907,"TABL-0013","Cinta de papel para juntas rollo 75m","Refuerzo","ROLLO","Tablaroca y plafones"
5908,"TABL-0014","Cinta malla fibra vidrio rollo 90m","Autoadhesiva","ROLLO","Tablaroca y plafones"
5927,"TABL-0033","Clavo pistola para concreto caja 100","2.5 pulgadas","CAJA","Tablaroca y plafones"
5912,"TABL-0018","Compuesto en polvo 20kg","Para mezclar","SACO","Tablaroca y plafones"
5910,"TABL-0016","Compuesto para juntas 14kg","Listo para usar","CUBETA","Tablaroca y plafones"
5911,"TABL-0017","Compuesto para juntas 28kg","Listo para usar","CUBETA","Tablaroca y plafones"
5909,"TABL-0015","Compuesto para juntas 5kg","Listo para usar","CUBETA","Tablaroca y plafones"
5934,"TABL-0040","Cortador tablaroca con cuchilla","Profesional","PIEZA","Tablaroca y plafones"
5931,"TABL-0037","Espatula para tablaroca 10 pulgadas","Flexible","PIEZA","Tablaroca y plafones"
5932,"TABL-0038","Espatula para tablaroca 12 pulgadas","Flexible","PIEZA","Tablaroca y plafones"
5930,"TABL-0036","Espatula para tablaroca 6 pulgadas","Flexible","PIEZA","Tablaroca y plafones"
5914,"TABL-0020","Esquinero flexible plastico 3m","Curvas","PIEZA","Tablaroca y plafones"
5913,"TABL-0019","Esquinero metalico 3m","Angulo","PIEZA","Tablaroca y plafones"
5926,"TABL-0032","Gancho para plafon","Clip","PIEZA","Tablaroca y plafones"
5900,"TABL-0006","Panel de cemite 1/2 pulgada 1.22x2.44","Exterior","PIEZA","Tablaroca y plafones"
5901,"TABL-0007","Panel de cemite 5/8 pulgada 1.22x2.44","Exterior","PIEZA","Tablaroca y plafones"
5906,"TABL-0012","Perfil angular 1x1 pulgada 3m","Esquinero","PIEZA","Tablaroca y plafones"
5924,"TABL-0030","Perfil perimetral plafon 3m","Angulo pared","PIEZA","Tablaroca y plafones"
5921,"TABL-0027","Perfil principal plafon 3.6m","T principal","PIEZA","Tablaroca y plafones"
5923,"TABL-0029","Perfil secundario plafon 0.6m","T cruce","PIEZA","Tablaroca y plafones"
5922,"TABL-0028","Perfil secundario plafon 1.2m","T cruce","PIEZA","Tablaroca y plafones"
5918,"TABL-0024","Plafon fibra mineral 60x60 caja 12","Acustico","CAJA","Tablaroca y plafones"
5919,"TABL-0025","Plafon PVC 60x60","Lavable","PIEZA","Tablaroca y plafones"
5920,"TABL-0026","Plafon tablaroca 60x60","Liso","PIEZA","Tablaroca y plafones"
5903,"TABL-0009","Poste metalico 2-1/2 x 3m","Cal 26","PIEZA","Tablaroca y plafones"
5902,"TABL-0008","Poste metalico 3-5/8 x 3m","Cal 26","PIEZA","Tablaroca y plafones"
5895,"TABL-0001","Tablaroca regular 1/2 pulgada 1.22x2.44","Estandar","PIEZA","Tablaroca y plafones"
5896,"TABL-0002","Tablaroca regular 5/8 pulgada 1.22x2.44","Estandar","PIEZA","Tablaroca y plafones"
5898,"TABL-0004","Tablaroca resistente fuego 5/8 pulgada","Tipo X","PIEZA","Tablaroca y plafones"
5897,"TABL-0003","Tablaroca resistente humedad 1/2 pulgada","Verde","PIEZA","Tablaroca y plafones"
5899,"TABL-0005","Tablaroca ultraligera 1/2 pulgada","Facil manejo","PIEZA","Tablaroca y plafones"
5915,"TABL-0021","Tornillo tablaroca 1 pulgada caja 1000","Punta fina","CAJA","Tablaroca y plafones"
5916,"TABL-0022","Tornillo tablaroca 1-1/4 pulgada caja 1000","Punta fina","CAJA","Tablaroca y plafones"
5917,"TABL-0023","Tornillo tablaroca 1-5/8 pulgada caja 1000","Punta fina","CAJA","Tablaroca y plafones"
5335,"TECH-0011","Adaptador HDMI a VGA","Convertidor","PIEZA","Tecnologia"
5336,"TECH-0012","Adaptador USB-C a HDMI","Para laptop","PIEZA","Tecnologia"
5352,"TECH-0028","Audifonos con microfono 3.5mm","Jack estandar","PIEZA","Tecnologia"
5351,"TECH-0027","Audifonos con microfono USB","Para PC","PIEZA","Tecnologia"
5353,"TECH-0029","Bocinas para PC USB","2.0 canales","PIEZA","Tecnologia"
5333,"TECH-0009","Cable de red Cat6 10m","Ethernet RJ45","PIEZA","Tecnologia"
5331,"TECH-0007","Cable de red Cat6 2m","Ethernet RJ45","PIEZA","Tecnologia"
5332,"TECH-0008","Cable de red Cat6 5m","Ethernet RJ45","PIEZA","Tecnologia"
5330,"TECH-0006","Cable HDMI 5m","4K compatible","PIEZA","Tecnologia"
5326,"TECH-0002","Cable USB-A a Lightning 1m","Para iPhone","PIEZA","Tecnologia"
5327,"TECH-0003","Cable USB-A a Micro USB 1m","Carga y datos","PIEZA","Tecnologia"
5325,"TECH-0001","Cable USB-A a USB-C 1m","Carga y datos","PIEZA","Tecnologia"
5328,"TECH-0004","Cable USB-C a USB-C 1m","Carga rapida","PIEZA","Tecnologia"
5334,"TECH-0010","Cable VGA 2m","Para monitor","PIEZA","Tecnologia"
5354,"TECH-0030","Cargador USB pared 2 puertos","5V 2A","PIEZA","Tecnologia"
5355,"TECH-0031","Cargador USB-C pared 20W","Carga rapida","PIEZA","Tecnologia"
5346,"TECH-0022","Combo teclado y mouse inalambrico","Kit","PIEZA","Tecnologia"
5358,"TECH-0034","Disco duro externo 1TB","USB 3.0","PIEZA","Tecnologia"
5359,"TECH-0035","Disco duro externo 2TB","USB 3.0","PIEZA","Tecnologia"
5362,"TECH-0038","Funda laptop 14 pulgadas","Neopreno","PIEZA","Tecnologia"
5337,"TECH-0013","Hub USB 4 puertos","USB 3.0","PIEZA","Tecnologia"
5360,"TECH-0036","Lector de memorias SD/MicroSD","USB","PIEZA","Tecnologia"
5364,"TECH-0040","Limpiador pantallas 250ml","Con microfibra","PIEZA","Tecnologia"
5341,"TECH-0017","Memoria USB 128GB","USB 3.0","PIEZA","Tecnologia"
5338,"TECH-0014","Memoria USB 16GB","USB 3.0","PIEZA","Tecnologia"
5340,"TECH-0016","Memoria USB 64GB","USB 3.0","PIEZA","Tecnologia"
5342,"TECH-0018","Mouse alambrico USB","Optico","PIEZA","Tecnologia"
5343,"TECH-0019","Mouse inalambrico","Con receptor USB","PIEZA","Tecnologia"
5347,"TECH-0023","Mousepad basico","Superficie lisa","PIEZA","Tecnologia"
5348,"TECH-0024","Mousepad con descansa munecas","Ergonomico","PIEZA","Tecnologia"
5356,"TECH-0032","Power bank 10000mAh","Bateria portatil","PIEZA","Tecnologia"
5357,"TECH-0033","Power bank 20000mAh","Bateria portatil","PIEZA","Tecnologia"
5361,"TECH-0037","Protector de pantalla laptop 14 pulgadas","Antirreflejante","PIEZA","Tecnologia"
5363,"TECH-0039","Soporte laptop ajustable","Aluminio","PIEZA","Tecnologia"
5344,"TECH-0020","Teclado alambrico USB","Español","PIEZA","Tecnologia"
5345,"TECH-0021","Teclado inalambrico","Con receptor USB","PIEZA","Tecnologia"
5350,"TECH-0026","Webcam Full HD 1080p","Con microfono","PIEZA","Tecnologia"
5349,"TECH-0025","Webcam HD 720p","Con microfono","PIEZA","Tecnologia"
5719,"TORN-0045","Abrazadera metalica 1 pulgada caja 50","Sin fin","CAJA","Tornilleria"
5720,"TORN-0046","Abrazadera metalica 2 pulgadas caja 25","Sin fin","CAJA","Tornilleria"
5721,"TORN-0047","Abrazadera omega 1/2 pulgada caja 100","Para tubo","CAJA","Tornilleria"
5722,"TORN-0048","Abrazadera omega 3/4 pulgada caja 100","Para tubo","CAJA","Tornilleria"
5717,"TORN-0043","Alcayata 2 pulgadas","Para colgar","PIEZA","Tornilleria"
5708,"TORN-0034","Ancla de golpe 1/4x2 caja 100","Fijacion rapida","CAJA","Tornilleria"
5709,"TORN-0035","Ancla de golpe 3/8x3 caja 50","Fijacion rapida","CAJA","Tornilleria"
5716,"TORN-0042","Armella abierta 2 pulgadas","Gancho","PIEZA","Tornilleria"
5715,"TORN-0041","Armella cerrada 2 pulgadas","Para colgar","PIEZA","Tornilleria"
5718,"TORN-0044","Grapa para cable 1/2 pulgada caja 100","Fijacion","CAJA","Tornilleria"
5711,"TORN-0037","Pija broca 10x1.5 caja 100","Para lamina","CAJA","Tornilleria"
5710,"TORN-0036","Pija broca 8x1 caja 100","Para lamina","CAJA","Tornilleria"
5712,"TORN-0038","Remache pop 1/8x1/2 caja 500","Aluminio","CAJA","Tornilleria"
5714,"TORN-0040","Remache pop 3/16x1/2 caja 500","Aluminio","CAJA","Tornilleria"
5713,"TORN-0039","Remache pop 5/32x1/2 caja 500","Aluminio","CAJA","Tornilleria"
5699,"TORN-0025","Rondana de presion 1/4 caja 100","Galvanizada","CAJA","Tornilleria"
5700,"TORN-0026","Rondana de presion 3/8 caja 100","Galvanizada","CAJA","Tornilleria"
5698,"TORN-0024","Rondana plana 1/2 caja 50","Galvanizada","CAJA","Tornilleria"
5695,"TORN-0021","Rondana plana 1/4 caja 100","Galvanizada","CAJA","Tornilleria"
5697,"TORN-0023","Rondana plana 3/8 caja 100","Galvanizada","CAJA","Tornilleria"
5696,"TORN-0022","Rondana plana 5/16 caja 100","Galvanizada","CAJA","Tornilleria"
5707,"TORN-0033","Taquete de expansion 1/2 caja 25","Para concreto","CAJA","Tornilleria"
5705,"TORN-0031","Taquete de expansion 1/4 caja 50","Para concreto","CAJA","Tornilleria"
5706,"TORN-0032","Taquete de expansion 3/8 caja 25","Para concreto","CAJA","Tornilleria"
5703,"TORN-0029","Taquete plastico No.10 bolsa 100","Con tornillo","BOLSA","Tornilleria"
5704,"TORN-0030","Taquete plastico No.12 bolsa 50","Con tornillo","BOLSA","Tornilleria"
5701,"TORN-0027","Taquete plastico No.6 bolsa 100","Con tornillo","BOLSA","Tornilleria"
5683,"TORN-0009","Tornillo estructural 1/4x1 caja 100","Grado 5","CAJA","Tornilleria"
5684,"TORN-0010","Tornillo estructural 1/4x2 caja 100","Grado 5","CAJA","Tornilleria"
5686,"TORN-0012","Tornillo estructural 3/8x2 caja 50","Grado 5","CAJA","Tornilleria"
5685,"TORN-0011","Tornillo estructural 5/16x1.5 caja 100","Grado 5","CAJA","Tornilleria"
5690,"TORN-0016","Tornillo hexagonal 1/2x2 caja 25","Galvanizado","CAJA","Tornilleria"
5687,"TORN-0013","Tornillo hexagonal 1/4x1 caja 100","Galvanizado","CAJA","Tornilleria"
5689,"TORN-0015","Tornillo hexagonal 3/8x2 caja 50","Galvanizado","CAJA","Tornilleria"
5688,"TORN-0014","Tornillo hexagonal 5/16x1.5 caja 100","Galvanizado","CAJA","Tornilleria"
5676,"TORN-0002","Tornillo pija 1.5 pulgadas caja 100","Para madera","CAJA","Tornilleria"
5678,"TORN-0004","Tornillo pija 2.5 pulgadas caja 100","Para madera","CAJA","Tornilleria"
5679,"TORN-0005","Tornillo pija 3 pulgadas caja 100","Para madera","CAJA","Tornilleria"
5680,"TORN-0006","Tornillo tablaroca 1 pulgada caja 100","Punta broca","CAJA","Tornilleria"
5681,"TORN-0007","Tornillo tablaroca 1.5 pulgadas caja 100","Punta broca","CAJA","Tornilleria"
5682,"TORN-0008","Tornillo tablaroca 2 pulgadas caja 100","Punta broca","CAJA","Tornilleria"
5694,"TORN-0020","Tuerca hexagonal 1/2 caja 50","Galvanizada","CAJA","Tornilleria"
5691,"TORN-0017","Tuerca hexagonal 1/4 caja 100","Galvanizada","CAJA","Tornilleria"
5693,"TORN-0019","Tuerca hexagonal 3/8 caja 100","Galvanizada","CAJA","Tornilleria"
5692,"TORN-0018","Tuerca hexagonal 5/16 caja 100","Galvanizada","CAJA","Tornilleria"
5723,"TORN-0049","Varilla roscada 1/4 x 1m","Galvanizada","PIEZA","Tornilleria"
5724,"TORN-0050","Varilla roscada 3/8 x 1m","Galvanizada","PIEZA","Tornilleria"
4386,"TUBE-1799","Accesorio tuberia -105","Conexion especial","PIEZA","Tuberias y conexiones"
4376,"TUBE-1789","Accesorio tuberia -115","Conexion especial","PIEZA","Tuberias y conexiones"
4366,"TUBE-1779","Accesorio tuberia -125","Conexion especial","PIEZA","Tuberias y conexiones"
4356,"TUBE-1769","Accesorio tuberia -135","Conexion especial","PIEZA","Tuberias y conexiones"
4346,"TUBE-1759","Accesorio tuberia -145","Conexion especial","PIEZA","Tuberias y conexiones"
4476,"TUBE-1889","Accesorio tuberia -15","Conexion especial","PIEZA","Tuberias y conexiones"
4336,"TUBE-1749","Accesorio tuberia -155","Conexion especial","PIEZA","Tuberias y conexiones"
4326,"TUBE-1739","Accesorio tuberia -165","Conexion especial","PIEZA","Tuberias y conexiones"
4316,"TUBE-1729","Accesorio tuberia -175","Conexion especial","PIEZA","Tuberias y conexiones"
4306,"TUBE-1719","Accesorio tuberia -185","Conexion especial","PIEZA","Tuberias y conexiones"
4296,"TUBE-1709","Accesorio tuberia -195","Conexion especial","PIEZA","Tuberias y conexiones"
4286,"TUBE-1699","Accesorio tuberia -205","Conexion especial","PIEZA","Tuberias y conexiones"
4276,"TUBE-1689","Accesorio tuberia -215","Conexion especial","PIEZA","Tuberias y conexiones"
4266,"TUBE-1679","Accesorio tuberia -225","Conexion especial","PIEZA","Tuberias y conexiones"
4256,"TUBE-1669","Accesorio tuberia -235","Conexion especial","PIEZA","Tuberias y conexiones"
4246,"TUBE-1659","Accesorio tuberia -245","Conexion especial","PIEZA","Tuberias y conexiones"
4466,"TUBE-1879","Accesorio tuberia -25","Conexion especial","PIEZA","Tuberias y conexiones"
4236,"TUBE-1649","Accesorio tuberia -255","Conexion especial","PIEZA","Tuberias y conexiones"
4226,"TUBE-1639","Accesorio tuberia -265","Conexion especial","PIEZA","Tuberias y conexiones"
4216,"TUBE-1629","Accesorio tuberia -275","Conexion especial","PIEZA","Tuberias y conexiones"
4206,"TUBE-1619","Accesorio tuberia -285","Conexion especial","PIEZA","Tuberias y conexiones"
4196,"TUBE-1609","Accesorio tuberia -295","Conexion especial","PIEZA","Tuberias y conexiones"
4186,"TUBE-1599","Accesorio tuberia -305","Conexion especial","PIEZA","Tuberias y conexiones"
4176,"TUBE-1589","Accesorio tuberia -315","Conexion especial","PIEZA","Tuberias y conexiones"
4166,"TUBE-1579","Accesorio tuberia -325","Conexion especial","PIEZA","Tuberias y conexiones"
4156,"TUBE-1569","Accesorio tuberia -335","Conexion especial","PIEZA","Tuberias y conexiones"
4146,"TUBE-1559","Accesorio tuberia -345","Conexion especial","PIEZA","Tuberias y conexiones"
4456,"TUBE-1869","Accesorio tuberia -35","Conexion especial","PIEZA","Tuberias y conexiones"
4136,"TUBE-1549","Accesorio tuberia -355","Conexion especial","PIEZA","Tuberias y conexiones"
4126,"TUBE-1539","Accesorio tuberia -365","Conexion especial","PIEZA","Tuberias y conexiones"
4116,"TUBE-1529","Accesorio tuberia -375","Conexion especial","PIEZA","Tuberias y conexiones"
4106,"TUBE-1519","Accesorio tuberia -385","Conexion especial","PIEZA","Tuberias y conexiones"
4096,"TUBE-1509","Accesorio tuberia -395","Conexion especial","PIEZA","Tuberias y conexiones"
4086,"TUBE-1499","Accesorio tuberia -405","Conexion especial","PIEZA","Tuberias y conexiones"
4076,"TUBE-1489","Accesorio tuberia -415","Conexion especial","PIEZA","Tuberias y conexiones"
4066,"TUBE-1479","Accesorio tuberia -425","Conexion especial","PIEZA","Tuberias y conexiones"
4056,"TUBE-1469","Accesorio tuberia -435","Conexion especial","PIEZA","Tuberias y conexiones"
4046,"TUBE-1459","Accesorio tuberia -445","Conexion especial","PIEZA","Tuberias y conexiones"
4446,"TUBE-1859","Accesorio tuberia -45","Conexion especial","PIEZA","Tuberias y conexiones"
4036,"TUBE-1449","Accesorio tuberia -455","Conexion especial","PIEZA","Tuberias y conexiones"
4026,"TUBE-1439","Accesorio tuberia -465","Conexion especial","PIEZA","Tuberias y conexiones"
4016,"TUBE-1429","Accesorio tuberia -475","Conexion especial","PIEZA","Tuberias y conexiones"
4006,"TUBE-1419","Accesorio tuberia -485","Conexion especial","PIEZA","Tuberias y conexiones"
3996,"TUBE-1409","Accesorio tuberia -495","Conexion especial","PIEZA","Tuberias y conexiones"
4486,"TUBE-1899","Accesorio tuberia -5","Conexion especial","PIEZA","Tuberias y conexiones"
3986,"TUBE-1399","Accesorio tuberia -505","Conexion especial","PIEZA","Tuberias y conexiones"
3976,"TUBE-1389","Accesorio tuberia -515","Conexion especial","PIEZA","Tuberias y conexiones"
3966,"TUBE-1379","Accesorio tuberia -525","Conexion especial","PIEZA","Tuberias y conexiones"
3956,"TUBE-1369","Accesorio tuberia -535","Conexion especial","PIEZA","Tuberias y conexiones"
3946,"TUBE-1359","Accesorio tuberia -545","Conexion especial","PIEZA","Tuberias y conexiones"
4436,"TUBE-1849","Accesorio tuberia -55","Conexion especial","PIEZA","Tuberias y conexiones"
3936,"TUBE-1349","Accesorio tuberia -555","Conexion especial","PIEZA","Tuberias y conexiones"
3926,"TUBE-1339","Accesorio tuberia -565","Conexion especial","PIEZA","Tuberias y conexiones"
3916,"TUBE-1329","Accesorio tuberia -575","Conexion especial","PIEZA","Tuberias y conexiones"
3906,"TUBE-1319","Accesorio tuberia -585","Conexion especial","PIEZA","Tuberias y conexiones"
3896,"TUBE-1309","Accesorio tuberia -595","Conexion especial","PIEZA","Tuberias y conexiones"
3886,"TUBE-1299","Accesorio tuberia -605","Conexion especial","PIEZA","Tuberias y conexiones"
3876,"TUBE-1289","Accesorio tuberia -615","Conexion especial","PIEZA","Tuberias y conexiones"
3866,"TUBE-1279","Accesorio tuberia -625","Conexion especial","PIEZA","Tuberias y conexiones"
3856,"TUBE-1269","Accesorio tuberia -635","Conexion especial","PIEZA","Tuberias y conexiones"
3846,"TUBE-1259","Accesorio tuberia -645","Conexion especial","PIEZA","Tuberias y conexiones"
4426,"TUBE-1839","Accesorio tuberia -65","Conexion especial","PIEZA","Tuberias y conexiones"
3836,"TUBE-1249","Accesorio tuberia -655","Conexion especial","PIEZA","Tuberias y conexiones"
3826,"TUBE-1239","Accesorio tuberia -665","Conexion especial","PIEZA","Tuberias y conexiones"
3816,"TUBE-1229","Accesorio tuberia -675","Conexion especial","PIEZA","Tuberias y conexiones"
3806,"TUBE-1219","Accesorio tuberia -685","Conexion especial","PIEZA","Tuberias y conexiones"
3796,"TUBE-1209","Accesorio tuberia -695","Conexion especial","PIEZA","Tuberias y conexiones"
3786,"TUBE-1199","Accesorio tuberia -705","Conexion especial","PIEZA","Tuberias y conexiones"
3776,"TUBE-1189","Accesorio tuberia -715","Conexion especial","PIEZA","Tuberias y conexiones"
3766,"TUBE-1179","Accesorio tuberia -725","Conexion especial","PIEZA","Tuberias y conexiones"
3756,"TUBE-1169","Accesorio tuberia -735","Conexion especial","PIEZA","Tuberias y conexiones"
3746,"TUBE-1159","Accesorio tuberia -745","Conexion especial","PIEZA","Tuberias y conexiones"
4416,"TUBE-1829","Accesorio tuberia -75","Conexion especial","PIEZA","Tuberias y conexiones"
3736,"TUBE-1149","Accesorio tuberia -755","Conexion especial","PIEZA","Tuberias y conexiones"
3726,"TUBE-1139","Accesorio tuberia -765","Conexion especial","PIEZA","Tuberias y conexiones"
3716,"TUBE-1129","Accesorio tuberia -775","Conexion especial","PIEZA","Tuberias y conexiones"
3706,"TUBE-1119","Accesorio tuberia -785","Conexion especial","PIEZA","Tuberias y conexiones"
3696,"TUBE-1109","Accesorio tuberia -795","Conexion especial","PIEZA","Tuberias y conexiones"
3686,"TUBE-1099","Accesorio tuberia -805","Conexion especial","PIEZA","Tuberias y conexiones"
3676,"TUBE-1089","Accesorio tuberia -815","Conexion especial","PIEZA","Tuberias y conexiones"
3666,"TUBE-1079","Accesorio tuberia -825","Conexion especial","PIEZA","Tuberias y conexiones"
3656,"TUBE-1069","Accesorio tuberia -835","Conexion especial","PIEZA","Tuberias y conexiones"
3646,"TUBE-1059","Accesorio tuberia -845","Conexion especial","PIEZA","Tuberias y conexiones"
4406,"TUBE-1819","Accesorio tuberia -85","Conexion especial","PIEZA","Tuberias y conexiones"
3636,"TUBE-1049","Accesorio tuberia -855","Conexion especial","PIEZA","Tuberias y conexiones"
3626,"TUBE-1039","Accesorio tuberia -865","Conexion especial","PIEZA","Tuberias y conexiones"
3616,"TUBE-1029","Accesorio tuberia -875","Conexion especial","PIEZA","Tuberias y conexiones"
3606,"TUBE-1019","Accesorio tuberia -885","Conexion especial","PIEZA","Tuberias y conexiones"
3596,"TUBE-1009","Accesorio tuberia -895","Conexion especial","PIEZA","Tuberias y conexiones"
3586,"TUBE-0999","Accesorio tuberia -905","Conexion especial","PIEZA","Tuberias y conexiones"
3576,"TUBE-0989","Accesorio tuberia -915","Conexion especial","PIEZA","Tuberias y conexiones"
3566,"TUBE-0979","Accesorio tuberia -925","Conexion especial","PIEZA","Tuberias y conexiones"
3556,"TUBE-0969","Accesorio tuberia -935","Conexion especial","PIEZA","Tuberias y conexiones"
3546,"TUBE-0959","Accesorio tuberia -945","Conexion especial","PIEZA","Tuberias y conexiones"
4396,"TUBE-1809","Accesorio tuberia -95","Conexion especial","PIEZA","Tuberias y conexiones"
4506,"TUBE-1919","Accesorio tuberia 15","Conexion especial","PIEZA","Tuberias y conexiones"
4516,"TUBE-1929","Accesorio tuberia 25","Conexion especial","PIEZA","Tuberias y conexiones"
4526,"TUBE-1939","Accesorio tuberia 35","Conexion especial","PIEZA","Tuberias y conexiones"
4536,"TUBE-1949","Accesorio tuberia 45","Conexion especial","PIEZA","Tuberias y conexiones"
4496,"TUBE-1909","Accesorio tuberia 5","Conexion especial","PIEZA","Tuberias y conexiones"
4546,"TUBE-1959","Accesorio tuberia 55","Conexion especial","PIEZA","Tuberias y conexiones"
4556,"TUBE-1969","Accesorio tuberia 65","Conexion especial","PIEZA","Tuberias y conexiones"
4566,"TUBE-1979","Accesorio tuberia 75","Conexion especial","PIEZA","Tuberias y conexiones"
4576,"TUBE-1989","Accesorio tuberia 85","Conexion especial","PIEZA","Tuberias y conexiones"
4586,"TUBE-1999","Accesorio tuberia 95","Conexion especial","PIEZA","Tuberias y conexiones"
3040,"TUBE-0453","Codo PVC 45° 1 1/2 CED 40","Cambio 45° 1 1/2in","PIEZA","Tuberias y conexiones"
3038,"TUBE-0451","Codo PVC 45° 1 CED 40","Cambio 45° 1in","PIEZA","Tuberias y conexiones"
3034,"TUBE-0447","Codo PVC 45° 1/2 CED 40","Cambio 45° 1/2in","PIEZA","Tuberias y conexiones"
3042,"TUBE-0455","Codo PVC 45° 2 CED 40","Cambio 45° 2in","PIEZA","Tuberias y conexiones"
3044,"TUBE-0457","Codo PVC 45° 3 CED 40","Cambio 45° 3in","PIEZA","Tuberias y conexiones"
3036,"TUBE-0449","Codo PVC 45° 3/4 CED 40","Cambio 45° 3/4in","PIEZA","Tuberias y conexiones"
3046,"TUBE-0459","Codo PVC 45° 4 CED 40","Cambio 45° 4in","PIEZA","Tuberias y conexiones"
3039,"TUBE-0452","Codo PVC 90° 1 1/2 CED 40","Cambio 90° 1 1/2in","PIEZA","Tuberias y conexiones"
3037,"TUBE-0450","Codo PVC 90° 1 CED 40","Cambio 90° 1in","PIEZA","Tuberias y conexiones"
3033,"TUBE-0446","Codo PVC 90° 1/2 CED 40","Cambio 90° 1/2in","PIEZA","Tuberias y conexiones"
3041,"TUBE-0454","Codo PVC 90° 2 CED 40","Cambio 90° 2in","PIEZA","Tuberias y conexiones"
3043,"TUBE-0456","Codo PVC 90° 3 CED 40","Cambio 90° 3in","PIEZA","Tuberias y conexiones"
3035,"TUBE-0448","Codo PVC 90° 3/4 CED 40","Cambio 90° 3/4in","PIEZA","Tuberias y conexiones"
3045,"TUBE-0458","Codo PVC 90° 4 CED 40","Cambio 90° 4in","PIEZA","Tuberias y conexiones"
3048,"TUBE-0461","Codo sanitario 45° 2in","Desague 45° 2in","PIEZA","Tuberias y conexiones"
3050,"TUBE-0463","Codo sanitario 45° 4in","Desague 45° 4in","PIEZA","Tuberias y conexiones"
3052,"TUBE-0465","Codo sanitario 45° 6in","Desague 45° 6in","PIEZA","Tuberias y conexiones"
3047,"TUBE-0460","Codo sanitario 90° 2in","Desague 90° 2in","PIEZA","Tuberias y conexiones"
3049,"TUBE-0462","Codo sanitario 90° 4in","Desague 90° 4in","PIEZA","Tuberias y conexiones"
3051,"TUBE-0464","Codo sanitario 90° 6in","Desague 90° 6in","PIEZA","Tuberias y conexiones"
3061,"TUBE-0474","Cople PVC 1 CED 40","Union recta 1in","PIEZA","Tuberias y conexiones"
3062,"TUBE-0475","Cople PVC 2 CED 40","Union recta 2in","PIEZA","Tuberias y conexiones"
3063,"TUBE-0476","Cople PVC 3 CED 40","Union recta 3in","PIEZA","Tuberias y conexiones"
3064,"TUBE-0477","Cople PVC 4 CED 40","Union recta 4in","PIEZA","Tuberias y conexiones"
3065,"TUBE-0478","Cople reparacion PVC 4","Reparaciones","PIEZA","Tuberias y conexiones"
3093,"TUBE-0506","Escalon polipropileno","Peldaño pozos","PIEZA","Tuberias y conexiones"
3092,"TUBE-0505","Marco tapa HD SAPAS","Brocal pozo visita","PIEZA","Tuberias y conexiones"
3070,"TUBE-0483","Reduccion PVC 2x1","Cambio diametro 2x1","PIEZA","Tuberias y conexiones"
3071,"TUBE-0484","Reduccion PVC 3x2","Cambio diametro 3x2","PIEZA","Tuberias y conexiones"
3073,"TUBE-0486","Reduccion PVC 4x2","Cambio diametro 4x2","PIEZA","Tuberias y conexiones"
3072,"TUBE-0485","Reduccion PVC 4x3","Cambio diametro 4x3","PIEZA","Tuberias y conexiones"
3074,"TUBE-0487","Reduccion PVC 6x4","Cambio diametro 6x4","PIEZA","Tuberias y conexiones"
3088,"TUBE-0501","Registro sanitario 40x60","Caja concreto pequeño","PIEZA","Tuberias y conexiones"
3089,"TUBE-0502","Registro sanitario 60x60","Caja concreto mediano","PIEZA","Tuberias y conexiones"
3090,"TUBE-0503","Registro sanitario 60x90","Caja concreto grande","PIEZA","Tuberias y conexiones"
3091,"TUBE-0504","Tapa HD 60x60","Hierro ductil trafico","PIEZA","Tuberias y conexiones"
3055,"TUBE-0468","Tee PVC 1 CED 40","Conexion T 1in","PIEZA","Tuberias y conexiones"
3053,"TUBE-0466","Tee PVC 1/2 CED 40","Conexion T 1/2in","PIEZA","Tuberias y conexiones"
3056,"TUBE-0469","Tee PVC 2 CED 40","Conexion T 2in","PIEZA","Tuberias y conexiones"
3057,"TUBE-0470","Tee PVC 3 CED 40","Conexion T 3in","PIEZA","Tuberias y conexiones"
3054,"TUBE-0467","Tee PVC 3/4 CED 40","Conexion T 3/4in","PIEZA","Tuberias y conexiones"
3058,"TUBE-0471","Tee PVC 4 CED 40","Conexion T 4in","PIEZA","Tuberias y conexiones"
3059,"TUBE-0472","Tee sanitaria 4 pulgadas","T sanitaria 4in","PIEZA","Tuberias y conexiones"
3060,"TUBE-0473","Tee sanitaria 6 pulgadas","T sanitaria 6in","PIEZA","Tuberias y conexiones"
3026,"TUBE-0439","Tubo concreto reforzado 120 cm","Armado 120cm","METRO_LINEAL","Tuberias y conexiones"
3022,"TUBE-0435","Tubo concreto reforzado 60 cm","Armado 60cm","METRO_LINEAL","Tuberias y conexiones"
3024,"TUBE-0437","Tubo concreto reforzado 90 cm","Armado 90cm","METRO_LINEAL","Tuberias y conexiones"
3025,"TUBE-0438","Tubo concreto simple 120 cm","Drenaje concreto 120cm","METRO_LINEAL","Tuberias y conexiones"
3019,"TUBE-0432","Tubo concreto simple 30 cm","Drenaje concreto 30cm","METRO_LINEAL","Tuberias y conexiones"
3020,"TUBE-0433","Tubo concreto simple 45 cm","Drenaje concreto 45cm","METRO_LINEAL","Tuberias y conexiones"
3021,"TUBE-0434","Tubo concreto simple 60 cm","Drenaje concreto 60cm","METRO_LINEAL","Tuberias y conexiones"
3023,"TUBE-0436","Tubo concreto simple 90 cm","Drenaje concreto 90cm","METRO_LINEAL","Tuberias y conexiones"
3012,"TUBE-0425","Tubo corrugado ADS 10 pulgadas","Drenaje flexible 10in","METRO_LINEAL","Tuberias y conexiones"
3013,"TUBE-0426","Tubo corrugado ADS 12 pulgadas","Drenaje flexible 12in","METRO_LINEAL","Tuberias y conexiones"
3014,"TUBE-0427","Tubo corrugado ADS 15 pulgadas","Drenaje flexible 15in","METRO_LINEAL","Tuberias y conexiones"
3015,"TUBE-0428","Tubo corrugado ADS 18 pulgadas","Drenaje flexible 18in","METRO_LINEAL","Tuberias y conexiones"
3016,"TUBE-0429","Tubo corrugado ADS 24 pulgadas","Drenaje flexible 24in","METRO_LINEAL","Tuberias y conexiones"
3017,"TUBE-0430","Tubo corrugado ADS 30 pulgadas","Drenaje flexible 30in","METRO_LINEAL","Tuberias y conexiones"
3018,"TUBE-0431","Tubo corrugado ADS 36 pulgadas","Drenaje flexible 36in","METRO_LINEAL","Tuberias y conexiones"
3009,"TUBE-0422","Tubo corrugado ADS 4 pulgadas","Drenaje flexible 4in","METRO_LINEAL","Tuberias y conexiones"
3010,"TUBE-0423","Tubo corrugado ADS 6 pulgadas","Drenaje flexible 6in","METRO_LINEAL","Tuberias y conexiones"
3011,"TUBE-0424","Tubo corrugado ADS 8 pulgadas","Drenaje flexible 8in","METRO_LINEAL","Tuberias y conexiones"
3031,"TUBE-0444","Tubo galvanizado 1 1/2 pulgada","Acero galv 1 1/2in","METRO_LINEAL","Tuberias y conexiones"
3030,"TUBE-0443","Tubo galvanizado 1 1/4 pulgada","Acero galv 1 1/4in","METRO_LINEAL","Tuberias y conexiones"
3029,"TUBE-0442","Tubo galvanizado 1 pulgada","Acero galv 1in","METRO_LINEAL","Tuberias y conexiones"
3027,"TUBE-0440","Tubo galvanizado 1/2 pulgada","Acero galv 1/2in","METRO_LINEAL","Tuberias y conexiones"
3032,"TUBE-0445","Tubo galvanizado 2 pulgada","Acero galv 2in","METRO_LINEAL","Tuberias y conexiones"
3028,"TUBE-0441","Tubo galvanizado 3/4 pulgada","Acero galv 3/4in","METRO_LINEAL","Tuberias y conexiones"
3004,"TUBE-0417","Tubo PEAD 2 RD-11","Polietileno 2in","METRO_LINEAL","Tuberias y conexiones"
3005,"TUBE-0418","Tubo PEAD 3 RD-11","Polietileno 3in","METRO_LINEAL","Tuberias y conexiones"
3006,"TUBE-0419","Tubo PEAD 4 RD-11","Polietileno 4in","METRO_LINEAL","Tuberias y conexiones"
3007,"TUBE-0420","Tubo PEAD 6 RD-11","Polietileno 6in","METRO_LINEAL","Tuberias y conexiones"
3008,"TUBE-0421","Tubo PEAD 8 RD-11","Polietileno 8in","METRO_LINEAL","Tuberias y conexiones"
2989,"TUBE-0402","Tubo PVC hidraulico 1 1/2 CED 40","Agua potable 1 1/2in","METRO_LINEAL","Tuberias y conexiones"
2988,"TUBE-0401","Tubo PVC hidraulico 1 1/4 CED 40","Agua potable 1 1/4in","METRO_LINEAL","Tuberias y conexiones"
2987,"TUBE-0400","Tubo PVC hidraulico 1 CED 40","Agua potable 1in","METRO_LINEAL","Tuberias y conexiones"
2985,"TUBE-0398","Tubo PVC hidraulico 1/2 CED 40","Agua potable 1/2in","METRO_LINEAL","Tuberias y conexiones"
2996,"TUBE-0409","Tubo PVC hidraulico 10 CED 40","Agua potable 10in","METRO_LINEAL","Tuberias y conexiones"
2991,"TUBE-0404","Tubo PVC hidraulico 2 1/2 CED 40","Agua potable 2 1/2in","METRO_LINEAL","Tuberias y conexiones"
2990,"TUBE-0403","Tubo PVC hidraulico 2 CED 40","Agua potable 2in","METRO_LINEAL","Tuberias y conexiones"
2992,"TUBE-0405","Tubo PVC hidraulico 3 CED 40","Agua potable 3in","METRO_LINEAL","Tuberias y conexiones"
2986,"TUBE-0399","Tubo PVC hidraulico 3/4 CED 40","Agua potable 3/4in","METRO_LINEAL","Tuberias y conexiones"
2993,"TUBE-0406","Tubo PVC hidraulico 4 CED 40","Agua potable 4in","METRO_LINEAL","Tuberias y conexiones"
2994,"TUBE-0407","Tubo PVC hidraulico 6 CED 40","Agua potable 6in","METRO_LINEAL","Tuberias y conexiones"
2995,"TUBE-0408","Tubo PVC hidraulico 8 CED 40","Agua potable 8in","METRO_LINEAL","Tuberias y conexiones"
3002,"TUBE-0415","Tubo PVC sanitario 10 pulgadas","Desague 10in","METRO_LINEAL","Tuberias y conexiones"
3003,"TUBE-0416","Tubo PVC sanitario 12 pulgadas","Desague 12in","METRO_LINEAL","Tuberias y conexiones"
2997,"TUBE-0410","Tubo PVC sanitario 2 pulgadas","Desague 2in","METRO_LINEAL","Tuberias y conexiones"
2998,"TUBE-0411","Tubo PVC sanitario 3 pulgadas","Desague 3in","METRO_LINEAL","Tuberias y conexiones"
2999,"TUBE-0412","Tubo PVC sanitario 4 pulgadas","Desague 4in","METRO_LINEAL","Tuberias y conexiones"
3000,"TUBE-0413","Tubo PVC sanitario 6 pulgadas","Desague 6in","METRO_LINEAL","Tuberias y conexiones"
3001,"TUBE-0414","Tubo PVC sanitario 8 pulgadas","Desague 8in","METRO_LINEAL","Tuberias y conexiones"
3067,"TUBE-0480","Union Gibault 4in","Mecanica 4in","PIEZA","Tuberias y conexiones"
3068,"TUBE-0481","Union Gibault 6in","Mecanica 6in","PIEZA","Tuberias y conexiones"
3069,"TUBE-0482","Union Gibault 8in","Mecanica 8in","PIEZA","Tuberias y conexiones"
3066,"TUBE-0479","Union universal PVC 2","Desmontable","PIEZA","Tuberias y conexiones"
3085,"TUBE-0498","Valvula aire 2in","Ventosa","PIEZA","Tuberias y conexiones"
3082,"TUBE-0495","Valvula check bronce 2in","Retencion","PIEZA","Tuberias y conexiones"
3083,"TUBE-0496","Valvula check hierro 4in","Bombas","PIEZA","Tuberias y conexiones"
3075,"TUBE-0488","Valvula compuerta bronce 2in","Corte bronce 2in","PIEZA","Tuberias y conexiones"
3076,"TUBE-0489","Valvula compuerta bronce 3in","Corte bronce 3in","PIEZA","Tuberias y conexiones"
3077,"TUBE-0490","Valvula compuerta bronce 4in","Corte bronce 4in","PIEZA","Tuberias y conexiones"
3081,"TUBE-0494","Valvula compuerta hierro 10in","HD 10in","PIEZA","Tuberias y conexiones"
3078,"TUBE-0491","Valvula compuerta hierro 4in","HD 4in","PIEZA","Tuberias y conexiones"
3079,"TUBE-0492","Valvula compuerta hierro 6in","HD 6in","PIEZA","Tuberias y conexiones"
3080,"TUBE-0493","Valvula compuerta hierro 8in","HD 8in","PIEZA","Tuberias y conexiones"
3086,"TUBE-0499","Valvula desague 4in","Purga","PIEZA","Tuberias y conexiones"
3084,"TUBE-0497","Valvula globo bronce 2in","Regulacion","PIEZA","Tuberias y conexiones"
3087,"TUBE-0500","Valvula reductora presion 2in","Control presion","PIEZA","Tuberias y conexiones"
5674,"VIDR-0040","Acrilico transparente 3mm m2","Plexiglas","M2","Vidrio y aluminio"
5648,"VIDR-0014","Angulo aluminio 1.5x1.5 pulgada 6m","Natural","TRAMO","Vidrio y aluminio"
5647,"VIDR-0013","Angulo aluminio 1x1 pulgada 6m","Natural","TRAMO","Vidrio y aluminio"
5669,"VIDR-0035","Bisagra pivote para vidrio templado","Acero inox","PIEZA","Vidrio y aluminio"
5659,"VIDR-0025","Cancel de baño 180x180","Aluminio","PIEZA","Vidrio y aluminio"
5670,"VIDR-0036","Cerradura para puerta vidrio","Aluminio","PIEZA","Vidrio y aluminio"
5654,"VIDR-0020","Contramarco ventana 6m","Aluminio","TRAMO","Vidrio y aluminio"
5666,"VIDR-0032","Cortador de vidrio","Manual","PIEZA","Vidrio y aluminio"
5642,"VIDR-0008","Espejo 3mm m2","Para baño","M2","Vidrio y aluminio"
5643,"VIDR-0009","Espejo 4mm m2","Decorativo","M2","Vidrio y aluminio"
5664,"VIDR-0030","Felpa para ventana rollo 100m","7mm","ROLLO","Vidrio y aluminio"
5662,"VIDR-0028","Jaladeta para ventana","Aluminio","PIEZA","Vidrio y aluminio"
5653,"VIDR-0019","Jamba ventana 6m","Aluminio","TRAMO","Vidrio y aluminio"
5672,"VIDR-0038","Marco mosquitero 100x100","Armado","PIEZA","Vidrio y aluminio"
5671,"VIDR-0037","Mosquitero aluminio m2","Fibra vidrio","M2","Vidrio y aluminio"
5644,"VIDR-0010","Perfil aluminio natural 1 pulgada 6m","Tubular cuadrado","TRAMO","Vidrio y aluminio"
5645,"VIDR-0011","Perfil aluminio natural 1.5 pulgada 6m","Tubular cuadrado","TRAMO","Vidrio y aluminio"
5646,"VIDR-0012","Perfil aluminio natural 2 pulgadas 6m","Tubular cuadrado","TRAMO","Vidrio y aluminio"
5650,"VIDR-0016","Perfil ventana corrediza 3 pulgadas 6m","Natural","TRAMO","Vidrio y aluminio"
5673,"VIDR-0039","Policarbonato celular 6mm m2","Transparente","M2","Vidrio y aluminio"
5660,"VIDR-0026","Puerta cancel aluminio 90x210","Corrediza","PIEZA","Vidrio y aluminio"
5651,"VIDR-0017","Riel inferior ventana 6m","Aluminio","TRAMO","Vidrio y aluminio"
5652,"VIDR-0018","Riel superior ventana 6m","Aluminio","TRAMO","Vidrio y aluminio"
5663,"VIDR-0029","Rueda para cancel par","Nylon","PAR","Vidrio y aluminio"
5661,"VIDR-0027","Seguro para ventana corrediza","Aluminio","PIEZA","Vidrio y aluminio"
5665,"VIDR-0031","Silicon para vidrio transparente","Cartucho","PIEZA","Vidrio y aluminio"
5649,"VIDR-0015","Solera aluminio 1 pulgada 6m","Plana","TRAMO","Vidrio y aluminio"
5655,"VIDR-0021","Ventana corrediza aluminio 100x100","Con vidrio","PIEZA","Vidrio y aluminio"
5656,"VIDR-0022","Ventana corrediza aluminio 120x120","Con vidrio","PIEZA","Vidrio y aluminio"
5657,"VIDR-0023","Ventana corrediza aluminio 150x120","Con vidrio","PIEZA","Vidrio y aluminio"
5658,"VIDR-0024","Ventana proyectante aluminio 60x40","Baños","PIEZA","Vidrio y aluminio"
5668,"VIDR-0034","Ventosa para vidrio doble","60kg","PIEZA","Vidrio y aluminio"
5667,"VIDR-0033","Ventosa para vidrio simple","30kg","PIEZA","Vidrio y aluminio"
5635,"VIDR-0001","Vidrio claro 3mm m2","Transparente","M2","Vidrio y aluminio"
5636,"VIDR-0002","Vidrio claro 4mm m2","Transparente","M2","Vidrio y aluminio"
5637,"VIDR-0003","Vidrio claro 6mm m2","Transparente","M2","Vidrio y aluminio"
5639,"VIDR-0005","Vidrio esmerilado 4mm m2","Privacidad","M2","Vidrio y aluminio"
5638,"VIDR-0004","Vidrio filtrasol 6mm m2","Tintado","M2","Vidrio y aluminio"
5641,"VIDR-0007","Vidrio templado 10mm m2","Seguridad","M2","Vidrio y aluminio"
5640,"VIDR-0006","Vidrio templado 6mm m2","Seguridad","M2","Vidrio y aluminio"